timestamp,rb_id,pos_x,pos_y,pos_z,quat_x,quat_y,quat_z,quat_w
73.6797122955322,1,-0.488759845495224,-0.541392982006073,0.160781413316727,0.0283819511532784,0.566459000110626,-0.813897132873535,0.126056849956512
73.7050883769989,1,-0.488759845495224,-0.541392982006073,0.160781413316727,0.0283819511532784,0.566459000110626,-0.813897132873535,0.126056849956512
73.7198257446289,1,-0.488759845495224,-0.541392982006073,0.160781413316727,0.0283819511532784,0.566459000110626,-0.813897132873535,0.126056849956512
73.7403981685638,1,-0.488759845495224,-0.541392982006073,0.160781413316727,0.0283819511532784,0.566459000110626,-0.813897132873535,0.126056849956512
73.7710537910461,1,-0.488759845495224,-0.541392982006073,0.160781413316727,0.0283819511532784,0.566459000110626,-0.813897132873535,0.126056849956512
73.7834820747375,1,-0.488759845495224,-0.541392982006073,0.160781413316727,0.0283819511532784,0.566459000110626,-0.813897132873535,0.126056849956512
73.8000700473785,1,-0.488759845495224,-0.541392982006073,0.160781413316727,0.0283819511532784,0.566459000110626,-0.813897132873535,0.126056849956512
73.8204023838043,1,-0.488759845495224,-0.541392982006073,0.160781413316727,0.0283819511532784,0.566459000110626,-0.813897132873535,0.126056849956512
73.852058172226,1,-0.488759845495224,-0.541392982006073,0.160781413316727,0.0283819511532784,0.566459000110626,-0.813897132873535,0.126056849956512
73.8608250617981,1,-0.488759845495224,-0.541392982006073,0.160781413316727,0.0283819511532784,0.566459000110626,-0.813897132873535,0.126056849956512
73.8798923492432,1,-0.488759845495224,-0.541392982006073,0.160781413316727,0.0283819511532784,0.566459000110626,-0.813897132873535,0.126056849956512
73.9034819602966,1,-0.488759845495224,-0.541392982006073,0.160781413316727,0.0283819511532784,0.566459000110626,-0.813897132873535,0.126056849956512
73.9255011081696,1,-0.488759845495224,-0.541392982006073,0.160781413316727,0.0283819511532784,0.566459000110626,-0.813897132873535,0.126056849956512
73.941371679306,1,-0.488759845495224,-0.541392982006073,0.160781413316727,0.0283819511532784,0.566459000110626,-0.813897132873535,0.126056849956512
73.9601407051086,1,-0.488759845495224,-0.541392982006073,0.160781413316727,0.0283819511532784,0.566459000110626,-0.813897132873535,0.126056849956512
73.9811050891876,1,-0.488759845495224,-0.541392982006073,0.160781413316727,0.0283819511532784,0.566459000110626,-0.813897132873535,0.126056849956512
74.0007514953613,1,-0.488759845495224,-0.541392982006073,0.160781413316727,0.0283819511532784,0.566459000110626,-0.813897132873535,0.126056849956512
74.0197863578796,1,-0.488759845495224,-0.541392982006073,0.160781413316727,0.0283819511532784,0.566459000110626,-0.813897132873535,0.126056849956512
74.04039311409,1,-0.488759845495224,-0.541392982006073,0.160781413316727,0.0283819511532784,0.566459000110626,-0.813897132873535,0.126056849956512
74.0662715435028,1,-0.488759845495224,-0.541392982006073,0.160781413316727,0.0283819511532784,0.566459000110626,-0.813897132873535,0.126056849956512
74.0800139904022,1,-0.488759845495224,-0.541392982006073,0.160781413316727,0.0283819511532784,0.566459000110626,-0.813897132873535,0.126056849956512
74.0997769832611,1,-0.488759845495224,-0.541392982006073,0.160781413316727,0.0283819511532784,0.566459000110626,-0.813897132873535,0.126056849956512
74.1320106983185,1,-0.488759845495224,-0.541392982006073,0.160781413316727,0.0283819511532784,0.566459000110626,-0.813897132873535,0.126056849956512
74.1421144008636,1,-0.488759845495224,-0.541392982006073,0.160781413316727,0.0283819511532784,0.566459000110626,-0.813897132873535,0.126056849956512
74.1600444316864,1,-0.488759845495224,-0.541392982006073,0.160781413316727,0.0283819511532784,0.566459000110626,-0.813897132873535,0.126056849956512
74.1804733276367,1,-0.488759845495224,-0.541392982006073,0.160781413316727,0.0283819511532784,0.566459000110626,-0.813897132873535,0.126056849956512
74.2065193653107,1,-0.488759845495224,-0.541392982006073,0.160781413316727,0.0283819511532784,0.566459000110626,-0.813897132873535,0.126056849956512
74.2213349342346,1,-0.488759845495224,-0.541392982006073,0.160781413316727,0.0283819511532784,0.566459000110626,-0.813897132873535,0.126056849956512
74.2401368618011,1,-0.488759845495224,-0.541392982006073,0.160781413316727,0.0283819511532784,0.566459000110626,-0.813897132873535,0.126056849956512
74.2721316814423,1,-0.488759845495224,-0.541392982006073,0.160781413316727,0.0283819511532784,0.566459000110626,-0.813897132873535,0.126056849956512
74.2831046581268,1,-0.488759845495224,-0.541392982006073,0.160781413316727,0.0283819511532784,0.566459000110626,-0.813897132873535,0.126056849956512
74.2999272346497,1,-0.488759845495224,-0.541392982006073,0.160781413316727,0.0283819511532784,0.566459000110626,-0.813897132873535,0.126056849956512
74.3195099830627,1,-0.488759845495224,-0.541392982006073,0.160781413316727,0.0283819511532784,0.566459000110626,-0.813897132873535,0.126056849956512
74.3443615436554,1,-0.488759845495224,-0.541392982006073,0.160781413316727,0.0283819511532784,0.566459000110626,-0.813897132873535,0.126056849956512
74.3605968952179,1,-0.488759845495224,-0.541392982006073,0.160781413316727,0.0283819511532784,0.566459000110626,-0.813897132873535,0.126056849956512
74.3803963661194,1,-0.488759845495224,-0.541392982006073,0.160781413316727,0.0283819511532784,0.566459000110626,-0.813897132873535,0.126056849956512
74.4047110080719,1,-0.488759845495224,-0.541392982006073,0.160781413316727,0.0283819511532784,0.566459000110626,-0.813897132873535,0.126056849956512
74.4198439121246,1,-0.488759845495224,-0.541392982006073,0.160781413316727,0.0283819511532784,0.566459000110626,-0.813897132873535,0.126056849956512
74.4419271945953,1,-0.488759845495224,-0.541392982006073,0.160781413316727,0.0283819511532784,0.566459000110626,-0.813897132873535,0.126056849956512
74.4604804515839,1,-0.488759845495224,-0.541392982006073,0.160781413316727,0.0283819511532784,0.566459000110626,-0.813897132873535,0.126056849956512
74.4790194034576,1,-0.488759845495224,-0.541392982006073,0.160781413316727,0.0283819511532784,0.566459000110626,-0.813897132873535,0.126056849956512
74.5093426704407,1,-0.488759845495224,-0.541392982006073,0.160781413316727,0.0283819511532784,0.566459000110626,-0.813897132873535,0.126056849956512
74.5188727378845,1,-0.488759845495224,-0.541392982006073,0.160781413316727,0.0283819511532784,0.566459000110626,-0.813897132873535,0.126056849956512
74.5402016639709,1,-0.488759845495224,-0.541392982006073,0.160781413316727,0.0283819511532784,0.566459000110626,-0.813897132873535,0.126056849956512
74.576075553894,1,-0.488759845495224,-0.541392982006073,0.160781413316727,0.0283819511532784,0.566459000110626,-0.813897132873535,0.126056849956512
74.5842256546021,1,-0.488759845495224,-0.541392982006073,0.160781413316727,0.0283819511532784,0.566459000110626,-0.813897132873535,0.126056849956512
74.6009259223938,1,-0.488759845495224,-0.541392982006073,0.160781413316727,0.0283819511532784,0.566459000110626,-0.813897132873535,0.126056849956512
74.620377779007,1,-0.488759845495224,-0.541392982006073,0.160781413316727,0.0283819511532784,0.566459000110626,-0.813897132873535,0.126056849956512
74.6452708244324,1,-0.488759845495224,-0.541392982006073,0.160781413316727,0.0283819511532784,0.566459000110626,-0.813897132873535,0.126056849956512
74.6601617336273,1,-0.488759845495224,-0.541392982006073,0.160781413316727,0.0283819511532784,0.566459000110626,-0.813897132873535,0.126056849956512
74.6810626983643,1,-0.488759845495224,-0.541392982006073,0.160781413316727,0.0283819511532784,0.566459000110626,-0.813897132873535,0.126056849956512
74.7122666835785,1,-0.488759845495224,-0.541392982006073,0.160781413316727,0.0283819511532784,0.566459000110626,-0.813897132873535,0.126056849956512
74.7231669425964,1,-0.488759845495224,-0.541392982006073,0.160781413316727,0.0283819511532784,0.566459000110626,-0.813897132873535,0.126056849956512
74.7406876087189,1,-0.488759845495224,-0.541392982006073,0.160781413316727,0.0283819511532784,0.566459000110626,-0.813897132873535,0.126056849956512
74.7793464660645,1,-0.488759845495224,-0.541392982006073,0.160781413316727,0.0283819511532784,0.566459000110626,-0.813897132873535,0.126056849956512
74.7805967330933,1,-0.488759845495224,-0.541392982006073,0.160781413316727,0.0283819511532784,0.566459000110626,-0.813897132873535,0.126056849956512
74.7998037338257,1,-0.488759845495224,-0.541392982006073,0.160781413316727,0.0283819511532784,0.566459000110626,-0.813897132873535,0.126056849956512
74.8203513622284,1,-0.488759845495224,-0.541392982006073,0.160781413316727,0.0283819511532784,0.566459000110626,-0.813897132873535,0.126056849956512
74.8522427082062,1,-0.488759845495224,-0.541392982006073,0.160781413316727,0.0283819511532784,0.566459000110626,-0.813897132873535,0.126056849956512
74.8601100444794,1,-0.488759845495224,-0.541392982006073,0.160781413316727,0.0283819511532784,0.566459000110626,-0.813897132873535,0.126056849956512
74.8810398578644,1,-0.488759845495224,-0.541392982006073,0.160781413316727,0.0283819511532784,0.566459000110626,-0.813897132873535,0.126056849956512
74.9033179283142,1,-0.488759845495224,-0.541392982006073,0.160781413316727,0.0283819511532784,0.566459000110626,-0.813897132873535,0.126056849956512
74.9212212562561,1,-0.488759845495224,-0.541392982006073,0.160781413316727,0.0283819511532784,0.566459000110626,-0.813897132873535,0.126056849956512
74.9409260749817,1,-0.488759845495224,-0.541392982006073,0.160781413316727,0.0283819511532784,0.566459000110626,-0.813897132873535,0.126056849956512
74.9602301120758,1,-0.488759845495224,-0.541392982006073,0.160781413316727,0.0283819511532784,0.566459000110626,-0.813897132873535,0.126056849956512
74.9864635467529,1,-0.488759845495224,-0.541392982006073,0.160781413316727,0.0283819511532784,0.566459000110626,-0.813897132873535,0.126056849956512
74.9996752738953,1,-0.488759845495224,-0.541392982006073,0.160781413316727,0.0283819511532784,0.566459000110626,-0.813897132873535,0.126056849956512
75.019907951355,1,-0.488759845495224,-0.541392982006073,0.160781413316727,0.0283819511532784,0.566459000110626,-0.813897132873535,0.126056849956512
75.0516543388367,1,-0.488759845495224,-0.541392982006073,0.160781413316727,0.0283819511532784,0.566459000110626,-0.813897132873535,0.126056849956512
75.0623710155487,1,-0.488759845495224,-0.541392982006073,0.160781413316727,0.0283819511532784,0.566459000110626,-0.813897132873535,0.126056849956512
75.0804364681244,1,-0.488759845495224,-0.541392982006073,0.160781413316727,0.0283819511532784,0.566459000110626,-0.813897132873535,0.126056849956512
75.1005117893219,1,-0.488759845495224,-0.541392982006073,0.160781413316727,0.0283819511532784,0.566459000110626,-0.813897132873535,0.126056849956512
75.1222779750824,1,-0.488759845495224,-0.541392982006073,0.160781413316727,0.0283819511532784,0.566459000110626,-0.813897132873535,0.126056849956512
75.1401300430298,1,-0.488759845495224,-0.541392982006073,0.160781413316727,0.0283819511532784,0.566459000110626,-0.813897132873535,0.126056849956512
75.1602470874786,1,-0.488759845495224,-0.541392982006073,0.160781413316727,0.0283819511532784,0.566459000110626,-0.813897132873535,0.126056849956512
75.1981112957001,1,-0.488759845495224,-0.541392982006073,0.160781413316727,0.0283819511532784,0.566459000110626,-0.813897132873535,0.126056849956512
75.2020337581635,1,-0.488759845495224,-0.541392982006073,0.160781413316727,0.0283819511532784,0.566459000110626,-0.813897132873535,0.126056849956512
75.2203347682953,1,-0.488759845495224,-0.541392982006073,0.160781413316727,0.0283819511532784,0.566459000110626,-0.813897132873535,0.126056849956512
75.2402107715607,1,-0.488759845495224,-0.541392982006073,0.160781413316727,0.0283819511532784,0.566459000110626,-0.813897132873535,0.126056849956512
75.2708263397217,1,-0.488759845495224,-0.541392982006073,0.160781413316727,0.0283819511532784,0.566459000110626,-0.813897132873535,0.126056849956512
75.2800545692444,1,-0.488759845495224,-0.541392982006073,0.160781413316727,0.0283819511532784,0.566459000110626,-0.813897132873535,0.126056849956512
75.2995357513428,1,-0.488759845495224,-0.541392982006073,0.160781413316727,0.0283819511532784,0.566459000110626,-0.813897132873535,0.126056849956512
75.3234553337097,1,-0.488759845495224,-0.541392982006073,0.160781413316727,0.0283819511532784,0.566459000110626,-0.813897132873535,0.126056849956512
75.3439929485321,1,-0.488759845495224,-0.541392982006073,0.160781413316727,0.0283819511532784,0.566459000110626,-0.813897132873535,0.126056849956512
75.3602502346039,1,-0.488759845495224,-0.541392982006073,0.160781413316727,0.0283819511532784,0.566459000110626,-0.813897132873535,0.126056849956512
75.3802371025085,1,-0.488759845495224,-0.541392982006073,0.160781413316727,0.0283819511532784,0.566459000110626,-0.813897132873535,0.126056849956512
75.4105322360992,1,-0.488759845495224,-0.541392982006073,0.160781413316727,0.0283819511532784,0.566459000110626,-0.813897132873535,0.126056849956512
75.4200117588043,1,-0.488759845495224,-0.541392982006073,0.160781413316727,0.0283819511532784,0.566459000110626,-0.813897132873535,0.126056849956512
75.4402093887329,1,-0.488759845495224,-0.541392982006073,0.160781413316727,0.0283819511532784,0.566459000110626,-0.813897132873535,0.126056849956512
75.462423324585,1,-0.488759845495224,-0.541392982006073,0.160781413316727,0.0283819511532784,0.566459000110626,-0.813897132873535,0.126056849956512
75.4804031848907,1,-0.488759845495224,-0.541392982006073,0.160781413316727,0.0283819511532784,0.566459000110626,-0.813897132873535,0.126056849956512
75.5003204345703,1,-0.488759845495224,-0.541392982006073,0.160781413316727,0.0283819511532784,0.566459000110626,-0.813897132873535,0.126056849956512
75.5197849273682,1,-0.488759845495224,-0.541392982006073,0.160781413316727,0.0283819511532784,0.566459000110626,-0.813897132873535,0.126056849956512
75.5472095012665,1,-0.488759845495224,-0.541392982006073,0.160781413316727,0.0283819511532784,0.566459000110626,-0.813897132873535,0.126056849956512
75.5602278709412,1,-0.488759845495224,-0.541392982006073,0.160781413316727,0.0283819511532784,0.566459000110626,-0.813897132873535,0.126056849956512
75.5807642936707,1,-0.488759845495224,-0.541392982006073,0.160781413316727,0.0283819511532784,0.566459000110626,-0.813897132873535,0.126056849956512
75.6113810539246,1,-0.488759845495224,-0.541392982006073,0.160781413316727,0.0283819511532784,0.566459000110626,-0.813897132873535,0.126056849956512
75.620857000351,1,-0.488759845495224,-0.541392982006073,0.160781413316727,0.0283819511532784,0.566459000110626,-0.813897132873535,0.126056849956512
75.6403846740723,1,-0.488759845495224,-0.541392982006073,0.160781413316727,0.0283819511532784,0.566459000110626,-0.813897132873535,0.126056849956512
75.6612522602081,1,-0.488759845495224,-0.541392982006073,0.160781413316727,0.0283819511532784,0.566459000110626,-0.813897132873535,0.126056849956512
75.680789232254,1,-0.488759845495224,-0.541392982006073,0.160781413316727,0.0283819511532784,0.566459000110626,-0.813897132873535,0.126056849956512
75.6999666690826,1,-0.488759845495224,-0.541392982006073,0.160781413316727,0.0283819511532784,0.566459000110626,-0.813897132873535,0.126056849956512
75.7198507785797,1,-0.488759845495224,-0.541392982006073,0.160781413316727,0.0283819511532784,0.566459000110626,-0.813897132873535,0.126056849956512
75.7475764751434,1,-0.488759845495224,-0.541392982006073,0.160781413316727,0.0283819511532784,0.566459000110626,-0.813897132873535,0.126056849956512
75.7600922584534,1,-0.488759845495224,-0.541392982006073,0.160781413316727,0.0283819511532784,0.566459000110626,-0.813897132873535,0.126056849956512
75.7799491882324,1,-0.488759845495224,-0.541392982006073,0.160781413316727,0.0283819511532784,0.566459000110626,-0.813897132873535,0.126056849956512
75.8006153106689,1,-0.488759845495224,-0.541392982006073,0.160781413316727,0.0283819511532784,0.566459000110626,-0.813897132873535,0.126056849956512
75.823495388031,1,-0.488759845495224,-0.541392982006073,0.160781413316727,0.0283819511532784,0.566459000110626,-0.813897132873535,0.126056849956512
75.8396134376526,1,-0.488759845495224,-0.541392982006073,0.160781413316727,0.0283819511532784,0.566459000110626,-0.813897132873535,0.126056849956512
75.8594655990601,1,-0.488759845495224,-0.541392982006073,0.160781413316727,0.0283819511532784,0.566459000110626,-0.813897132873535,0.126056849956512
75.8842887878418,1,-0.488759845495224,-0.541392982006073,0.160781413316727,0.0283819511532784,0.566459000110626,-0.813897132873535,0.126056849956512
75.9011559486389,1,-0.488759845495224,-0.541392982006073,0.160781413316727,0.0283819511532784,0.566459000110626,-0.813897132873535,0.126056849956512
75.9211533069611,1,-0.488759845495224,-0.541392982006073,0.160781413316727,0.0283819511532784,0.566459000110626,-0.813897132873535,0.126056849956512
75.9514908790588,1,-0.488759845495224,-0.541392982006073,0.160781413316727,0.0283819511532784,0.566459000110626,-0.813897132873535,0.126056849956512
75.9622392654419,1,-0.488759845495224,-0.541392982006073,0.160781413316727,0.0283819511532784,0.566459000110626,-0.813897132873535,0.126056849956512
75.9799866676331,1,-0.488759845495224,-0.541392982006073,0.160781413316727,0.0283819511532784,0.566459000110626,-0.813897132873535,0.126056849956512
76.0048267841339,1,-0.488759845495224,-0.541392982006073,0.160781413316727,0.0283819511532784,0.566459000110626,-0.813897132873535,0.126056849956512
76.0213937759399,1,-0.488759845495224,-0.541392982006073,0.160781413316727,0.0283819511532784,0.566459000110626,-0.813897132873535,0.126056849956512
76.0403988361359,1,-0.488759845495224,-0.541392982006073,0.160781413316727,0.0283819511532784,0.566459000110626,-0.813897132873535,0.126056849956512
76.0641295909882,1,-0.488759845495224,-0.541392982006073,0.160781413316727,0.0283819511532784,0.566459000110626,-0.813897132873535,0.126056849956512
76.0790853500366,1,-0.488759845495224,-0.541392982006073,0.160781413316727,0.0283819511532784,0.566459000110626,-0.813897132873535,0.126056849956512
76.1065099239349,1,-0.488759845495224,-0.541392982006073,0.160781413316727,0.0283819511532784,0.566459000110626,-0.813897132873535,0.126056849956512
76.1188337802887,1,-0.488759845495224,-0.541392982006073,0.160781413316727,0.0283819511532784,0.566459000110626,-0.813897132873535,0.126056849956512
76.1449792385101,1,-0.488759845495224,-0.541392982006073,0.160781413316727,0.0283819511532784,0.566459000110626,-0.813897132873535,0.126056849956512
76.1591196060181,1,-0.488759845495224,-0.541392982006073,0.160781413316727,0.0283819511532784,0.566459000110626,-0.813897132873535,0.126056849956512
76.1885738372803,1,-0.488759845495224,-0.541392982006073,0.160781413316727,0.0283819511532784,0.566459000110626,-0.813897132873535,0.126056849956512
76.2008810043335,1,-0.488759845495224,-0.541392982006073,0.160781413316727,0.0283819511532784,0.566459000110626,-0.813897132873535,0.126056849956512
76.2200264930725,1,-0.488759845495224,-0.541392982006073,0.160781413316727,0.0283819511532784,0.566459000110626,-0.813897132873535,0.126056849956512
76.2434630393982,1,-0.488759845495224,-0.541392982006073,0.160781413316727,0.0283819511532784,0.566459000110626,-0.813897132873535,0.126056849956512
76.2590963840485,1,-0.488759845495224,-0.541392982006073,0.160781413316727,0.0283819511532784,0.566459000110626,-0.813897132873535,0.126056849956512
76.2911162376404,1,-0.488759845495224,-0.541392982006073,0.160781413316727,0.0283819511532784,0.566459000110626,-0.813897132873535,0.126056849956512
76.3010659217834,1,-0.488759845495224,-0.541392982006073,0.160781413316727,0.0283819511532784,0.566459000110626,-0.813897132873535,0.126056849956512
76.3198230266571,1,-0.488759845495224,-0.541392982006073,0.160781413316727,0.0283819511532784,0.566459000110626,-0.813897132873535,0.126056849956512
76.3401412963867,1,-0.488759845495224,-0.541392982006073,0.160781413316727,0.0283819511532784,0.566459000110626,-0.813897132873535,0.126056849956512
76.3635339736938,1,-0.488759845495224,-0.541392982006073,0.160781413316727,0.0283819511532784,0.566459000110626,-0.813897132873535,0.126056849956512
76.3794012069702,1,-0.488759845495224,-0.541392982006073,0.160781413316727,0.0283819511532784,0.566459000110626,-0.813897132873535,0.126056849956512
76.4208252429962,1,-0.488759845495224,-0.541392982006073,0.160781413316727,0.0283819511532784,0.566459000110626,-0.813897132873535,0.126056849956512
76.4238879680634,1,-0.488759845495224,-0.541392982006073,0.160781413316727,0.0283819511532784,0.566459000110626,-0.813897132873535,0.126056849956512
76.4394552707672,1,-0.488759845495224,-0.541392982006073,0.160781413316727,0.0283819511532784,0.566459000110626,-0.813897132873535,0.126056849956512
76.4604713916779,1,-0.488759845495224,-0.541392982006073,0.160781413316727,0.0283819511532784,0.566459000110626,-0.813897132873535,0.126056849956512
76.4892597198486,1,-0.488759845495224,-0.541392982006073,0.160781413316727,0.0283819511532784,0.566459000110626,-0.813897132873535,0.126056849956512
76.5008761882782,1,-0.488759845495224,-0.541392982006073,0.160781413316727,0.0283819511532784,0.566459000110626,-0.813897132873535,0.126056849956512
76.5199420452118,1,-0.488759845495224,-0.541392982006073,0.160781413316727,0.0283819511532784,0.566459000110626,-0.813897132873535,0.126056849956512
76.5545582771301,1,-0.488759845495224,-0.541392982006073,0.160781413316727,0.0283819511532784,0.566459000110626,-0.813897132873535,0.126056849956512
76.5643131732941,1,-0.488759845495224,-0.541392982006073,0.160781413316727,0.0283819511532784,0.566459000110626,-0.813897132873535,0.126056849956512
76.5818953514099,1,-0.488759845495224,-0.541392982006073,0.160781413316727,0.0283819511532784,0.566459000110626,-0.813897132873535,0.126056849956512
76.6009085178375,1,-0.488759845495224,-0.541392982006073,0.160781413316727,0.0283819511532784,0.566459000110626,-0.813897132873535,0.126056849956512
76.6252319812775,1,-0.488759845495224,-0.541392982006073,0.160781413316727,0.0283819511532784,0.566459000110626,-0.813897132873535,0.126056849956512
76.6413156986237,1,-0.488759845495224,-0.541392982006073,0.160781413316727,0.0283819511532784,0.566459000110626,-0.813897132873535,0.126056849956512
76.6604232788086,1,-0.488759845495224,-0.541392982006073,0.160781413316727,0.0283819511532784,0.566459000110626,-0.813897132873535,0.126056849956512
76.6916165351868,1,-0.488759845495224,-0.541392982006073,0.160781413316727,0.0283819511532784,0.566459000110626,-0.813897132873535,0.126056849956512
76.7020962238312,1,-0.488759845495224,-0.541392982006073,0.160781413316727,0.0283819511532784,0.566459000110626,-0.813897132873535,0.126056849956512
76.7201137542725,1,-0.488759845495224,-0.541392982006073,0.160781413316727,0.0283819511532784,0.566459000110626,-0.813897132873535,0.126056849956512
76.7400698661804,1,-0.488759845495224,-0.541392982006073,0.160781413316727,0.0283819511532784,0.566459000110626,-0.813897132873535,0.126056849956512
76.7733101844788,1,-0.488759845495224,-0.541392982006073,0.160781413316727,0.0283819511532784,0.566459000110626,-0.813897132873535,0.126056849956512
76.7796804904938,1,-0.488759845495224,-0.541392982006073,0.160781413316727,0.0283819511532784,0.566459000110626,-0.813897132873535,0.126056849956512
76.8009893894196,1,-0.488759845495224,-0.541392982006073,0.160781413316727,0.0283819511532784,0.566459000110626,-0.813897132873535,0.126056849956512
76.8334209918976,1,-0.488759845495224,-0.541392982006073,0.160781413316727,0.0283819511532784,0.566459000110626,-0.813897132873535,0.126056849956512
76.8423144817352,1,-0.488759845495224,-0.541392982006073,0.160781413316727,0.0283819511532784,0.566459000110626,-0.813897132873535,0.126056849956512
76.8597946166992,1,-0.488759845495224,-0.541392982006073,0.160781413316727,0.0283819511532784,0.566459000110626,-0.813897132873535,0.126056849956512
76.8799171447754,1,-0.488759845495224,-0.541392982006073,0.160781413316727,0.0283819511532784,0.566459000110626,-0.813897132873535,0.126056849956512
76.9135589599609,1,-0.488759845495224,-0.541392982006073,0.160781413316727,0.0283819511532784,0.566459000110626,-0.813897132873535,0.126056849956512
76.9213418960571,1,-0.488759845495224,-0.541392982006073,0.160781413316727,0.0283819511532784,0.566459000110626,-0.813897132873535,0.126056849956512
76.9407832622528,1,-0.488759845495224,-0.541392982006073,0.160781413316727,0.0283819511532784,0.566459000110626,-0.813897132873535,0.126056849956512
76.9610393047333,1,-0.488759845495224,-0.541392982006073,0.160781413316727,0.0283819511532784,0.566459000110626,-0.813897132873535,0.126056849956512
76.9810304641724,1,-0.488759845495224,-0.541392982006073,0.160781413316727,0.0283819511532784,0.566459000110626,-0.813897132873535,0.126056849956512
77.0007200241089,1,-0.488759845495224,-0.541392982006073,0.160781413316727,0.0283819511532784,0.566459000110626,-0.813897132873535,0.126056849956512
77.0201506614685,1,-0.488759845495224,-0.541392982006073,0.160781413316727,0.0283819511532784,0.566459000110626,-0.813897132873535,0.126056849956512
77.0485053062439,1,-0.488759845495224,-0.541392982006073,0.160781413316727,0.0283819511532784,0.566459000110626,-0.813897132873535,0.126056849956512
77.0603210926056,1,-0.488759845495224,-0.541392982006073,0.160781413316727,0.0283819511532784,0.566459000110626,-0.813897132873535,0.126056849956512
77.0806527137756,1,-0.488759845495224,-0.541392982006073,0.160781413316727,0.0283819511532784,0.566459000110626,-0.813897132873535,0.126056849956512
77.1122741699219,1,-0.488759845495224,-0.541392982006073,0.160781413316727,0.0283819511532784,0.566459000110626,-0.813897132873535,0.126056849956512
77.1244781017303,1,-0.488759845495224,-0.541392982006073,0.160781413316727,0.0283819511532784,0.566459000110626,-0.813897132873535,0.126056849956512
77.1402549743652,1,-0.488759845495224,-0.541392982006073,0.160781413316727,0.0283819511532784,0.566459000110626,-0.813897132873535,0.126056849956512
77.1654498577118,1,-0.488759845495224,-0.541392982006073,0.160781413316727,0.0283819511532784,0.566459000110626,-0.813897132873535,0.126056849956512
77.184995174408,1,-0.488759845495224,-0.541392982006073,0.160781413316727,0.0283819511532784,0.566459000110626,-0.813897132873535,0.126056849956512
77.2011687755585,1,-0.488759845495224,-0.541392982006073,0.160781413316727,0.0283819511532784,0.566459000110626,-0.813897132873535,0.126056849956512
77.2200779914856,1,-0.488759845495224,-0.541392982006073,0.160781413316727,0.0283819511532784,0.566459000110626,-0.813897132873535,0.126056849956512
77.2524366378784,1,-0.488759845495224,-0.541392982006073,0.160781413316727,0.0283819511532784,0.566459000110626,-0.813897132873535,0.126056849956512
77.2621314525604,1,-0.488759845495224,-0.541392982006073,0.160781413316727,0.0283819511532784,0.566459000110626,-0.813897132873535,0.126056849956512
77.2808873653412,1,-0.488759845495224,-0.541392982006073,0.160781413316727,0.0283819511532784,0.566459000110626,-0.813897132873535,0.126056849956512
77.3070685863495,1,-0.488759845495224,-0.541392982006073,0.160781413316727,0.0283819511532784,0.566459000110626,-0.813897132873535,0.126056849956512
77.3218245506287,1,-0.488759845495224,-0.541392982006073,0.160781413316727,0.0283819511532784,0.566459000110626,-0.813897132873535,0.126056849956512
77.3408036231995,1,-0.488759845495224,-0.541392982006073,0.160781413316727,0.0283819511532784,0.566459000110626,-0.813897132873535,0.126056849956512
77.3601393699646,1,-0.488759845495224,-0.541392982006073,0.160781413316727,0.0283819511532784,0.566459000110626,-0.813897132873535,0.126056849956512
77.3961050510406,1,-0.488759845495224,-0.541392982006073,0.160781413316727,0.0283819511532784,0.566459000110626,-0.813897132873535,0.126056849956512
77.4017112255096,1,-0.488759845495224,-0.541392982006073,0.160781413316727,0.0283819511532784,0.566459000110626,-0.813897132873535,0.126056849956512
77.4191854000092,1,-0.488759845495224,-0.541392982006073,0.160781413316727,0.0283819511532784,0.566459000110626,-0.813897132873535,0.126056849956512
77.4472894668579,1,-0.488759845495224,-0.541392982006073,0.160781413316727,0.0283819511532784,0.566459000110626,-0.813897132873535,0.126056849956512
77.4600965976715,1,-0.488759845495224,-0.541392982006073,0.160781413316727,0.0283819511532784,0.566459000110626,-0.813897132873535,0.126056849956512
77.4795577526093,1,-0.488759845495224,-0.541392982006073,0.160781413316727,0.0283819511532784,0.566459000110626,-0.813897132873535,0.126056849956512
77.5088744163513,1,-0.488759845495224,-0.541392982006073,0.160781413316727,0.0283819511532784,0.566459000110626,-0.813897132873535,0.126056849956512
77.5187165737152,1,-0.488759845495224,-0.541392982006073,0.160781413316727,0.0283819511532784,0.566459000110626,-0.813897132873535,0.126056849956512
77.5397803783417,1,-0.488759845495224,-0.541392982006073,0.160781413316727,0.0283819511532784,0.566459000110626,-0.813897132873535,0.126056849956512
77.5674641132355,1,-0.488759845495224,-0.541392982006073,0.160781413316727,0.0283819511532784,0.566459000110626,-0.813897132873535,0.126056849956512
77.5805201530457,1,-0.488759845495224,-0.541392982006073,0.160781413316727,0.0283819511532784,0.566459000110626,-0.813897132873535,0.126056849956512
77.6044182777405,1,-0.488759845495224,-0.541392982006073,0.160781413316727,0.0283819511532784,0.566459000110626,-0.813897132873535,0.126056849956512
77.6207234859467,1,-0.488759845495224,-0.541392982006073,0.160781413316727,0.0283819511532784,0.566459000110626,-0.813897132873535,0.126056849956512
77.6389482021332,1,-0.488759845495224,-0.541392982006073,0.160781413316727,0.0283819511532784,0.566459000110626,-0.813897132873535,0.126056849956512
77.6729161739349,1,-0.488759845495224,-0.541392982006073,0.160781413316727,0.0283819511532784,0.566459000110626,-0.813897132873535,0.126056849956512
77.6807363033295,1,-0.488759845495224,-0.541392982006073,0.160781413316727,0.0283819511532784,0.566459000110626,-0.813897132873535,0.126056849956512
77.7004549503326,1,-0.488759845495224,-0.541392982006073,0.160781413316727,0.0283819511532784,0.566459000110626,-0.813897132873535,0.126056849956512
77.733847618103,1,-0.488759845495224,-0.541392982006073,0.160781413316727,0.0283819511532784,0.566459000110626,-0.813897132873535,0.126056849956512
77.7421629428864,1,-0.488759845495224,-0.541392982006073,0.160781413316727,0.0283819511532784,0.566459000110626,-0.813897132873535,0.126056849956512
77.7594232559204,1,-0.488759845495224,-0.541392982006073,0.160781413316727,0.0283819511532784,0.566459000110626,-0.813897132873535,0.126056849956512
77.7865014076233,1,-0.488759845495224,-0.541392982006073,0.160781413316727,0.0283819511532784,0.566459000110626,-0.813897132873535,0.126056849956512
77.799560546875,1,-0.488759845495224,-0.541392982006073,0.160781413316727,0.0283819511532784,0.566459000110626,-0.813897132873535,0.126056849956512
77.8202655315399,1,-0.488759845495224,-0.541392982006073,0.160781413316727,0.0283819511532784,0.566459000110626,-0.813897132873535,0.126056849956512
77.8525910377502,1,-0.488759845495224,-0.541392982006073,0.160781413316727,0.0283819511532784,0.566459000110626,-0.813897132873535,0.126056849956512
77.8597810268402,1,-0.488759845495224,-0.541392982006073,0.160781413316727,0.0283819511532784,0.566459000110626,-0.813897132873535,0.126056849956512
77.8791677951813,1,-0.488759845495224,-0.541392982006073,0.160781413316727,0.0283819511532784,0.566459000110626,-0.813897132873535,0.126056849956512
77.911381483078,1,-0.488759845495224,-0.541392982006073,0.160781413316727,0.0283819511532784,0.566459000110626,-0.813897132873535,0.126056849956512
77.923398733139,1,-0.488759845495224,-0.541392982006073,0.160781413316727,0.0283819511532784,0.566459000110626,-0.813897132873535,0.126056849956512
77.9397253990173,1,-0.488759845495224,-0.541392982006073,0.160781413316727,0.0283819511532784,0.566459000110626,-0.813897132873535,0.126056849956512
77.9658658504486,1,-0.488759845495224,-0.541392982006073,0.160781413316727,0.0283819511532784,0.566459000110626,-0.813897132873535,0.126056849956512
77.9833981990814,1,-0.488759845495224,-0.541392982006073,0.160781413316727,0.0283819511532784,0.566459000110626,-0.813897132873535,0.126056849956512
78.0001730918884,1,-0.488759845495224,-0.541392982006073,0.160781413316727,0.0283819511532784,0.566459000110626,-0.813897132873535,0.126056849956512
78.0204389095306,1,-0.488759845495224,-0.541392982006073,0.160781413316727,0.0283819511532784,0.566459000110626,-0.813897132873535,0.126056849956512
78.0521240234375,1,-0.488759845495224,-0.541392982006073,0.160781413316727,0.0283819511532784,0.566459000110626,-0.813897132873535,0.126056849956512
78.0597758293152,1,-0.488759845495224,-0.541392982006073,0.160781413316727,0.0283819511532784,0.566459000110626,-0.813897132873535,0.126056849956512
78.0809662342072,1,-0.488759845495224,-0.541392982006073,0.160781413316727,0.0283819511532784,0.566459000110626,-0.813897132873535,0.126056849956512
78.1020867824554,1,-0.488759845495224,-0.541392982006073,0.160781413316727,0.0283819511532784,0.566459000110626,-0.813897132873535,0.126056849956512
78.121636390686,1,-0.488759845495224,-0.541392982006073,0.160781413316727,0.0283819511532784,0.566459000110626,-0.813897132873535,0.126056849956512
78.1410322189331,1,-0.488759845495224,-0.541392982006073,0.160781413316727,0.0283819511532784,0.566459000110626,-0.813897132873535,0.126056849956512
78.1603679656982,1,-0.491862893104553,-0.538404524326324,0.138072818517685,0.0534174032509327,0.349461257457733,-0.863565683364868,0.359552055597305
78.1913781166077,1,-0.492682784795761,-0.538518905639648,0.138641983270645,0.051314253360033,0.347491085529327,-0.865056335926056,0.358181983232498
78.2026073932648,1,-0.493038237094879,-0.538760244846344,0.138761594891548,0.0518513396382332,0.343379944562912,-0.865099966526031,0.361944526433945
78.2200789451599,1,-0.492970257997513,-0.538491189479828,0.138829991221428,0.0535345301032066,0.33961820602417,-0.864807963371277,0.365924328565598
78.2463936805725,1,-0.49308767914772,-0.538687944412231,0.138804107904434,0.0533883348107338,0.334442377090454,-0.864916622638702,0.370428651571274
78.2610416412354,1,-0.493134558200836,-0.538759648799896,0.138770654797554,0.0526369400322437,0.329318463802338,-0.865644693374634,0.373414158821106
78.2801215648651,1,-0.493285149335861,-0.53898960351944,0.138684689998627,0.0502857007086277,0.323929131031036,-0.867539525032043,0.374053984880447
78.2993957996368,1,-0.493079632520676,-0.538707077503204,0.138739034533501,0.0492472238838673,0.321335703134537,-0.868775725364685,0.373559534549713
78.3337445259094,1,-0.49285501241684,-0.53825432062149,0.138858795166016,0.0474193394184113,0.319884330034256,-0.870504021644592,0.371009826660156
78.3444263935089,1,-0.492745190858841,-0.537859857082367,0.138931840658188,0.0452621839940548,0.317894518375397,-0.87322062253952,0.366579174995422
78.3602914810181,1,-0.492790341377258,-0.53809529542923,0.138820633292198,0.0430794097483158,0.315605908632278,-0.874956548213959,0.364675372838974
78.380576133728,1,-0.492769241333008,-0.538070857524872,0.13880056142807,0.0417467132210732,0.313047558069229,-0.87693327665329,0.362279504537582
78.4115376472473,1,-0.492889136075974,-0.53820788860321,0.138748973608017,0.0404554419219494,0.309879630804062,-0.878936767578125,0.360289245843887
78.4199817180634,1,-0.492899775505066,-0.538388729095459,0.138690933585167,0.0406979694962502,0.30658233165741,-0.879910290241241,0.360705941915512
78.4407722949982,1,-0.493008434772491,-0.538625717163086,0.138671815395355,0.0409012623131275,0.302855402231216,-0.880308270454407,0.362854182720184
78.477068901062,1,-0.493071675300598,-0.538626313209534,0.138731136918068,0.0416305400431156,0.299993634223938,-0.880878090858459,0.36376416683197
78.480984210968,1,-0.493017822504044,-0.53855973482132,0.138726875185966,0.0425748080015182,0.29758208990097,-0.882117092609406,0.36263182759285
78.4998927116394,1,-0.493028849363327,-0.53859955072403,0.138712465763092,0.0426369085907936,0.295593619346619,-0.883819758892059,0.360096156597137
78.5194818973541,1,-0.493033319711685,-0.538709402084351,0.138656705617905,0.0419931039214134,0.294694781303406,-0.885264813899994,0.357348442077637
78.5461964607239,1,-0.493028461933136,-0.538730919361115,0.138651296496391,0.0413095727562904,0.294078707695007,-0.886383593082428,0.355155408382416
78.5599081516266,1,-0.4930739402771,-0.538805246353149,0.138624340295792,0.040484968572855,0.292914420366287,-0.887653112411499,0.353035509586334
78.5804586410522,1,-0.492938220500946,-0.538414359092712,0.1387048214674,0.0411056354641914,0.292284399271011,-0.888305604457855,0.351842790842056
78.6113958358765,1,-0.49289134144783,-0.538318991661072,0.138722360134125,0.0412984937429428,0.29114094376564,-0.888967990875244,0.351094424724579
78.6205747127533,1,-0.492936104536057,-0.538380980491638,0.138718262314796,0.0410133935511112,0.290227353572845,-0.889940440654755,0.349416792392731
78.6403601169586,1,-0.492627561092377,-0.538049757480621,0.138779476284981,0.0418421849608421,0.290161401033401,-0.890802443027496,0.347169637680054
78.6654772758484,1,-0.492606669664383,-0.538032948970795,0.138764753937721,0.0413328818976879,0.289452731609344,-0.892184436321259,0.344261080026627
78.6814529895782,1,-0.492905646562576,-0.538747251033783,0.138595044612885,0.0397086441516876,0.286829978227615,-0.894290387630463,0.34116929769516
78.6999814510345,1,-0.49269026517868,-0.538048624992371,0.138713851571083,0.0407551825046539,0.286236643791199,-0.894173264503479,0.341850638389587
78.7197256088257,1,-0.492968499660492,-0.538318336009979,0.138723954558372,0.0399399921298027,0.282738208770752,-0.894944548606873,0.342838376760483
78.7453889846802,1,-0.493103802204132,-0.537886798381805,0.138758793473244,0.0404890589416027,0.281050205230713,-0.895674049854279,0.342256397008896
78.7597050666809,1,-0.492922902107239,-0.538432478904724,0.138746544718742,0.0400783009827137,0.276411324739456,-0.896494567394257,0.34393048286438
78.7807512283325,1,-0.493055939674377,-0.538748681545258,0.138687387108803,0.0393075048923492,0.272927761077881,-0.897319853305817,0.344648241996765
78.8061201572418,1,-0.492819875478745,-0.538102090358734,0.138748601078987,0.0411624386906624,0.272600442171097,-0.89729517698288,0.344755172729492
78.826455116272,1,-0.492680430412292,-0.538044810295105,0.138828501105309,0.041557639837265,0.270235240459442,-0.896651208400726,0.348227739334106
78.840053319931,1,-0.492686092853546,-0.538690984249115,0.138764321804047,0.0402617491781712,0.266338795423508,-0.897119104862213,0.350171566009521
78.8607904911041,1,-0.492204338312149,-0.538754999637604,0.13890340924263,0.0393916815519333,0.262749135494232,-0.896761775016785,0.353878110647202
78.8988463878632,1,-0.492302775382996,-0.538531064987183,0.138933211565018,0.0382856167852879,0.261000543832779,-0.897577583789825,0.353224337100983
78.9015188217163,1,-0.49316880106926,-0.538194715976715,0.138714537024498,0.036848034709692,0.261516034603119,-0.899305701255798,0.348569542169571
78.9200570583344,1,-0.493218570947647,-0.538038671016693,0.138709455728531,0.036358680576086,0.260113149881363,-0.8994140625,0.349390208721161
78.940367937088,1,-0.493231683969498,-0.538048923015594,0.138708516955376,0.0354985632002354,0.258657783269882,-0.899667978286743,0.34990531206131
78.9645779132843,1,-0.493319571018219,-0.538226962089539,0.13866925239563,0.034094650298357,0.257064759731293,-0.900166511535645,0.349936574697495
78.9874618053436,1,-0.493307262659073,-0.538064897060394,0.138694867491722,0.033851396292448,0.255892485380173,-0.900318562984467,0.350427687168121
79.000216960907,1,-0.493281453847885,-0.538243055343628,0.138688504695892,0.0338165983557701,0.253115504980087,-0.900121450424194,0.352945595979691
79.0202267169952,1,-0.493414908647537,-0.538463056087494,0.138729140162468,0.0338797904551029,0.249307006597519,-0.89957982301712,0.357007503509521
79.0529141426086,1,-0.493388891220093,-0.538364052772522,0.138695552945137,0.035070925951004,0.246324360370636,-0.898752331733704,0.361024349927902
79.0629346370697,1,-0.493423521518707,-0.538288354873657,0.138708978891373,0.0355826839804649,0.242833882570267,-0.898221790790558,0.36464136838913
79.0808911323547,1,-0.493439316749573,-0.538230299949646,0.13873752951622,0.0360063798725605,0.23917829990387,-0.898203253746033,0.36705356836319
79.1218361854553,1,-0.493518173694611,-0.538595676422119,0.138678371906281,0.0357950255274773,0.23441170156002,-0.898348391056061,0.369783788919449
79.1234443187714,1,-0.493535816669464,-0.538413524627686,0.138796389102936,0.0360246077179909,0.230745568871498,-0.898550808429718,0.371571391820908
79.1403911113739,1,-0.49353164434433,-0.538240730762482,0.138770967721939,0.0362255983054638,0.227915063500404,-0.899150788784027,0.371847212314606
79.1599206924438,1,-0.493455141782761,-0.538258016109467,0.13871294260025,0.0360628329217434,0.22452287375927,-0.900500416755676,0.370659023523331
79.1905374526978,1,-0.494238764047623,-0.539636850357056,0.138547822833061,0.0324069932103157,0.218240946531296,-0.902882874011993,0.368948847055435
79.2000215053558,1,-0.494141906499863,-0.539032518863678,0.138680025935173,0.0337703377008438,0.214909717440605,-0.903070092201233,0.370321244001389
79.2213728427887,1,-0.493646860122681,-0.538038611412048,0.138786688446999,0.0372744053602219,0.210923328995705,-0.901548624038696,0.375941395759583
79.2552902698517,1,-0.493827819824219,-0.538454055786133,0.138939097523689,0.0376886092126369,0.202460005879402,-0.899775624275208,0.384699076414108
79.260351896286,1,-0.493682742118835,-0.538106560707092,0.138973563909531,0.0400875993072987,0.197162285447121,-0.897485136985779,0.392480075359344
79.2806296348572,1,-0.493669599294662,-0.538171052932739,0.138893380761147,0.0416407138109207,0.192169398069382,-0.897154271602631,0.395539283752441
79.2994616031647,1,-0.493761032819748,-0.537982940673828,0.138974949717522,0.0425880663096905,0.188328772783279,-0.898124039173126,0.395084530115128
79.3328597545624,1,-0.49370288848877,-0.537767767906189,0.138947308063507,0.0440905056893826,0.185073554515839,-0.898859977722168,0.394784331321716
79.3428120613098,1,-0.493689000606537,-0.537697553634644,0.138984695076942,0.0453484542667866,0.180594205856323,-0.898803174495697,0.396840512752533
79.360059261322,1,-0.493914723396301,-0.537948906421661,0.138988271355629,0.0458235442638397,0.175700604915619,-0.898344218730927,0.400009036064148
79.3854732513428,1,-0.493904769420624,-0.537859976291656,0.139034524559975,0.0468759126961231,0.170749962329865,-0.897737503051758,0.403378933668137
79.4031202793121,1,-0.493992030620575,-0.537883460521698,0.138995051383972,0.0475784689188004,0.165706500411034,-0.897266089916229,0.406437069177628
79.4195606708527,1,-0.494230777025223,-0.538007855415344,0.139121904969215,0.0473287217319012,0.159955605864525,-0.896741986274719,0.409912258386612
79.439329624176,1,-0.494158744812012,-0.538009464740753,0.139102131128311,0.0483148209750652,0.153888702392578,-0.895360171794891,0.41510733962059
79.4713296890259,1,-0.49409756064415,-0.53755110502243,0.139195337891579,0.0496823191642761,0.148443207144737,-0.893339931964874,0.421236306428909
79.4806969165802,1,-0.493715405464172,-0.536314845085144,0.139182612299919,0.0526881478726864,0.145518332719803,-0.891042172908783,0.426722884178162
79.5011348724365,1,-0.493644744157791,-0.535978376865387,0.139202862977982,0.0532278344035149,0.140848517417908,-0.889569103717804,0.431271761655807
79.5210328102112,1,-0.493639320135117,-0.536081612110138,0.139207154512405,0.0527262128889561,0.135902225971222,-0.888560950756073,0.434982866048813
79.5410542488098,1,-0.493799865245819,-0.536123514175415,0.139196693897247,0.0520982034504414,0.131951957941055,-0.887854993343353,0.437707751989365
79.5594162940979,1,-0.49379089474678,-0.535931587219238,0.139230713248253,0.0522696413099766,0.127770826220512,-0.886681735515594,0.441291302442551
79.5800614356995,1,-0.493890047073364,-0.535679817199707,0.139241442084312,0.0528376847505569,0.123834528028965,-0.884969830513,0.445759773254395
79.6141617298126,1,-0.493934720754623,-0.535526692867279,0.139268979430199,0.0533722378313541,0.12002919614315,-0.882777392864227,0.451052606105804
79.6211252212524,1,-0.493963837623596,-0.535755932331085,0.139275759458542,0.053009144961834,0.11587705463171,-0.881112933158875,0.455414772033691
79.6406559944153,1,-0.493930578231812,-0.535852432250977,0.139333426952362,0.05256387591362,0.111609891057014,-0.880530774593353,0.457652568817139
79.6813657283783,1,-0.494049519300461,-0.535582065582275,0.139361038804054,0.0526106134057045,0.107876047492027,-0.87987095117569,0.459806591272354
79.68567943573,1,-0.493908613920212,-0.535449206829071,0.139318361878395,0.0535902306437492,0.10258736461401,-0.877474844455719,0.465447992086411
79.700355052948,1,-0.493343532085419,-0.534785628318787,0.139337688684464,0.0558024495840073,0.0968941375613213,-0.873126685619354,0.474497109651566
79.7201209068298,1,-0.493541359901428,-0.533531367778778,0.139280185103416,0.057383231818676,0.0927781313657761,-0.869485259056091,0.481762200593948
79.7522416114807,1,-0.49362450838089,-0.533462464809418,0.139300182461739,0.0568998865783215,0.0843914598226547,-0.863905727863312,0.493262201547623
79.7606568336487,1,-0.493432909250259,-0.533798217773438,0.139424353837967,0.055976465344429,0.0739580020308495,-0.856517553329468,0.507715046405792
79.7801616191864,1,-0.493721723556519,-0.534663736820221,0.139623522758484,0.052288830280304,0.0632113516330719,-0.850821614265442,0.519011378288269
79.8020634651184,1,-0.49366369843483,-0.534964680671692,0.139722794294357,0.0496662445366383,0.054065577685833,-0.845852971076965,0.528339803218842
79.8243057727814,1,-0.493803858757019,-0.534946143627167,0.139674663543701,0.0473173670470715,0.0471175462007523,-0.843207955360413,0.533424198627472
79.8402848243713,1,-0.494055330753326,-0.534034788608551,0.139395594596863,0.046607606112957,0.0434712953865528,-0.841776788234711,0.536050260066986
79.8593995571136,1,-0.494017034769058,-0.534267246723175,0.139481693506241,0.0449362844228745,0.0357243604958057,-0.839663624763489,0.540064513683319
79.892233133316,1,-0.493946760892868,-0.533891499042511,0.13943912088871,0.0452364608645439,0.0286725256592035,-0.835351824760437,0.54710054397583
79.8990921974182,1,-0.494044005870819,-0.533513605594635,0.139463827013969,0.0459361970424652,0.0213013458997011,-0.828611433506012,0.557529509067535
79.9297921657562,1,-0.494427114725113,-0.533296346664429,0.139459624886513,0.0468761809170246,0.0129438890144229,-0.819761157035828,0.570637106895447
79.9393329620361,1,-0.494217991828918,-0.5336052775383,0.139302536845207,0.0488782078027725,0.00421672267839313,-0.808680474758148,0.58619898557663
79.9642446041107,1,-0.494385629892349,-0.533379912376404,0.13933427631855,0.0504415929317474,-0.00295599899254739,-0.798519134521484,0.599845170974731
79.9793879985809,1,-0.494463235139847,-0.533797264099121,0.139448121190071,0.0509242378175259,-0.00967331882566214,-0.790028870105743,0.610874474048615
80.011093378067,1,-0.494820356369019,-0.533354580402374,0.139250352978706,0.0520137473940849,-0.0117627447471023,-0.783713400363922,0.618829250335693
80.0183629989624,1,-0.494684219360352,-0.533710598945618,0.139402866363525,0.0517352782189846,-0.0156619437038898,-0.779596090316772,0.623945593833923
80.0387396812439,1,-0.494563609361649,-0.533832728862762,0.139478221535683,0.0509378239512444,-0.0175147410482168,-0.778253316879272,0.625635981559753
80.0613694190979,1,-0.494533777236938,-0.5339315533638,0.139484271407127,0.0494449771940708,-0.0178245343267918,-0.779793798923492,0.623826205730438
80.0788629055023,1,-0.494603753089905,-0.533385455608368,0.139362588524818,0.0484043210744858,-0.0158044658601284,-0.782497644424438,0.620568096637726
80.1025114059448,1,-0.494391709566116,-0.533813714981079,0.139548361301422,0.0459256768226624,-0.016506016254425,-0.784849286079407,0.61776214838028
80.1196413040161,1,-0.494304031133652,-0.533858418464661,0.139570042490959,0.0437800511717796,-0.015837948769331,-0.786278247833252,0.616115987300873
80.1513633728027,1,-0.494491279125214,-0.533215343952179,0.139225766062737,0.0423027127981186,-0.0120749110355973,-0.788237929344177,0.613796055316925
80.1592991352081,1,-0.494400650262833,-0.533446073532104,0.139243632555008,0.0392768457531929,-0.0104539822787046,-0.791402697563171,0.609942495822906
80.1810472011566,1,-0.49416309595108,-0.53324943780899,0.139237880706787,0.0368191786110401,-0.00720379408448935,-0.796518504619598,0.603449046611786
80.1999907493591,1,-0.494123727083206,-0.533667504787445,0.139351293444633,0.0334749631583691,-0.00450239842757583,-0.802877485752106,0.595186412334442
80.2251672744751,1,-0.495000243186951,-0.533240914344788,0.139424324035645,0.0293347332626581,0.000977140036411583,-0.811438679695129,0.583700180053711
80.2400622367859,1,-0.494488567113876,-0.533824741840363,0.139521449804306,0.0264939181506634,0.00385589897632599,-0.816329419612885,0.576965808868408
80.259688615799,1,-0.494168013334274,-0.533755660057068,0.139383092522621,0.0247824732214212,0.00904615130275488,-0.820715367794037,0.57072776556015
80.2953836917877,1,-0.493776619434357,-0.533913433551788,0.139449894428253,0.022875003516674,0.0130149126052856,-0.824476063251495,0.565284669399261
80.305079460144,1,-0.493588358163834,-0.534282565116882,0.139625295996666,0.0204543713480234,0.0161537919193506,-0.827600002288818,0.560712933540344
80.3207197189331,1,-0.493687897920609,-0.534462511539459,0.139788582921028,0.0188912805169821,0.0190319586545229,-0.830184042453766,0.556844234466553
80.3454561233521,1,-0.493621796369553,-0.534149527549744,0.139619007706642,0.0197087153792381,0.022520000115037,-0.830875277519226,0.55565333366394
80.3675372600555,1,-0.493793666362762,-0.533580780029297,0.139329969882965,0.021298224106431,0.0260954760015011,-0.830456137657166,0.55606484413147
80.3805623054504,1,-0.493990421295166,-0.533803582191467,0.139249637722969,0.0220404621213675,0.0260338336229324,-0.828284382820129,0.559268772602081
80.4002277851105,1,-0.494097113609314,-0.533834397792816,0.139333143830299,0.0230923444032669,0.0248066429048777,-0.824898958206177,0.564263224601746
80.4240880012512,1,-0.494090437889099,-0.533780515193939,0.139386758208275,0.024325292557478,0.0233520846813917,-0.82028716802597,0.570957005023956
80.4419922828674,1,-0.494044780731201,-0.533614575862885,0.139285460114479,0.0259927436709404,0.0224563255906105,-0.816112995147705,0.576870501041412
80.4597563743591,1,-0.494341760873795,-0.533956050872803,0.139529258012772,0.0255996752530336,0.0202095191925764,-0.813687086105347,0.58038741350174
80.4813795089722,1,-0.494658231735229,-0.534314215183258,0.139714419841766,0.0248800721019506,0.0192095078527927,-0.810656785964966,0.584677457809448
80.5131886005402,1,-0.494861751794815,-0.534489095211029,0.139798372983932,0.0246718283742666,0.0192013066262007,-0.808037221431732,0.588301241397858
80.5243723392487,1,-0.494958460330963,-0.534672737121582,0.13984726369381,0.024675652384758,0.0192495118826628,-0.805951178073883,0.591154217720032
80.5404167175293,1,-0.4950230717659,-0.534624993801117,0.139876559376717,0.0244978852570057,0.0206044856458902,-0.804707050323486,0.592808544635773
80.559821844101,1,-0.494997829198837,-0.534557223320007,0.139876514673233,0.0242231413722038,0.0228921100497246,-0.80451512336731,0.59299635887146
80.5832617282867,1,-0.494086861610413,-0.533520400524139,0.139271154999733,0.0278387349098921,0.0256883706897497,-0.805470585823059,0.591424107551575
80.6010961532593,1,-0.494171649217606,-0.534140527248383,0.139471709728241,0.0254144258797169,0.0275998562574387,-0.805587410926819,0.591287791728973
80.6195421218872,1,-0.493916839361191,-0.533834636211395,0.139318779110909,0.0258618630468845,0.0301796365529299,-0.805945515632629,0.590654075145721
80.6498651504517,1,-0.493882894515991,-0.533748269081116,0.139302209019661,0.0257069990038872,0.0317142717540264,-0.806008636951447,0.590494394302368
80.6591784954071,1,-0.49399271607399,-0.533725202083588,0.139361962676048,0.0253786388784647,0.032787773758173,-0.804843246936798,0.592037320137024
80.6947250366211,1,-0.494184702634811,-0.533506155014038,0.139390647411346,0.0257149208337069,0.033433310687542,-0.80265599489212,0.594949126243591
80.7006330490112,1,-0.494378566741943,-0.533390700817108,0.139433860778809,0.0260097291320562,0.033084012567997,-0.799993574619293,0.598530948162079
80.7193038463593,1,-0.494285434484482,-0.533719062805176,0.13933889567852,0.0270192865282297,0.031040670350194,-0.795873880386353,0.60406231880188
80.7475464344025,1,-0.494432419538498,-0.534070014953613,0.139491870999336,0.027157885953784,0.0280796568840742,-0.792167603969574,0.609052240848541
80.7588713169098,1,-0.494501948356628,-0.533714354038239,0.139394760131836,0.0285995453596115,0.0266733914613724,-0.788016140460968,0.614411234855652
80.7796375751495,1,-0.494623720645905,-0.533459365367889,0.139279395341873,0.0292335636913776,0.0254925955086946,-0.785477519035339,0.617673516273499
80.8019077777863,1,-0.494622260332108,-0.533515214920044,0.139299303293228,0.0279211793094873,0.0249927341938019,-0.787347018718719,0.615370213985443
80.8191566467285,1,-0.494270414113998,-0.533792555332184,0.139409095048904,0.0244370233267546,0.0256035476922989,-0.792019009590149,0.609469652175903
80.8551886081696,1,-0.494424432516098,-0.533917129039764,0.139416486024857,0.0208411235362291,0.0274507831782103,-0.794772028923035,0.605928778648376
80.8624062538147,1,-0.494662642478943,-0.533414900302887,0.139296799898148,0.0189908891916275,0.030032018199563,-0.794434905052185,0.606308996677399
80.8788824081421,1,-0.494946897029877,-0.532847285270691,0.139163762331009,0.0181200858205557,0.0314797610044479,-0.792561650276184,0.608709037303925
80.907634973526,1,-0.494862049818039,-0.532948017120361,0.139184966683388,0.0171685386449099,0.0313882082700729,-0.790803968906403,0.61102294921875
80.9194979667664,1,-0.49424883723259,-0.533533930778503,0.139364287257195,0.0161047596484423,0.0297087281942368,-0.789848327636719,0.612370610237122
80.9399015903473,1,-0.494066804647446,-0.533684372901917,0.139391049742699,0.0151887284591794,0.0292776841670275,-0.790816783905029,0.611163735389709
80.9635527133942,1,-0.493983447551727,-0.53385978937149,0.139402851462364,0.014550038613379,0.0290290601551533,-0.791368186473846,0.610476911067963
80.9805617332458,1,-0.494015336036682,-0.533768236637115,0.139381483197212,0.0149069121107459,0.0296073965728283,-0.790685892105103,0.611323952674866
81.0185134410858,1,-0.494160592556,-0.53358393907547,0.139363467693329,0.015825729817152,0.0302022844552994,-0.789308428764343,0.613049387931824
81.0203204154968,1,-0.494337916374207,-0.533388793468475,0.139259830117226,0.0173753090202808,0.0309091676026583,-0.787338018417358,0.61550110578537
81.0401742458344,1,-0.494366943836212,-0.533383965492249,0.139204144477844,0.019397646188736,0.0306651722639799,-0.784710109233856,0.618799984455109
81.0778555870056,1,-0.494499236345291,-0.533354163169861,0.139274135231972,0.0206727609038353,0.0298300795257092,-0.78261923789978,0.621441900730133
81.0814309120178,1,-0.494240403175354,-0.533942818641663,0.139512434601784,0.0215068738907576,0.0269335247576237,-0.77936726808548,0.625618755817413
81.1003284454346,1,-0.494017899036407,-0.534091234207153,0.139482662081718,0.0231732819229364,0.025766534730792,-0.775858461856842,0.629954636096954
81.1269109249115,1,-0.494408905506134,-0.534055650234222,0.139457046985626,0.0237986855208874,0.0253433082252741,-0.774101912975311,0.632105708122253
81.1412508487701,1,-0.494727849960327,-0.533676445484161,0.139423593878746,0.0247715190052986,0.0257017016410828,-0.772420048713684,0.634108126163483
81.1611261367798,1,-0.49464350938797,-0.533890247344971,0.139432057738304,0.0254230368882418,0.0247305054217577,-0.77070140838623,0.636208593845367
81.1804342269897,1,-0.494495272636414,-0.534125089645386,0.139422714710236,0.0260263979434967,0.0241043791174889,-0.769273936748505,0.637933552265167
81.2092051506042,1,-0.49440324306488,-0.534277439117432,0.139450371265411,0.0264690387994051,0.023850753903389,-0.768376529216766,0.639005601406097
81.219920873642,1,-0.494351923465729,-0.534437596797943,0.139491438865662,0.0266691185534,0.0238648429512978,-0.768378496170044,0.63899427652359
81.2406299114227,1,-0.494334012269974,-0.53436815738678,0.139456450939178,0.0270882043987513,0.0247194878757,-0.768564999103546,0.638719916343689
81.2753899097443,1,-0.494368970394135,-0.53419691324234,0.139383375644684,0.0275004208087921,0.0259888432919979,-0.768988847732544,0.638141512870789
81.285142660141,1,-0.494417369365692,-0.534031867980957,0.139366030693054,0.0276011992245913,0.0269800834357738,-0.769648253917694,0.637300491333008
81.3006160259247,1,-0.494440466165543,-0.533882200717926,0.139379173517227,0.0275857951492071,0.0275286547839642,-0.770099341869354,0.636732518672943
81.3202061653137,1,-0.494482040405273,-0.533751308917999,0.139342814683914,0.0275572333484888,0.0278268624097109,-0.770212173461914,0.636584222316742
81.3490605354309,1,-0.494458347558975,-0.533833742141724,0.139355257153511,0.0272746551781893,0.0271776150912046,-0.770091772079468,0.636770188808441
81.3602912425995,1,-0.494493842124939,-0.533792436122894,0.139358788728714,0.0270051062107086,0.0269711017608643,-0.7702676653862,0.636577665805817
81.3804199695587,1,-0.49458435177803,-0.533709585666656,0.1393713504076,0.0266100242733955,0.0272244997322559,-0.771120369434357,0.635550260543823
81.4017150402069,1,-0.494607955217361,-0.533628344535828,0.139387980103493,0.0262998770922422,0.0276525262743235,-0.772158086299896,0.634283542633057
81.4213817119598,1,-0.494567304849625,-0.533715486526489,0.139373481273651,0.0259845778346062,0.0279370676726103,-0.773213088512421,0.632997632026672
81.4399397373199,1,-0.49445253610611,-0.533950746059418,0.139439240098,0.0255365744233131,0.0276613757014275,-0.774299502372742,0.631698668003082
81.4608194828033,1,-0.494331568479538,-0.533916831016541,0.139427661895752,0.025565892457962,0.0281431339681149,-0.774975657463074,0.630846321582794
81.4903979301453,1,-0.494205683469772,-0.53390097618103,0.139405563473701,0.0256234221160412,0.0286886543035507,-0.775633096694946,0.630011081695557
81.5003595352173,1,-0.494073241949081,-0.533904731273651,0.13936772942543,0.0256055984646082,0.0293393731117249,-0.776345789432526,0.629103243350983
81.5214409828186,1,-0.49401792883873,-0.534047901630402,0.139400944113731,0.0251180399209261,0.0295280255377293,-0.777366697788239,0.627852022647858
81.5404834747314,1,-0.494077086448669,-0.53402179479599,0.139388784766197,0.0247020460665226,0.030085438862443,-0.77836287021637,0.62660676240921
81.5620279312134,1,-0.494146555662155,-0.533970057964325,0.139389887452126,0.0242500491440296,0.0305138565599918,-0.779167711734772,0.625602543354034
81.5805599689484,1,-0.494187355041504,-0.533968865871429,0.139396622776985,0.023788545280695,0.0308356881141663,-0.780005812644958,0.624559283256531
81.6003878116608,1,-0.49424684047699,-0.534016907215118,0.139400035142899,0.0232315398752689,0.031142907217145,-0.780979096889496,0.623347461223602
81.6324741840363,1,-0.494241029024124,-0.53409606218338,0.139427796006203,0.0228546168655157,0.0312360096722841,-0.781659543514252,0.622503399848938
81.6411256790161,1,-0.494248002767563,-0.534072399139404,0.13939893245697,0.0228161029517651,0.0315498001873493,-0.781887650489807,0.622202396392822
81.6593661308289,1,-0.494264662265778,-0.534091532230377,0.139387607574463,0.0227289088070393,0.0316927060484886,-0.78212296962738,0.621902525424957
81.682585477829,1,-0.494274199008942,-0.534131467342377,0.139390826225281,0.0224376637488604,0.0317717604339123,-0.782591104507446,0.621319830417633
81.6999845504761,1,-0.49430650472641,-0.534176349639893,0.139412343502045,0.0219800136983395,0.0317650623619556,-0.783210635185242,0.620555460453033
81.7207472324371,1,-0.49435356259346,-0.534046828746796,0.139374867081642,0.0218901187181473,0.032160110771656,-0.783253133296967,0.620484709739685
81.7391002178192,1,-0.494434654712677,-0.53393018245697,0.139296665787697,0.0215061251074076,0.0326556637883186,-0.783576726913452,0.620063483715057
81.7701489925385,1,-0.494420439004898,-0.533834159374237,0.139264598488808,0.0210282113403082,0.0330330021679401,-0.783768951892853,0.619816839694977
81.7791051864624,1,-0.494414091110229,-0.533667087554932,0.139200747013092,0.0204930324107409,0.0337468758225441,-0.784389555454254,0.619010627269745
81.8119370937347,1,-0.494377553462982,-0.533685684204102,0.139157980680466,0.0198118705302477,0.0342032685875893,-0.785077273845673,0.618135452270508
81.8205096721649,1,-0.494312345981598,-0.533830344676971,0.139148727059364,0.0191509630531073,0.0342874489724636,-0.785527467727661,0.617579340934753
81.8417286872864,1,-0.494250804185867,-0.533993601799011,0.139176741242409,0.01871651224792,0.0341756977140903,-0.785651087760925,0.617441654205322
81.8613636493683,1,-0.494204550981522,-0.534030914306641,0.139175593852997,0.0186147522181273,0.0344793796539307,-0.785729944705963,0.617327451705933
81.8797113895416,1,-0.494190484285355,-0.534077346324921,0.139153644442558,0.0184451192617416,0.0348583087325096,-0.786017000675201,0.616945683956146
81.9061124324799,1,-0.494129508733749,-0.534128487110138,0.139183714985847,0.0181228145956993,0.0349750444293022,-0.786191642284393,0.616726040840149
81.9189927577972,1,-0.494112998247147,-0.533995926380157,0.139197990298271,0.0178629923611879,0.0354219600558281,-0.78672844171524,0.616023182868958
81.9574670791626,1,-0.494051307439804,-0.533855259418488,0.139201551675797,0.0174755956977606,0.0357563830912113,-0.787225306034088,0.615379810333252
81.9610257148743,1,-0.494099259376526,-0.533746659755707,0.139230310916901,0.0166241880506277,0.0358270406723022,-0.787463068962097,0.61509507894516
81.9794902801514,1,-0.494055896997452,-0.533614635467529,0.13920271396637,0.0161583889275789,0.0355332270264626,-0.786802113056183,0.615969836711884
82.0099673271179,1,-0.493936359882355,-0.533592760562897,0.139209985733032,0.0156139004975557,0.0344228185713291,-0.78534072637558,0.617908835411072
82.0195577144623,1,-0.493881404399872,-0.53378164768219,0.139225631952286,0.0145752783864737,0.032823771238327,-0.783921241760254,0.619820713996887
82.0397090911865,1,-0.493904888629913,-0.533803224563599,0.139211997389793,0.0138083975762129,0.0319273732602596,-0.783153712749481,0.620854437351227
82.0721678733826,1,-0.493944138288498,-0.533798098564148,0.139188840985298,0.0130565203726292,0.03126585111022,-0.783276200294495,0.62075001001358
82.0833096504211,1,-0.493953377008438,-0.533977687358856,0.139260053634644,0.0119146564975381,0.0305054355412722,-0.784247398376465,0.619583249092102
82.1023917198181,1,-0.494125008583069,-0.533907055854797,0.139221340417862,0.0111419148743153,0.0312095545232296,-0.78532338142395,0.618198156356812
82.1200511455536,1,-0.494156867265701,-0.534032464027405,0.139281004667282,0.0103186378255486,0.0312863811850548,-0.78608226776123,0.617243349552155
82.1523535251617,1,-0.494175314903259,-0.534019231796265,0.139241263270378,0.00979210436344147,0.0323626510798931,-0.786673843860626,0.616442382335663
82.1606726646423,1,-0.494093537330627,-0.533653318881989,0.139063701033592,0.0100127402693033,0.0348329357802868,-0.786842703819275,0.616088628768921
82.1813957691193,1,-0.49397400021553,-0.533444702625275,0.13894610106945,0.00993029773235321,0.0369096659123898,-0.787548661231995,0.615066111087799
82.1999397277832,1,-0.494022041559219,-0.533493399620056,0.138955429196358,0.00894584227353334,0.0380456447601318,-0.789239466190338,0.61284065246582
82.2314560413361,1,-0.49409157037735,-0.533326208591461,0.13897006213665,0.00813088286668062,0.0394800938665867,-0.790842592716217,0.610690772533417
82.2396187782288,1,-0.493980705738068,-0.533342182636261,0.139025494456291,0.00734677398577332,0.0400387533009052,-0.791913032531738,0.609275460243225
82.2617325782776,1,-0.49392706155777,-0.533541738986969,0.13906566798687,0.00624415092170238,0.0400403514504433,-0.792355000972748,0.60871285200119
82.2973222732544,1,-0.493851900100708,-0.533578276634216,0.139031127095222,0.0054494277574122,0.0402400493621826,-0.792145192623138,0.608980357646942
82.3005230426788,1,-0.493774443864822,-0.533726453781128,0.139053672552109,0.00432824017480016,0.0397812686860561,-0.791345596313477,0.610058069229126
82.3205006122589,1,-0.493752270936966,-0.533742189407349,0.139038145542145,0.00334533746354282,0.0397486835718155,-0.790727019309998,0.610867977142334
82.3398880958557,1,-0.493780136108398,-0.533790051937103,0.139071553945541,0.00214459840208292,0.0396187156438828,-0.790366113185883,0.611348628997803
82.3684730529785,1,-0.493836015462875,-0.533550024032593,0.139015555381775,0.00154897582251579,0.0403624624013901,-0.790487289428711,0.611145198345184
82.3794777393341,1,-0.493946701288223,-0.53320986032486,0.138871133327484,0.00104821659624577,0.0420182459056377,-0.790852606296539,0.610561847686768
82.4003353118896,1,-0.493984460830688,-0.533110797405243,0.13877746462822,0.000247363263042644,0.0432507246732712,-0.791134834289551,0.610110759735107
82.4193162918091,1,-0.494086891412735,-0.533185601234436,0.138755321502686,-0.000950243615079671,0.0440544188022614,-0.791611015796661,0.609434545040131
82.4433662891388,1,-0.494152247905731,-0.533205211162567,0.138730406761169,-0.00200274121016264,0.0447758510708809,-0.791902184486389,0.60900092124939
82.4608101844788,1,-0.494075566530228,-0.533396899700165,0.138808459043503,-0.00329507514834404,0.0445657633244991,-0.792093455791473,0.608761847019196
82.480108499527,1,-0.494056552648544,-0.53338086605072,0.138884842395782,-0.00449381815269589,0.0445607677102089,-0.792178690433502,0.608643710613251
82.5001435279846,1,-0.493939846754074,-0.533228158950806,0.138927072286606,-0.00534546095877886,0.0445334687829018,-0.792314171791077,0.608462452888489
82.5211956501007,1,-0.493906438350677,-0.53331845998764,0.138923466205597,-0.00638783816248178,0.0441546589136124,-0.792510211467743,0.60822457075119
82.5398998260498,1,-0.493831872940063,-0.533327519893646,0.138905927538872,-0.00704144826158881,0.0435918346047401,-0.792044937610626,0.608863770961761
82.5601394176483,1,-0.493898779153824,-0.533327758312225,0.138893038034439,-0.00782831571996212,0.0430857241153717,-0.790956199169159,0.61030375957489
82.5897443294525,1,-0.493999063968658,-0.53333854675293,0.138891577720642,-0.00886612851172686,0.0425823368132114,-0.789883077144623,0.611713230609894
82.5999362468719,1,-0.494133740663528,-0.533304750919342,0.138835236430168,-0.00995311792939901,0.0424908325076103,-0.789426684379578,0.612291514873505
82.6213781833649,1,-0.494064480066299,-0.533299326896667,0.138699650764465,-0.0108677223324776,0.0425283350050449,-0.789298593997955,0.612438499927521
82.6439168453217,1,-0.49405837059021,-0.533437073230743,0.138765677809715,-0.0124244233593345,0.0418603718280792,-0.790147840976715,0.611358880996704
82.6601779460907,1,-0.493996441364288,-0.533350348472595,0.138843312859535,-0.0135452020913363,0.0415156669914722,-0.790984332561493,0.610276103019714
82.6803538799286,1,-0.494248330593109,-0.53325629234314,0.138890311121941,-0.0147054959088564,0.0417155586183071,-0.791780769824982,0.609201848506927
82.7008037567139,1,-0.49447101354599,-0.533159077167511,0.1389100253582,-0.0156535133719444,0.041800431907177,-0.791912078857422,0.609001696109772
82.7316064834595,1,-0.49381411075592,-0.533469915390015,0.138711154460907,-0.0153043298050761,0.0415147691965103,-0.788404166698456,0.613564312458038
82.7399611473083,1,-0.493956238031387,-0.533171474933624,0.13878233730793,-0.0160588566213846,0.0414509773254395,-0.788536429405212,0.6133793592453
82.7609345912933,1,-0.494131803512573,-0.533190786838531,0.138848021626472,-0.0173054728657007,0.0406428351998329,-0.788763225078583,0.613107919692993
82.7878749370575,1,-0.494158953428268,-0.533436954021454,0.138900101184845,-0.0185160413384438,0.0392024293541908,-0.788677573204041,0.613276541233063
82.8034036159515,1,-0.494015246629715,-0.533656597137451,0.138966947793961,-0.019450806081295,0.0376376062631607,-0.7880579829216,0.614141523838043
82.8203125,1,-0.494022250175476,-0.533773481845856,0.138969838619232,-0.0204845014959574,0.0366712510585785,-0.787635505199432,0.614708006381989
82.8399293422699,1,-0.494248241186142,-0.533808052539825,0.139005646109581,-0.0218414720147848,0.036349106580019,-0.787878632545471,0.614368736743927
82.8757908344269,1,-0.494427233934402,-0.53383857011795,0.138985335826874,-0.0231597516685724,0.0365040488541126,-0.788625180721283,0.613352537155151
82.8848819732666,1,-0.494286805391312,-0.53350567817688,0.138921767473221,-0.0233691316097975,0.0369567573070526,-0.788998365402222,0.612837493419647
82.9002249240875,1,-0.494617342948914,-0.53317666053772,0.138936623930931,-0.024380274116993,0.0377389565110207,-0.789636135101318,0.611928224563599
82.9203476905823,1,-0.494881570339203,-0.53348833322525,0.138974979519844,-0.0259374212473631,0.0376561917364597,-0.790116250514984,0.611249268054962
82.9442460536957,1,-0.494538158178329,-0.533906102180481,0.139052927494049,-0.0266607645899057,0.0365612730383873,-0.789638876914978,0.611901164054871
82.9597291946411,1,-0.494452714920044,-0.53388774394989,0.139026135206223,-0.0271233972162008,0.0371033325791359,-0.789210498332977,0.612400591373444
82.9803891181946,1,-0.494519352912903,-0.534150719642639,0.138951495289803,-0.0281325560063124,0.0371865518391132,-0.78935980796814,0.61215752363205
83.0129127502441,1,-0.494138300418854,-0.534868359565735,0.139048621058464,-0.0295416936278343,0.0354497171938419,-0.78961706161499,0.611862421035767
83.023758649826,1,-0.494022071361542,-0.535340905189514,0.139187872409821,-0.0311586074531078,0.0341955199837685,-0.790183246135712,0.611122190952301
83.0403339862823,1,-0.494222104549408,-0.534994423389435,0.139194518327713,-0.0316147282719612,0.0345218516886234,-0.79032975435257,0.610890865325928
83.0801041126251,1,-0.494506001472473,-0.53506475687027,0.139114871621132,-0.0324679687619209,0.0347104333341122,-0.790518581867218,0.610591113567352
83.0811891555786,1,-0.494318157434464,-0.535556674003601,0.139265388250351,-0.0336481817066669,0.0330876633524895,-0.789683759212494,0.611696481704712
83.0999264717102,1,-0.494236439466476,-0.535475850105286,0.139332726597786,-0.0341732166707516,0.0325261875987053,-0.788614273071289,0.61307555437088
83.1205632686615,1,-0.494337886571884,-0.535428404808044,0.139217376708984,-0.034721877425909,0.0329356640577316,-0.788621127605438,0.613014161586761
83.1487281322479,1,-0.494177371263504,-0.535290539264679,0.139168247580528,-0.0351558104157448,0.0331606715917587,-0.788378894329071,0.613288998603821
83.160281419754,1,-0.494277060031891,-0.53280645608902,0.138659834861755,-0.0324452184140682,0.0388255640864372,-0.787491619586945,0.614245116710663
83.1804463863373,1,-0.494891613721848,-0.532605171203613,0.138592571020126,-0.0340650677680969,0.0400218926370144,-0.788146555423737,0.613239705562592
83.2004301548004,1,-0.494952201843262,-0.532693803310394,0.13854244351387,-0.0352354310452938,0.039922196418047,-0.787963926792145,0.613414645195007
83.2245910167694,1,-0.49464425444603,-0.532289624214172,0.138489171862602,-0.0355072841048241,0.0399224944412708,-0.787076771259308,0.614536881446838
83.241199016571,1,-0.49498924612999,-0.53208726644516,0.138375878334045,-0.0367220416665077,0.0409658923745155,-0.787706732749939,0.613588929176331
83.2654805183411,1,-0.49469593167305,-0.53282231092453,0.138507798314095,-0.0386936292052269,0.0390896312892437,-0.78796660900116,0.613256394863129
83.2843589782715,1,-0.494027137756348,-0.532568454742432,0.138529777526855,-0.0387295372784138,0.038126889616251,-0.786913633346558,0.614665269851685
83.3013188838959,1,-0.494465559720993,-0.532783269882202,0.138600647449493,-0.0406893752515316,0.037863552570343,-0.787428855895996,0.613894462585449
83.3198840618134,1,-0.494545817375183,-0.533044457435608,0.138663113117218,-0.0421055592596531,0.0373709499835968,-0.787226676940918,0.614088594913483
83.3525507450104,1,-0.494108259677887,-0.532693326473236,0.138606950640678,-0.0417165830731392,0.0370773710310459,-0.786083400249481,0.615595519542694
83.3603582382202,1,-0.494520485401154,-0.532971262931824,0.138640731573105,-0.0433246754109859,0.0367280356585979,-0.786145210266113,0.615426540374756
83.3802893161774,1,-0.494641989469528,-0.533311426639557,0.138722911477089,-0.0448901802301407,0.0364264622330666,-0.785863757133484,0.615691661834717
83.4070177078247,1,-0.49423536658287,-0.53265243768692,0.138521179556847,-0.0440033823251724,0.037346750497818,-0.784554541110992,0.617367804050446
83.4219779968262,1,-0.49462503194809,-0.53258752822876,0.138456597924232,-0.0446759276092052,0.037886667996645,-0.785080671310425,0.616617381572723
83.4397416114807,1,-0.494607746601105,-0.532848715782166,0.138491958379745,-0.0450454093515873,0.0373196229338646,-0.785630583763123,0.615924298763275
83.4599676132202,1,-0.494336992502213,-0.532650589942932,0.138567999005318,-0.0441759638488293,0.0372500084340572,-0.785772800445557,0.615810036659241
83.4911828041077,1,-0.494622945785522,-0.532827913761139,0.138672575354576,-0.0438970811665058,0.0368404947221279,-0.786149322986603,0.615373909473419
83.4993207454681,1,-0.494892567396164,-0.53313422203064,0.138772785663605,-0.043492529541254,0.0361667200922966,-0.785744726657867,0.615959107875824
83.5216727256775,1,-0.494533449411392,-0.532979965209961,0.138836234807968,-0.0416591092944145,0.0353939086198807,-0.783788919448853,0.618616819381714
83.5568635463715,1,-0.495341628789902,-0.532288014888763,0.138745486736298,-0.0408176630735397,0.0373973324894905,-0.782266318798065,0.62047952413559
83.5604026317596,1,-0.495486587285995,-0.533315718173981,0.139020919799805,-0.0416708774864674,0.0339002572000027,-0.780587732791901,0.622733652591705
83.5807812213898,1,-0.494133144617081,-0.53460294008255,0.138617962598801,-0.0397592820227146,0.0308782812207937,-0.774741232395172,0.630271255970001
83.6003274917603,1,-0.494042158126831,-0.535444259643555,0.139005795121193,-0.0417918488383293,0.0272271409630775,-0.774045586585999,0.631162047386169
83.6304287910461,1,-0.493739783763885,-0.535927057266235,0.139231145381927,-0.0433967188000679,0.0247185043990612,-0.773317396640778,0.632049024105072
83.6403605937958,1,-0.494060695171356,-0.534913599491119,0.138965636491776,-0.0438005998730659,0.027130950242281,-0.77310836315155,0.632177889347076
83.6601061820984,1,-0.494610399007797,-0.532670080661774,0.138432279229164,-0.0424561128020287,0.0329938977956772,-0.772717833518982,0.632468342781067
83.698230266571,1,-0.494988024234772,-0.532745361328125,0.138590633869171,-0.0450832694768906,0.0326582044363022,-0.772724807262421,0.632295310497284
83.7023787498474,1,-0.495376408100128,-0.532753884792328,0.138639718294144,-0.0471676401793957,0.0326127409934998,-0.772951722145081,0.631868124008179
83.7201859951019,1,-0.495486319065094,-0.532786905765533,0.138664737343788,-0.0486349053680897,0.0319907255470753,-0.772805690765381,0.63196724653244
83.7404012680054,1,-0.495307445526123,-0.532931387424469,0.138761788606644,-0.0499604865908623,0.0306763648986816,-0.772087216377258,0.632806658744812
83.7687587738037,1,-0.495094507932663,-0.53297746181488,0.138786762952805,-0.0508511662483215,0.0297179128974676,-0.771369338035583,0.633656322956085
83.7812626361847,1,-0.495135009288788,-0.532662689685822,0.138732418417931,-0.0512684471905231,0.0294707901775837,-0.770518183708191,0.634669184684753
83.801139831543,1,-0.495174586772919,-0.532478749752045,0.138677671551704,-0.0517467968165874,0.0287433601915836,-0.769788324832916,0.63554859161377
83.8345718383789,1,-0.495344966650009,-0.532337248325348,0.138642802834511,-0.0522139966487885,0.0280002746731043,-0.769081115722656,0.636399269104004
83.8439247608185,1,-0.495497673749924,-0.532274484634399,0.138617888092995,-0.0524639263749123,0.0271080061793327,-0.768408179283142,0.637229681015015
83.8601388931274,1,-0.495700627565384,-0.532344937324524,0.138703629374504,-0.0531059987843037,0.0260334443300962,-0.767525970935822,0.638283550739288
83.8806123733521,1,-0.49570831656456,-0.532467424869537,0.138744190335274,-0.0537265203893185,0.0255990419536829,-0.766931414604187,0.638963580131531
83.9084014892578,1,-0.495562344789505,-0.532626271247864,0.138753309845924,-0.0544671192765236,0.0257476568222046,-0.766746163368225,0.639117181301117
83.920040845871,1,-0.495301902294159,-0.532595574855804,0.138515830039978,-0.0545544289052486,0.0268981829285622,-0.766970217227936,0.638793349266052
83.9403619766235,1,-0.494900435209274,-0.532823920249939,0.138415142893791,-0.0552529655396938,0.0270069893449545,-0.767413020133972,0.638196706771851
83.9744865894318,1,-0.494756162166595,-0.532900810241699,0.138428062200546,-0.0563479959964752,0.0270895101130009,-0.767756402492523,0.637684285640717
83.9815812110901,1,-0.494616717100143,-0.532599091529846,0.138376295566559,-0.0566480495035648,0.0277226436883211,-0.768179059028625,0.637121260166168
84.0008029937744,1,-0.494925618171692,-0.53240978717804,0.138386905193329,-0.0574355125427246,0.0279968548566103,-0.768710613250732,0.636397242546082
84.0193552970886,1,-0.495231419801712,-0.532121598720551,0.138392105698586,-0.0576329678297043,0.0282202158123255,-0.768273413181305,0.636897146701813
84.0476059913635,1,-0.495266646146774,-0.532242178916931,0.138500958681107,-0.0576837211847305,0.0269366353750229,-0.767372190952301,0.6380335688591
84.0603306293488,1,-0.495263576507568,-0.532835304737091,0.138670682907104,-0.0581104643642902,0.0250276811420918,-0.766801357269287,0.638758480548859
84.0810940265656,1,-0.495171010494232,-0.533032298088074,0.13876748085022,-0.0575595945119858,0.0239704716950655,-0.766048073768616,0.63975203037262
84.1153075695038,1,-0.494871705770493,-0.533213973045349,0.138832673430443,-0.0567501708865166,0.0229937992990017,-0.765319406986237,0.640731632709503
84.1246480941772,1,-0.495217829942703,-0.532849490642548,0.138848289847374,-0.0561200864613056,0.0240395050495863,-0.765199184417725,0.640892267227173
84.1408679485321,1,-0.495507121086121,-0.533073365688324,0.138908743858337,-0.0562910214066505,0.0238258708268404,-0.765562891960144,0.640450716018677
84.1717398166656,1,-0.495501488447189,-0.533131241798401,0.138870984315872,-0.0557913407683372,0.0241251904517412,-0.765811204910278,0.640186309814453
84.1784987449646,1,-0.495239466428757,-0.533129751682281,0.138871118426323,-0.0551164634525776,0.0241343565285206,-0.765526652336121,0.640584707260132
84.1984624862671,1,-0.495618641376495,-0.53249716758728,0.138842269778252,-0.0543326400220394,0.0256883334368467,-0.765544056892395,0.640570402145386
84.2199811935425,1,-0.494458138942719,-0.53270548582077,0.137978285551071,-0.0504940040409565,0.0271781794726849,-0.761516690254211,0.645603716373444
84.238997220993,1,-0.493700355291367,-0.532804429531097,0.137872397899628,-0.0487377233803272,0.0267245173454285,-0.760764718055725,0.646643280982971
84.2597160339355,1,-0.494534313678741,-0.532316625118256,0.138040900230408,-0.0492487661540508,0.0284621901810169,-0.762759864330292,0.644175410270691
84.2870786190033,1,-0.494557082653046,-0.532350480556488,0.137750178575516,-0.0480011403560638,0.0297433380037546,-0.762663602828979,0.644325494766235
84.300297498703,1,-0.49364697933197,-0.532788872718811,0.137843310832977,-0.0464394278824329,0.0281731728464365,-0.761483669281006,0.645904183387756
84.320321559906,1,-0.494017988443375,-0.532353401184082,0.137895479798317,-0.045885968953371,0.029475400224328,-0.760920345783234,0.646549165248871
84.3393607139587,1,-0.494322180747986,-0.532733976840973,0.137870401144028,-0.0459425747394562,0.0292563252151012,-0.760787665843964,0.64671128988266
84.3676450252533,1,-0.493994414806366,-0.532820522785187,0.137904897332191,-0.045146007090807,0.0284919142723083,-0.759340047836304,0.648500382900238
84.3804466724396,1,-0.494272232055664,-0.532507658004761,0.137946233153343,-0.0450086481869221,0.0288766250014305,-0.759005904197693,0.648884057998657
84.415139913559,1,-0.494303643703461,-0.532763183116913,0.137945726513863,-0.0448720380663872,0.0286182183772326,-0.758963108062744,0.64895486831665
84.4204437732697,1,-0.494094341993332,-0.53265255689621,0.137957975268364,-0.0441787466406822,0.028337188065052,-0.758568167686462,0.649476408958435
84.4395866394043,1,-0.49456524848938,-0.532901406288147,0.138008683919907,-0.0447750352323055,0.0285875853151083,-0.758456647396088,0.649554848670959
84.465140581131,1,-0.493913441896439,-0.533370018005371,0.138054251670837,-0.0436170697212219,0.0268778335303068,-0.757864058017731,0.650397777557373
84.4808633327484,1,-0.494224399328232,-0.532440304756165,0.137892097234726,-0.0415310189127922,0.0288528334349394,-0.757642567157745,0.65070766210556
84.4990351200104,1,-0.494356632232666,-0.532407402992249,0.137754410505295,-0.0394879728555679,0.0294043589383364,-0.756818532943726,0.651768267154694
84.5185914039612,1,-0.494195222854614,-0.532221853733063,0.13780277967453,-0.0371971875429153,0.028895540162921,-0.755452752113342,0.653507888317108
84.5406634807587,1,-0.494678437709808,-0.532856583595276,0.138062417507172,-0.0370675101876259,0.0273464415222406,-0.754662930965424,0.654493749141693
84.5600326061249,1,-0.494040906429291,-0.533196926116943,0.138035118579865,-0.0342692025005817,0.0255528651177883,-0.752684473991394,0.656992197036743
84.580385684967,1,-0.494027137756348,-0.532450497150421,0.137884467840195,-0.0313527770340443,0.0262698251754045,-0.750614702701569,0.659472942352295
84.6050453186035,1,-0.494106769561768,-0.532918035984039,0.137931615114212,-0.0302660949528217,0.0250683650374413,-0.750331997871399,0.659891963005066
84.6205341815948,1,-0.49399396777153,-0.533890187740326,0.138362109661102,-0.0304749589413404,0.0213136281818151,-0.750877022743225,0.659394264221191
84.6395227909088,1,-0.494332730770111,-0.534805238246918,0.138508394360542,-0.0301984399557114,0.0197189263999462,-0.751057982444763,0.659250438213348
84.6619212627411,1,-0.493805080652237,-0.535591244697571,0.138780996203423,-0.0289709772914648,0.0171236954629421,-0.751219689846039,0.659193873405457
84.6807816028595,1,-0.494171142578125,-0.535008490085602,0.138593569397926,-0.0266403444111347,0.0196158885955811,-0.751163423061371,0.659286677837372
84.7045369148254,1,-0.493838965892792,-0.53427267074585,0.138324320316315,-0.022777646780014,0.021845294162631,-0.751059412956238,0.659479916095734
84.7199783325195,1,-0.494119763374329,-0.533617615699768,0.138302236795425,-0.0202485620975494,0.0234277155250311,-0.751161277294159,0.65939199924469
84.7556722164154,1,-0.494305312633514,-0.533395528793335,0.13799075782299,-0.0173818580806255,0.0250819493085146,-0.751544177532196,0.658976495265961
84.7599449157715,1,-0.494485139846802,-0.532644510269165,0.137917384505272,-0.0148142632097006,0.0265825167298317,-0.751973271369934,0.658490896224976
84.7784557342529,1,-0.494572877883911,-0.532979786396027,0.137896582484245,-0.013371555134654,0.0262322463095188,-0.752133429050446,0.658352792263031
84.7999360561371,1,-0.494214743375778,-0.532680094242096,0.138000562787056,-0.010985916480422,0.0256159733980894,-0.75196498632431,0.658613622188568
84.8232040405273,1,-0.494485169649124,-0.532849013805389,0.137953400611877,-0.00940085388720036,0.0258177947252989,-0.751607775688171,0.65903776884079
84.8400480747223,1,-0.494281649589539,-0.532508075237274,0.137911945581436,-0.00671043014153838,0.0259808860719204,-0.750580072402954,0.660234451293945
84.8680999279022,1,-0.494696080684662,-0.532741725444794,0.137947484850883,-0.00601640343666077,0.0256919581443071,-0.750580608844757,0.660251975059509
84.8808267116547,1,-0.494427055120468,-0.53268438577652,0.138009399175644,-0.00395181588828564,0.0249542631208897,-0.750387847423553,0.660514771938324
84.9053621292114,1,-0.494949877262115,-0.532573878765106,0.13803394138813,-0.00322251580655575,0.0252867396920919,-0.750645697116852,0.660212993621826
84.9222223758698,1,-0.494326025247574,-0.533093929290771,0.138135209679604,-0.000909022346604615,0.022941492497921,-0.749538064002991,0.661562919616699
84.94069647789,1,-0.494440644979477,-0.533063769340515,0.138167902827263,0.00111198169179261,0.0223150998353958,-0.748294591903687,0.662990272045135
84.9599180221558,1,-0.494559437036514,-0.533183157444,0.13809435069561,0.00318256625905633,0.0218548309057951,-0.74657016992569,0.664940059185028
84.9898827075958,1,-0.494413942098618,-0.533162772655487,0.138115435838699,0.00596877839416265,0.0204324647784233,-0.74489963054657,0.666836977005005
85.000129699707,1,-0.494380623102188,-0.533588707447052,0.138154447078705,0.0080588711425662,0.0189712289720774,-0.74407571554184,0.667777359485626
85.0194797515869,1,-0.494158118963242,-0.533270180225372,0.138206884264946,0.0107142888009548,0.0183837581425905,-0.742830216884613,0.66914165019989
85.0500295162201,1,-0.494383722543716,-0.533252000808716,0.138075113296509,0.0122060356661677,0.0185125041753054,-0.74199777841568,0.670035600662231
85.0600180625916,1,-0.494178086519241,-0.532916843891144,0.138048738241196,0.0136945275589824,0.0183856785297394,-0.741726577281952,0.670310497283936
85.0799360275269,1,-0.494770050048828,-0.533066272735596,0.138076588511467,0.0129412459209561,0.0189592838287354,-0.743560671806335,0.668274343013763
85.1096358299255,1,-0.494365304708481,-0.532801866531372,0.138029202818871,0.014347031712532,0.0188921242952347,-0.743857622146606,0.66791707277298
85.1200222969055,1,-0.494536310434341,-0.533013224601746,0.138011381030083,0.0148030919954181,0.0192539636045694,-0.745244324207306,0.666349112987518
85.1399321556091,1,-0.494133681058884,-0.533259332180023,0.138125836849213,0.015886016190052,0.0187786277383566,-0.745951771736145,0.665545701980591
85.1727542877197,1,-0.494765818119049,-0.533129394054413,0.138039901852608,0.0166585091501474,0.0206556841731071,-0.747330069541931,0.663922965526581
85.1836197376251,1,-0.494678378105164,-0.532501816749573,0.138075664639473,0.0191222988069057,0.0219904650002718,-0.746940076351166,0.664252519607544
85.2007172107697,1,-0.494910001754761,-0.532415211200714,0.138006299734116,0.0201532375067472,0.0226944852620363,-0.74612945318222,0.665108740329742
85.22585272789,1,-0.494440019130707,-0.532526433467865,0.138054847717285,0.0217069629579782,0.0219995304942131,-0.745369970798492,0.665934264659882
85.246062040329,1,-0.494637429714203,-0.532732486724854,0.138051673769951,0.0215369928628206,0.0218423493206501,-0.745509088039398,0.665789306163788
85.2620232105255,1,-0.494527399539948,-0.532621443271637,0.138108015060425,0.0218632351607084,0.0221644882112741,-0.745908856391907,0.665319979190826
85.280392408371,1,-0.494958162307739,-0.53222918510437,0.137910589575768,0.0212751105427742,0.0243356451392174,-0.74714732170105,0.663872063159943
85.3137245178223,1,-0.494752824306488,-0.53235399723053,0.137902393937111,0.0209831763058901,0.0246822070330381,-0.748351693153381,0.662510633468628
85.3218762874603,1,-0.495012283325195,-0.532468020915985,0.137853488326073,0.0199194625020027,0.0255060326308012,-0.749313354492188,0.661424398422241
85.3407089710236,1,-0.494616478681564,-0.532895088195801,0.137962892651558,0.0195033382624388,0.024910444393754,-0.749706745147705,0.661013543605804
85.3603575229645,1,-0.494685143232346,-0.532888829708099,0.137898132205009,0.018993167206645,0.0256999470293522,-0.750405251979828,0.660205066204071
85.3823049068451,1,-0.494318246841431,-0.533014595508575,0.13790537416935,0.0192527621984482,0.0257106516510248,-0.750662267208099,0.659904897212982
85.4019000530243,1,-0.494365215301514,-0.532945215702057,0.137923240661621,0.0186766535043716,0.0261487755924463,-0.751456439495087,0.658999681472778
85.420027256012,1,-0.494304209947586,-0.533121466636658,0.138054132461548,0.0174447428435087,0.0261303912848234,-0.752299666404724,0.658071517944336
85.441136598587,1,-0.494573622941971,-0.532942533493042,0.13802096247673,0.0156887676566839,0.0270600263029337,-0.753737151622772,0.656431198120117
85.4643907546997,1,-0.494324326515198,-0.532984852790833,0.137931138277054,0.0148183237761259,0.0275680515915155,-0.754722416400909,0.655297160148621
85.4964597225189,1,-0.494449079036713,-0.532830417156219,0.137885168194771,0.013144213706255,0.0285218860954046,-0.756454885005951,0.653291583061218
85.4997313022614,1,-0.494517117738724,-0.533123850822449,0.137965112924576,0.0110684288665652,0.029012693092227,-0.757557511329651,0.652029454708099
85.5202991962433,1,-0.494569420814514,-0.532891690731049,0.137911304831505,0.0106235388666391,0.0297413915395737,-0.75801944732666,0.651466906070709
85.5399928092957,1,-0.494390726089478,-0.533108055591583,0.137833029031754,0.010616316460073,0.0297597907483578,-0.758414208889008,0.651006639003754
85.5601887702942,1,-0.494465231895447,-0.53313797712326,0.137910306453705,0.0104235913604498,0.0298678949475288,-0.758025586605072,0.651457250118256
85.5802075862885,1,-0.494426190853119,-0.533193230628967,0.137917548418045,0.0103093413636088,0.0303458943963051,-0.757449805736542,0.652106404304504
85.6004891395569,1,-0.494533836841583,-0.532971024513245,0.137838184833527,0.0103772515431046,0.030770679935813,-0.757370829582214,0.652177095413208
85.6197402477264,1,-0.49430313706398,-0.533100187778473,0.137720853090286,0.0105454139411449,0.0306637603789568,-0.757452845573425,0.652084112167358
85.6400675773621,1,-0.494530826807022,-0.533050775527954,0.137770652770996,0.00980127509683371,0.030840964987874,-0.757899343967438,0.651568353176117
85.6598613262177,1,-0.494094878435135,-0.532958745956421,0.137783959507942,0.0101831583306193,0.0307873133569956,-0.757400631904602,0.652144730091095
85.6799275875092,1,-0.494465976953506,-0.53277051448822,0.13773638010025,0.00958894658833742,0.0317462496459484,-0.757773518562317,0.651674389839172
85.6999459266663,1,-0.494021147489548,-0.532787024974823,0.137696802616119,0.0104745319113135,0.0312579311430454,-0.757704377174377,0.651764869689941
85.72039270401,1,-0.494537681341171,-0.533017814159393,0.137726292014122,0.00943223107606173,0.0314683355391026,-0.757675766944885,0.651803910732269
85.7399919033051,1,-0.49412727355957,-0.533057749271393,0.137767776846886,0.0101596275344491,0.0307531505823135,-0.757366061210632,0.652186870574951
85.7679193019867,1,-0.494436293840408,-0.533117473125458,0.137690842151642,0.0100584533065557,0.0312072839587927,-0.758001625537872,0.65142810344696
85.7814700603485,1,-0.494451254606247,-0.532876491546631,0.137755632400513,0.010184807702899,0.0317034423351288,-0.758335590362549,0.651013255119324
85.8018181324005,1,-0.494466841220856,-0.532859861850739,0.137586936354637,0.0106186969205737,0.0319810099899769,-0.758902966976166,0.650331318378448
85.8263583183289,1,-0.4944908618927,-0.532756924629211,0.137682721018791,0.0102124782279134,0.0322002582252026,-0.759022355079651,0.65018755197525
85.8442869186401,1,-0.49439013004303,-0.53313285112381,0.137677669525146,0.0101282559335232,0.0314330086112022,-0.759048402309418,0.650196075439453
85.8611826896667,1,-0.494581639766693,-0.53278774023056,0.137613877654076,0.0104771722108126,0.0318696908652782,-0.759291350841522,0.649885535240173
85.8805799484253,1,-0.494168162345886,-0.532972931861877,0.137693703174591,0.0109884990379214,0.0310734193772078,-0.759242177009583,0.649973094463348
85.913614988327,1,-0.494483858346939,-0.532896816730499,0.13764488697052,0.0106409750878811,0.0316474549472332,-0.760160982608795,0.648876368999481
85.9223673343658,1,-0.494187116622925,-0.532764375209808,0.137628674507141,0.0114119807258248,0.0323009304702282,-0.760762453079224,0.648125767707825
85.9403738975525,1,-0.494610875844955,-0.532854378223419,0.137572899460793,0.0106051303446293,0.0332535691559315,-0.761384665966034,0.64736020565033
85.960853099823,1,-0.494564861059189,-0.532446503639221,0.137568607926369,0.0109909744933248,0.0343971289694309,-0.761656641960144,0.646973848342896
85.9874517917633,1,-0.494467794895172,-0.532841980457306,0.137541443109512,0.0109670646488667,0.033769104629755,-0.76221227645874,0.646352827548981
86.0003266334534,1,-0.494526624679565,-0.532294929027557,0.137491315603256,0.0118262888863683,0.0347235500812531,-0.762152791023254,0.646357119083405
86.0197987556458,1,-0.494167357683182,-0.532640695571899,0.137607425451279,0.0118317333981395,0.0337404794991016,-0.76193368434906,0.646667420864105
86.0553767681122,1,-0.494605451822281,-0.532713115215302,0.137555673718452,0.010825932957232,0.034027524292469,-0.762201964855194,0.646353721618652
86.0643920898438,1,-0.494316577911377,-0.532612860202789,0.137559488415718,0.0112199718132615,0.0337564125657082,-0.762261927127838,0.64629054069519
86.0814247131348,1,-0.494705319404602,-0.532651662826538,0.137452974915504,0.0106566408649087,0.0343707837164402,-0.762088477611542,0.646472215652466
86.1002736091614,1,-0.494583249092102,-0.53231018781662,0.137512862682343,0.0110868234187365,0.0341045334935188,-0.761298179626465,0.647409498691559
86.1315126419067,1,-0.494369357824326,-0.532917082309723,0.137508437037468,0.0110667264088988,0.0322697386145592,-0.760451376438141,0.648498237133026
86.1400947570801,1,-0.494394302368164,-0.532618582248688,0.137501731514931,0.0118967648595572,0.0320685654878616,-0.759309768676758,0.649829685688019
86.1600649356842,1,-0.493979305028915,-0.533048689365387,0.137669503688812,0.0122514860704541,0.0305512454360723,-0.758509159088135,0.650830507278442
86.1816759109497,1,-0.494599431753159,-0.533147275447845,0.137633934617043,0.0117281721904874,0.0313964150846004,-0.758432865142822,0.650888860225677
86.2073407173157,1,-0.494696289300919,-0.532558560371399,0.137590870261192,0.0127409677952528,0.0326214544475079,-0.758042395114899,0.651264429092407
86.2200746536255,1,-0.494320899248123,-0.532886207103729,0.137448623776436,0.0132367135956883,0.0314156450331211,-0.757286369800568,0.652192652225494
86.2411201000214,1,-0.494486153125763,-0.532673001289368,0.13742969930172,0.0127644762396812,0.0314578376710415,-0.756934762001038,0.652608036994934
86.2734370231628,1,-0.494188159704208,-0.532778084278107,0.137442275881767,0.0124083533883095,0.0306516718119383,-0.757179737091064,0.652369141578674
86.2793307304382,1,-0.494716703891754,-0.532868206501007,0.137319132685661,0.0105962315574288,0.031339805573225,-0.757936835289001,0.651488542556763
86.3011314868927,1,-0.494667917490005,-0.532388746738434,0.137347027659416,0.0105181923136115,0.0320240370929241,-0.758195102214813,0.651155948638916
86.3211863040924,1,-0.494404941797256,-0.532761931419373,0.137271985411644,0.0105241192504764,0.0313616916537285,-0.758363425731659,0.650992035865784
86.3463170528412,1,-0.494405090808868,-0.5324746966362,0.137288957834244,0.0111453952267766,0.0320507511496544,-0.7584108710289,0.650892853736877
86.3611826896667,1,-0.494334936141968,-0.532434403896332,0.137420326471329,0.010866791009903,0.0326534658670425,-0.75823587179184,0.651071429252625
86.379843711853,1,-0.494551718235016,-0.532768070697784,0.13728491961956,0.00999957136809826,0.0332924798130989,-0.758834838867188,0.65035480260849
86.413446187973,1,-0.494261115789413,-0.532332539558411,0.137314423918724,0.0100971115753055,0.0336197428405285,-0.75922966003418,0.649875581264496
86.423939704895,1,-0.494090050458908,-0.532426059246063,0.137330874800682,0.00894961412996054,0.0345755033195019,-0.760962963104248,0.647811591625214
86.4401240348816,1,-0.494586259126663,-0.532587349414825,0.137384280562401,0.00694964407011867,0.0353752113878727,-0.762572824954987,0.645897150039673
86.4608874320984,1,-0.494663923978806,-0.532127380371094,0.137381181120872,0.00647315103560686,0.0364215672016144,-0.762726128101349,0.645662844181061
86.4872190952301,1,-0.493958175182343,-0.532689869403839,0.137283951044083,0.00667021982371807,0.0346410870552063,-0.762312948703766,0.646246492862701
86.5001821517944,1,-0.494547158479691,-0.532755374908447,0.13727006316185,0.00539589673280716,0.0348831564188004,-0.762081444263458,0.646518349647522
86.5203263759613,1,-0.494536310434341,-0.53265517950058,0.137439921498299,0.00560709787532687,0.0345270745456219,-0.761329710483551,0.647420763969421
86.5561263561249,1,-0.494392096996307,-0.532754242420197,0.137171000242233,0.00670559937134385,0.0340592302381992,-0.760004043579102,0.648990750312805
86.5611901283264,1,-0.494417130947113,-0.532844960689545,0.137188106775284,0.0064939521253109,0.0333050489425659,-0.758950054645538,0.650264203548431
86.5813593864441,1,-0.49432584643364,-0.532697319984436,0.137278214097023,0.00654131220653653,0.0337330512702465,-0.759059131145477,0.650114417076111
86.6006124019623,1,-0.494515925645828,-0.533052563667297,0.13715822994709,0.00531146163120866,0.0335060991346836,-0.758853375911713,0.650377333164215
86.6352996826172,1,-0.494442522525787,-0.532926797866821,0.137221232056618,0.00458175968378782,0.0333929136395454,-0.759389638900757,0.649762630462646
86.6451923847198,1,-0.494133234024048,-0.532753646373749,0.137190118432045,0.00511562451720238,0.0343057923018932,-0.760500311851501,0.648410499095917
86.661062002182,1,-0.494562953710556,-0.53278774023056,0.137134850025177,0.00403485633432865,0.0351803302764893,-0.761047422885895,0.647729158401489
86.6805362701416,1,-0.494337469339371,-0.532397627830505,0.137091651558876,0.00474160211160779,0.0353194661438465,-0.760546147823334,0.648305296897888
86.7160038948059,1,-0.494116067886353,-0.532673954963684,0.137161299586296,0.00488394871354103,0.0342204384505749,-0.76016241312027,0.64881294965744
86.721372127533,1,-0.494338184595108,-0.533178687095642,0.137264803051949,0.00366732245311141,0.032802227884531,-0.759365081787109,0.649827241897583
86.7406392097473,1,-0.494495779275894,-0.53330796957016,0.137214794754982,0.00291606760583818,0.0319497436285019,-0.758465349674225,0.650923132896423
86.7601642608643,1,-0.49454540014267,-0.532649159431458,0.137274652719498,0.0034047425724566,0.0330914482474327,-0.758508861064911,0.650813102722168
86.7921130657196,1,-0.494035124778748,-0.532839834690094,0.137164935469627,0.00349746365100145,0.0326391756534576,-0.758754134178162,0.650549471378326
86.8022785186768,1,-0.493902176618576,-0.532781064510345,0.137002423405647,0.0036443998105824,0.0328538902103901,-0.758940458297729,0.650320470333099
86.8206973075867,1,-0.49407571554184,-0.533276319503784,0.137185379862785,0.00191051012370735,0.0320891588926315,-0.758801639080048,0.650528013706207
86.8397543430328,1,-0.49441534280777,-0.533242166042328,0.137183383107185,0.00126514805015177,0.0323488526046276,-0.759104132652283,0.650163769721985
86.8672826290131,1,-0.494172692298889,-0.532949030399323,0.137004569172859,0.00243989028967917,0.0319253541529179,-0.758924603462219,0.650390863418579
86.8799726963043,1,-0.494242250919342,-0.532797992229462,0.136747688055038,0.00260630436241627,0.0320179350674152,-0.758983075618744,0.650317430496216
86.9022998809814,1,-0.494514018297195,-0.533259689807892,0.13688237965107,0.000531147583387792,0.0312852337956429,-0.758506774902344,0.650913596153259
86.9252512454987,1,-0.494755357503891,-0.533616185188293,0.136805191636086,-0.000865978188812733,0.0308951623737812,-0.758662223815918,0.650750637054443
86.9464464187622,1,-0.49455264210701,-0.533115804195404,0.136639639735222,0.000505792035255581,0.0313798822462559,-0.758463025093079,0.650960147380829
86.9603519439697,1,-0.494613766670227,-0.533279061317444,0.136660575866699,-0.000181220399099402,0.0310379937291145,-0.758734464645386,0.650660157203674
86.9813597202301,1,-0.494707971811295,-0.532984256744385,0.136646002531052,-0.000263547844951972,0.0317841321229935,-0.75887131690979,0.650464594364166
87.0222501754761,1,-0.494656622409821,-0.533081531524658,0.136523798108101,-0.000837681465782225,0.0311091281473637,-0.759466946125031,0.649801135063171
87.0233297348022,1,-0.49468594789505,-0.532880783081055,0.136517062783241,-0.00121589913032949,0.0315900407731533,-0.759679555892944,0.649528861045837
87.0400176048279,1,-0.494532316923141,-0.533009350299835,0.136439278721809,-0.00141167850233614,0.0309302862733603,-0.759523332118988,0.649742782115936
87.060350894928,1,-0.494460761547089,-0.532902657985687,0.136535912752151,-0.00110756908543408,0.0309185944497585,-0.758916854858398,0.650452196598053
87.0842599868774,1,-0.494330048561096,-0.533018946647644,0.136692464351654,-0.000679622928146273,0.0302353110164404,-0.758146226406097,0.65138304233551
87.1013596057892,1,-0.494111686944962,-0.532794594764709,0.136859625577927,0.000602160696871579,0.0299029629677534,-0.757299244403839,0.652382910251617
87.1199910640717,1,-0.493847817182541,-0.532675683498383,0.137072205543518,0.00166083406656981,0.0289557073265314,-0.756384789943695,0.653483688831329
87.1396639347076,1,-0.493883073329926,-0.53262460231781,0.137145966291428,0.00151113083120435,0.0288778580725193,-0.756027519702911,0.653900742530823
87.1737778186798,1,-0.493918567895889,-0.53245735168457,0.137233674526215,0.00120298017282039,0.0290591511875391,-0.755760669708252,0.654201805591583
87.1852960586548,1,-0.493764758110046,-0.5322585105896,0.136931076645851,0.000866598740685731,0.0291091538965702,-0.755376517772675,0.654643595218658
87.2004024982452,1,-0.493961185216904,-0.532225728034973,0.136874601244926,-0.000796615961007774,0.0289295241236687,-0.755111813545227,0.654956936836243
87.2200736999512,1,-0.494202941656113,-0.532621324062347,0.136938631534576,-0.00309398001991212,0.0284953527152538,-0.754718482494354,0.655422389507294
87.2474644184113,1,-0.494093388319016,-0.532245993614197,0.136745318770409,-0.00247206492349505,0.0288135670125484,-0.754477798938751,0.655688107013702
87.2606284618378,1,-0.494330555200577,-0.53273332118988,0.136931404471397,-0.00370160094462335,0.0280705615878105,-0.754155099391937,0.656085729598999
87.281094789505,1,-0.494559675455093,-0.532699406147003,0.136903196573257,-0.00370443449355662,0.0286509357392788,-0.753423988819122,0.656900107860565
87.300794839859,1,-0.494656890630722,-0.532780289649963,0.136783227324486,-0.00321816117502749,0.0285239033401012,-0.753518283367157,0.656800150871277
87.3235795497894,1,-0.494950950145721,-0.532786071300507,0.136791199445724,-0.00347923766821623,0.0287388749420643,-0.753214180469513,0.657137989997864
87.340015411377,1,-0.49488776922226,-0.532801508903503,0.136654675006866,-0.00259984657168388,0.0285375937819481,-0.753063201904297,0.657324016094208
87.3606042861938,1,-0.494730085134506,-0.532776892185211,0.136579528450966,-0.00177361804526299,0.0284623298794031,-0.752715647220612,0.657727956771851
87.3905854225159,1,-0.494709730148315,-0.532832860946655,0.136783882975578,-0.00153272377792746,0.0280322656035423,-0.752879500389099,0.657559335231781
87.4018166065216,1,-0.494084298610687,-0.532537519931793,0.136686488986015,0.000742492091376334,0.0277414191514254,-0.75271600484848,0.657760143280029
87.4183809757233,1,-0.49419891834259,-0.532386302947998,0.136864185333252,0.000623207539319992,0.0280683562159538,-0.752201437950134,0.658334851264954
87.4393358230591,1,-0.494008094072342,-0.532131314277649,0.136775597929955,0.00161376665346324,0.0280732996761799,-0.751831889152527,0.658754944801331
87.4587845802307,1,-0.494240701198578,-0.53187370300293,0.136755421757698,0.00127436290495098,0.0283983275294304,-0.750767767429352,0.659954428672791
87.4858686923981,1,-0.494381785392761,-0.53191214799881,0.136685341596603,0.000765887671150267,0.0285155847668648,-0.750571250915527,0.66017347574234
87.4997627735138,1,-0.494436234235764,-0.531623959541321,0.136594399809837,0.00123134697787464,0.0287638753652573,-0.750578284263611,0.660154044628143
87.5284044742584,1,-0.494767963886261,-0.531911313533783,0.136700615286827,5.71379314351361e-05,0.0288203917443752,-0.7509406208992,0.659740567207336
87.5395832061768,1,-0.494726628065109,-0.531889081001282,0.136661842465401,0.000255757011473179,0.0287818554788828,-0.750673174858093,0.660046517848969
87.5593836307526,1,-0.494885921478271,-0.532021641731262,0.13656821846962,4.40397452621255e-05,0.0291448999196291,-0.750990450382233,0.659669518470764
87.5862212181091,1,-0.494997560977936,-0.532328367233276,0.136616170406342,-0.000424238271079957,0.0287813134491444,-0.750541746616364,0.660195887088776
87.5999038219452,1,-0.494955837726593,-0.53246659040451,0.136378988623619,0.000172981614014134,0.0286389235407114,-0.750297129154205,0.660480141639709
87.6192617416382,1,-0.495031118392944,-0.532906949520111,0.136466383934021,-0.000723293342161924,0.027906334027648,-0.75007826089859,0.660759687423706
87.6510901451111,1,-0.494838833808899,-0.532766044139862,0.13629837334156,8.85190238477662e-05,0.0284245871007442,-0.750531136989594,0.660223662853241
87.65944480896,1,-0.49466198682785,-0.532669901847839,0.136319115757942,0.000317190249916166,0.0291336663067341,-0.750852882862091,0.659826517105103
87.6790418624878,1,-0.494555056095123,-0.532603681087494,0.136496618390083,0.000623612373601645,0.0293179135769606,-0.751392245292664,0.659203946590424
87.7002353668213,1,-0.494050234556198,-0.53242701292038,0.136431217193604,0.00212978664785624,0.0289864577353001,-0.751463115215302,0.659134745597839
87.7219333648682,1,-0.494229197502136,-0.53244149684906,0.136701986193657,0.00153366988524795,0.0292267017066479,-0.750597774982452,0.660111010074615
87.7396461963654,1,-0.493965059518814,-0.532207548618317,0.136580765247345,0.00278375740163028,0.029229523614049,-0.750359773635864,0.660377264022827
87.7593441009521,1,-0.493944227695465,-0.532169282436371,0.136656537652016,0.00280652847141027,0.0292298141866922,-0.749888718128204,0.660912096500397
87.7924160957336,1,-0.494119554758072,-0.532034575939178,0.136639639735222,0.00258747977204621,0.0301711615175009,-0.750292301177979,0.6604123711586
87.8003835678101,1,-0.493939757347107,-0.531920433044434,0.136609703302383,0.00308384886011481,0.0301420334726572,-0.750045120716095,0.66069221496582
87.8202991485596,1,-0.4942646920681,-0.532032489776611,0.136633783578873,0.00204094010405242,0.0306964460760355,-0.750372231006622,0.660299241542816
87.844642162323,1,-0.494394063949585,-0.531807243824005,0.136539682745934,0.00202077743597329,0.0312937386333942,-0.749964892864227,0.660733878612518
87.8607800006866,1,-0.494531273841858,-0.532009184360504,0.136539325118065,0.00134252407588065,0.0311123672872782,-0.750178098678589,0.660502254962921
87.88028383255,1,-0.494472622871399,-0.531828939914703,0.136498346924782,0.001656748005189,0.0313176400959492,-0.749932408332825,0.66077071428299
87.9007849693298,1,-0.494614988565445,-0.532050490379333,0.13652703166008,0.00122385425493121,0.0310496706515551,-0.749932944774628,0.660783588886261
87.9291079044342,1,-0.494670182466507,-0.53185760974884,0.136415734887123,0.00164610985666513,0.0313384495675564,-0.749093115329742,0.661721050739288
87.9403557777405,1,-0.494734764099121,-0.532067775726318,0.136453360319138,0.00150739797390997,0.0309944078326225,-0.749062299728394,0.661772489547729
87.9605128765106,1,-0.49464213848114,-0.532041132450104,0.136406853795052,0.00192276458255947,0.0309835281223059,-0.748419284820557,0.662498950958252
87.9953210353851,1,-0.494621783494949,-0.532152950763702,0.136316001415253,0.00201914249919355,0.0307657495141029,-0.748320639133453,0.662620365619659
88.0003986358643,1,-0.49471977353096,-0.532451212406158,0.136422887444496,0.000968638574704528,0.0300937369465828,-0.748315930366516,0.662658870220184
88.0206751823425,1,-0.494819402694702,-0.53224104642868,0.136240437626839,0.00111519184429199,0.0310104694217443,-0.748250424861908,0.662690281867981
88.043434381485,1,-0.494857519865036,-0.532392621040344,0.136338979005814,0.000504152092617005,0.0305142533034086,-0.748352646827698,0.662598669528961
88.0663194656372,1,-0.494797646999359,-0.532187283039093,0.136204302310944,0.00107635802123696,0.0308877658098936,-0.748377799987793,0.662552297115326
88.0811381340027,1,-0.494794726371765,-0.532159209251404,0.13622197508812,0.000855480262544006,0.0307971816509962,-0.748211443424225,0.662744641304016
88.1003868579865,1,-0.494837939739227,-0.532279968261719,0.136172235012054,0.000690619111992419,0.0306744929403067,-0.748001635074615,0.662987291812897
88.1322615146637,1,-0.494773864746094,-0.532536327838898,0.136295557022095,0.000441031064838171,0.0299597065895796,-0.747847199440002,0.663194358348846
88.143390417099,1,-0.494879096746445,-0.53249990940094,0.136163458228111,0.000888205599039793,0.0302475932985544,-0.747601568698883,0.663457751274109
88.1598415374756,1,-0.49474972486496,-0.532635629177094,0.136228859424591,0.000922981067560613,0.0297060087323189,-0.747608423233032,0.663474500179291
88.180558681488,1,-0.494827181100845,-0.532453238964081,0.136111423373222,0.00101827085018158,0.0305876936763525,-0.74750167131424,0.663554549217224
88.2106363773346,1,-0.494768381118774,-0.532610416412354,0.136185213923454,0.000527398660778999,0.0302220545709133,-0.747705519199371,0.663342118263245
88.2204389572144,1,-0.494899779558182,-0.532366991043091,0.136042326688766,0.000735860376153141,0.0310022607445717,-0.74787163734436,0.663118660449982
88.2403774261475,1,-0.494678616523743,-0.532709956169128,0.136218592524529,0.000349591136910021,0.0294488072395325,-0.747706234455109,0.663376271724701
88.2738327980042,1,-0.494949489831924,-0.532389998435974,0.136160671710968,0.000629103102255613,0.0306416284292936,-0.747596263885498,0.663446009159088
88.2839343547821,1,-0.494385868310928,-0.532598912715912,0.136359319090843,0.0014390351716429,0.0289013497531414,-0.747291445732117,0.66386604309082
88.3000936508179,1,-0.494698315858841,-0.532106161117554,0.13624507188797,0.00206506717950106,0.0306789502501488,-0.747221708297729,0.663863122463226
88.3214671611786,1,-0.494240552186966,-0.532547891139984,0.136439666152,0.00231270049698651,0.0288303960114717,-0.747110605239868,0.664070248603821
88.3502390384674,1,-0.494580745697021,-0.53205543756485,0.136330828070641,0.00295601738616824,0.0308833830058575,-0.747131049633026,0.66395229101181
88.3599903583527,1,-0.494098305702209,-0.532563745975494,0.136500731110573,0.0030113598331809,0.0291142370551825,-0.747371256351471,0.663761734962463
88.3802342414856,1,-0.494497537612915,-0.531797230243683,0.136264592409134,0.0038627851754427,0.0320193991065025,-0.747770309448242,0.663173854351044
88.40181183815,1,-0.494093626737595,-0.532478809356689,0.13649794459343,0.00306779029779136,0.0295653361827135,-0.747881472110748,0.663166463375092
88.4231073856354,1,-0.494331657886505,-0.532135128974915,0.136361554265022,0.00324943824671209,0.0308918915688992,-0.747920036315918,0.663061678409576
88.4411268234253,1,-0.494187772274017,-0.53223717212677,0.136361360549927,0.00312377279624343,0.0301353931427002,-0.747557878494263,0.66350531578064
88.4600818157196,1,-0.49430912733078,-0.532381057739258,0.136327058076859,0.00248626922257245,0.0297022089362144,-0.747430384159088,0.66367119550705
88.4878973960876,1,-0.494186550378799,-0.5325066447258,0.136202409863472,0.00228778715245426,0.0290036629885435,-0.746983706951141,0.664205491542816
88.4999158382416,1,-0.494167745113373,-0.533139228820801,0.136224612593651,0.000904591288417578,0.0275377538055182,-0.746887445449829,0.664379358291626
88.5209469795227,1,-0.494320452213287,-0.532869338989258,0.136079043149948,0.000923576531931758,0.0284589231014252,-0.746631801128387,0.664627850055695
88.5528016090393,1,-0.494173675775528,-0.533278167247772,0.136156782507896,0.000473947642603889,0.0272945296019316,-0.746594190597534,0.664719462394714
88.5641710758209,1,-0.494272321462631,-0.532646954059601,0.136037558317184,0.00151536415796727,0.0291122253984213,-0.746561110019684,0.664677858352661
88.5800747871399,1,-0.494164705276489,-0.532767176628113,0.13608518242836,0.00152040319517255,0.0288529433310032,-0.746721744537354,0.664508700370789
88.6002585887909,1,-0.494157701730728,-0.532485663890839,0.136159405112267,0.00177129660733044,0.0294610951095819,-0.746308505535126,0.664945483207703
88.6291072368622,1,-0.494137048721313,-0.532323360443115,0.136143580079079,0.00219473848119378,0.0298181399703026,-0.746592938899994,0.664609014987946
88.6402020454407,1,-0.494097054004669,-0.532267332077026,0.136220425367355,0.00241600186564028,0.0298153702169657,-0.746402740478516,0.664821922779083
88.660133600235,1,-0.494148522615433,-0.532211482524872,0.136147454380989,0.00257994444109499,0.0301614627242088,-0.746236503124237,0.664992272853851
88.6934661865234,1,-0.494227439165115,-0.532463669776917,0.136180266737938,0.00199045217595994,0.0294605568051338,-0.745974719524384,0.665319502353668
88.7043213844299,1,-0.494350641965866,-0.532784163951874,0.136041283607483,0.00105646532028913,0.0291361659765244,-0.745467662811279,0.665903866291046
88.7209794521332,1,-0.494567036628723,-0.532939612865448,0.136015996336937,0.000145969170262106,0.0290421098470688,-0.745296776294708,0.666100084781647
88.7405250072479,1,-0.494671046733856,-0.533154487609863,0.13601291179657,-0.000687443593051285,0.0288840401917696,-0.745548367500305,0.665824949741364
88.7662482261658,1,-0.494649410247803,-0.53284353017807,0.135964304208755,-0.000170877319760621,0.0295807495713234,-0.745941340923309,0.665354490280151
88.7806265354156,1,-0.494712024927139,-0.532553374767303,0.135895162820816,0.000221925743971951,0.0306629054248333,-0.746301412582397,0.664901435375214
88.8003647327423,1,-0.494653940200806,-0.532477498054504,0.135919973254204,0.00045525497989729,0.0309871975332499,-0.746356010437012,0.664825081825256
88.8363659381866,1,-0.494790971279144,-0.532085478305817,0.135899588465691,0.000915534386876971,0.0324480086565018,-0.746323108673096,0.664791882038116
88.8428480625153,1,-0.494523346424103,-0.532130122184753,0.135908663272858,0.00163409067317843,0.0320121198892593,-0.746122300624847,0.665036857128143
88.8601438999176,1,-0.494426548480988,-0.532006502151489,0.135973766446114,0.00198253965936601,0.0323836095631123,-0.746076881885529,0.665068924427032
88.880143404007,1,-0.494430303573608,-0.531941294670105,0.135957509279251,0.00218229065649211,0.0328033268451691,-0.745801091194153,0.665357053279877
88.9063651561737,1,-0.494216799736023,-0.5321284532547,0.135989353060722,0.00214092596434057,0.032035943120718,-0.745650589466095,0.665563225746155
88.9197125434875,1,-0.494402974843979,-0.532464683055878,0.135969296097755,0.000918559322599322,0.031535267829895,-0.745397329330444,0.6658735871315
88.9401292800903,1,-0.494365870952606,-0.532611668109894,0.135960832238197,0.000384274375392124,0.0310037974268198,-0.745292544364929,0.666016340255737
88.9708409309387,1,-0.494460999965668,-0.53274142742157,0.135880649089813,-7.65666845836677e-06,0.0309282075613737,-0.745242655277252,0.666075766086578
88.9825294017792,1,-0.494421869516373,-0.5327028632164,0.135839432477951,7.04329140717164e-05,0.0308959409594536,-0.745281338691711,0.666033923625946
88.9998514652252,1,-0.4945048391819,-0.532646358013153,0.135811030864716,0.000119757773063611,0.0315664894878864,-0.745437920093536,0.66582727432251
89.0212395191193,1,-0.494411319494247,-0.53247058391571,0.135800376534462,0.000834621954709291,0.0319296307861805,-0.745132088661194,0.666151642799377
89.038360118866,1,-0.494406640529633,-0.532517552375793,0.135786190629005,0.0010247549507767,0.0319970101118088,-0.74478542804718,0.666535675525665
89.0580587387085,1,-0.494425535202026,-0.532507658004761,0.135879665613174,0.000942987506277859,0.0318708755075932,-0.74437016248703,0.66700553894043
89.0796575546265,1,-0.494468003511429,-0.532441198825836,0.135838538408279,0.000913791649509221,0.0321128889918327,-0.744286894798279,0.667087018489838
89.1120452880859,1,-0.494468212127686,-0.532469272613525,0.135876268148422,0.000622685707639903,0.0316728018224239,-0.744296371936798,0.667097747325897
89.1193649768829,1,-0.494521170854568,-0.532668173313141,0.135882005095482,2.13787279790267e-05,0.0313386172056198,-0.744208693504333,0.667211651802063
89.1534063816071,1,-0.494575411081314,-0.532603144645691,0.135809332132339,4.68156868009828e-05,0.0315468721091747,-0.743795931339264,0.667661905288696
89.1609063148499,1,-0.494543194770813,-0.532738149166107,0.135777086019516,-6.73994290991686e-05,0.0313700176775455,-0.74378377199173,0.667683839797974
89.1799747943878,1,-0.494613200426102,-0.532463431358337,0.135698720812798,0.000509663252159953,0.0321776084601879,-0.743597745895386,0.667852342128754
89.1998813152313,1,-0.494506746530533,-0.532440841197968,0.135720774531364,0.000935493211727589,0.0321829617023468,-0.743320822715759,0.66815984249115
89.2198736667633,1,-0.494424045085907,-0.532298922538757,0.135734155774117,0.0015071815578267,0.0325173884630203,-0.742994725704193,0.668505251407623
89.2438976764679,1,-0.494234681129456,-0.532511234283447,0.135768175125122,0.00135188875719905,0.0321362838149071,-0.742889165878296,0.668641328811646
89.2590670585632,1,-0.494435608386993,-0.532563388347626,0.135780081152916,0.000818487198557705,0.0324565805494785,-0.742733955383301,0.668799042701721
89.2812173366547,1,-0.494334191083908,-0.532687187194824,0.135767921805382,0.000808742770459503,0.03186409547925,-0.742929995059967,0.668609797954559
89.3017585277557,1,-0.494435876607895,-0.532649993896484,0.135707899928093,0.000857874925713986,0.0321095697581768,-0.743068516254425,0.668444037437439
89.3190245628357,1,-0.494308322668076,-0.532642781734467,0.135700777173042,0.00105945242103189,0.0321279093623161,-0.743187308311462,0.668310880661011
89.3431742191315,1,-0.494374364614487,-0.532560050487518,0.135690227150917,0.00124792696442455,0.03260537981987,-0.743229269981384,0.668240666389465
89.362508058548,1,-0.494278401136398,-0.532379627227783,0.135641127824783,0.00184323103167117,0.032868217676878,-0.743110835552216,0.668358206748962
89.3791296482086,1,-0.49433821439743,-0.532270491123199,0.135638430714607,0.00210812850855291,0.0332435443997383,-0.742987811565399,0.66847562789917
89.4002552032471,1,-0.494241535663605,-0.532189011573792,0.135562494397163,0.00249881902709603,0.0333135351538658,-0.742695510387421,0.66879540681839
89.4268152713776,1,-0.494359314441681,-0.532561898231506,0.13559165596962,0.00153539469465613,0.0326628871262074,-0.74230831861496,0.669260144233704
89.4400064945221,1,-0.494359046220779,-0.532675623893738,0.135635852813721,0.00111485039815307,0.0321649946272373,-0.742014110088348,0.669611275196075
89.4611010551453,1,-0.494451493024826,-0.53276002407074,0.135575652122498,0.00078043167013675,0.0319694578647614,-0.742122292518616,0.669501185417175
89.4824366569519,1,-0.494427978992462,-0.532523155212402,0.135563179850578,0.00125093129463494,0.0322520770132542,-0.741913795471191,0.669718027114868
89.5016467571259,1,-0.494415491819382,-0.532523632049561,0.135563507676125,0.00135481683537364,0.032366506755352,-0.741921305656433,0.669703900814056
89.5202107429504,1,-0.494366526603699,-0.532358109951019,0.135555028915405,0.00168758700601757,0.0326628610491753,-0.74169510602951,0.669939339160919
89.5394504070282,1,-0.494415044784546,-0.532381653785706,0.135533452033997,0.00152430147863925,0.0330457538366318,-0.742098689079285,0.669473826885223
89.5724325180054,1,-0.494378864765167,-0.532327771186829,0.135557979345322,0.00158086570445448,0.033213883638382,-0.742271065711975,0.669274270534515
89.582026720047,1,-0.49428391456604,-0.532285034656525,0.135446608066559,0.00196337793022394,0.0333384536206722,-0.742508292198181,0.669003903865814
89.6006143093109,1,-0.494368731975555,-0.532393157482147,0.135487511754036,0.00152465247083455,0.0332482755184174,-0.742532670497894,0.66898250579834
89.6200077533722,1,-0.494360268115997,-0.532638728618622,0.135510981082916,0.000962580263148993,0.0327215865254402,-0.742420375347137,0.669134080410004
89.64683842659,1,-0.494353592395782,-0.532564222812653,0.135422989726067,0.00122332235332578,0.0326589308679104,-0.742202579975128,0.669378221035004
89.6600389480591,1,-0.494332611560822,-0.532653748989105,0.135425388813019,0.000951946654822677,0.032207015901804,-0.742097079753876,0.669517576694489
89.6816277503967,1,-0.494350641965866,-0.532691359519958,0.135463625192642,0.000767936289776117,0.0318460166454315,-0.741798758506775,0.669865667819977
89.7224674224854,1,-0.494347542524338,-0.532580435276031,0.135414317250252,0.00093071156879887,0.0319255478680134,-0.741885662078857,0.669765293598175
89.7230627536774,1,-0.494316846132278,-0.532556712627411,0.135339453816414,0.00123895390424877,0.0317238010466099,-0.741724133491516,0.669953286647797
89.7413115501404,1,-0.494342356920242,-0.532433927059174,0.135279387235641,0.00126309122424573,0.0318725034594536,-0.741260051727295,0.670459568500519
89.7598788738251,1,-0.494452089071274,-0.532534897327423,0.135304689407349,0.000849323463626206,0.0316618457436562,-0.740988254547119,0.670770585536957
89.7964673042297,1,-0.494371592998505,-0.532430231571198,0.135271340608597,0.0012011913349852,0.0314860865473747,-0.740663468837738,0.671137034893036
89.8017091751099,1,-0.494357883930206,-0.532512724399567,0.135290160775185,0.00131990504451096,0.0308719873428345,-0.740423321723938,0.671430289745331
89.8204817771912,1,-0.494405776262283,-0.532442331314087,0.135285824537277,0.00155780161730945,0.0307433176785707,-0.740275204181671,0.671598851680756
89.8459858894348,1,-0.494409114122391,-0.532667219638824,0.135245725512505,0.00136167043820024,0.030162775889039,-0.740031898021698,0.671893656253815
89.8643653392792,1,-0.494423776865005,-0.532472014427185,0.135106667876244,0.00166010996326804,0.0306931063532829,-0.740062594413757,0.67183518409729
89.8809826374054,1,-0.494358360767365,-0.532455086708069,0.134823724627495,0.00172670872416347,0.0310050938278437,-0.740628182888031,0.671197175979614
89.9010121822357,1,-0.494504243135452,-0.53215616941452,0.134093672037125,0.00202319072559476,0.0321764536201954,-0.740334749221802,0.671464920043945
89.9323794841766,1,-0.494837820529938,-0.532010495662689,0.130929812788963,0.00110569840762764,0.0337414145469666,-0.745676577091217,0.665452301502228
89.9439430236816,1,-0.494978219270706,-0.531843721866608,0.125395894050598,7.88412216934375e-05,0.0364338830113411,-0.748865187168121,0.661720156669617
89.959972858429,1,-0.496053367853165,-0.532089054584503,0.12565666437149,-0.000957386277150363,0.0333338640630245,-0.744566023349762,0.666715383529663
