timestamp,rb_id,pos_x,pos_y,pos_z,quat_x,quat_y,quat_z,quat_w
4.17784404754639,1,-0.486712694168091,-0.49577334523201,0.121814996004105,0.131371960043907,0.315882116556168,-0.776328206062317,0.529409527778625
4.1967625617981,1,-0.48732852935791,-0.49577921628952,0.121228069067001,0.129103183746338,0.315576255321503,-0.776338577270508,0.530134439468384
4.22492408752441,1,-0.487825125455856,-0.495769917964935,0.120242044329643,0.127318501472473,0.314142525196075,-0.776471734046936,0.531221330165863
4.236896276474,1,-0.488201797008514,-0.495505332946777,0.119139134883881,0.125951766967773,0.312637627124786,-0.776757538318634,0.532016754150391
4.25897169113159,1,-0.488080233335495,-0.494825333356857,0.118225775659084,0.125726893544197,0.311288714408875,-0.777271687984467,0.532109797000885
4.27646803855896,1,-0.487657934427261,-0.493963778018951,0.117581084370613,0.12564691901207,0.309499233961105,-0.777627468109131,0.532652378082275
4.30475759506226,1,-0.487541019916534,-0.493720144033432,0.116935431957245,0.124425776302814,0.307390034198761,-0.778795301914215,0.532454311847687
4.31703281402588,1,-0.487339854240417,-0.493450999259949,0.116397872567177,0.123670369386673,0.305327653884888,-0.779345333576202,0.533011734485626
4.33729243278503,1,-0.487034529447556,-0.493616044521332,0.115855492651463,0.123038128018379,0.302414536476135,-0.779725849628448,0.534260809421539
4.35738515853882,1,-0.48712483048439,-0.493944495916367,0.115301385521889,0.121927410364151,0.300272196531296,-0.779690027236938,0.535773992538452
4.38856196403503,1,-0.487198561429977,-0.492571324110031,0.115410894155502,0.122999429702759,0.30175507068634,-0.776652932167053,0.539096713066101
4.40284490585327,1,-0.487750172615051,-0.494283467531204,0.114496350288391,0.119654774665833,0.298017174005508,-0.779707610607147,0.537517130374908
4.41675472259521,1,-0.488115936517715,-0.494645178318024,0.114203080534935,0.118143908679485,0.296531140804291,-0.779893577098846,0.538402557373047
4.43683266639709,1,-0.488448709249496,-0.495391845703125,0.113865673542023,0.115975230932236,0.293444395065308,-0.780477404594421,0.539717614650726
4.47060084342957,1,-0.488777577877045,-0.495659619569778,0.113544628024101,0.114578641951084,0.290534913539886,-0.780264854431152,0.541893064975739
4.48074626922607,1,-0.488815695047379,-0.495699644088745,0.11306343972683,0.114031180739403,0.287123143672943,-0.77930361032486,0.545199990272522
4.49592924118042,1,-0.488499075174332,-0.495540678501129,0.112524390220642,0.113981753587723,0.28352302312851,-0.778736889362335,0.547897517681122
4.51757287979126,1,-0.488147139549255,-0.495430946350098,0.111974135041237,0.113256141543388,0.280535787343979,-0.779510378837585,0.548485457897186
4.55110621452332,1,-0.487920254468918,-0.4952532351017,0.111533895134926,0.111955866217613,0.278598457574844,-0.7805255651474,0.54829603433609
4.56388354301453,1,-0.488071143627167,-0.495351761579514,0.111150711774826,0.109822906553745,0.276841640472412,-0.781652688980103,0.548011720180511
4.57957077026367,1,-0.488699108362198,-0.495201647281647,0.110894672572613,0.108310185372829,0.27640289068222,-0.782438457012177,0.547412633895874
4.59737491607666,1,-0.489065736532211,-0.495331794023514,0.110628396272659,0.107273489236832,0.274171829223633,-0.782902538776398,0.548074722290039
4.63444375991821,1,-0.488262623548508,-0.496411979198456,0.110433608293533,0.106580018997192,0.266280919313431,-0.782131016254425,0.553178548812866
4.63874650001526,1,-0.488010317087173,-0.496161013841629,0.110190466046333,0.106723599135876,0.26439294219017,-0.783026576042175,0.552789032459259
4.65739989280701,1,-0.487670391798019,-0.496218860149384,0.109814204275608,0.105814538896084,0.262509077787399,-0.784719109535217,0.551460146903992
4.67694807052612,1,-0.487392753362656,-0.496331691741943,0.109492503106594,0.104221530258656,0.261287122964859,-0.786439955234528,0.549890100955963
4.69667434692383,1,-0.487271964550018,-0.496436536312103,0.109396405518055,0.10243571549654,0.260861456394196,-0.787639915943146,0.548709034919739
4.71702647209167,1,-0.487347781658173,-0.496621310710907,0.109356209635735,0.100489772856236,0.26060876250267,-0.788630425930023,0.5477654337883
4.73782801628113,1,-0.487450152635574,-0.496814697980881,0.109305158257484,0.0987158417701721,0.260270535945892,-0.789290130138397,0.54729825258255
4.75588798522949,1,-0.487650781869888,-0.49676388502121,0.109302081167698,0.0975449159741402,0.260759383440018,-0.789542019367218,0.546912133693695
4.79364252090454,1,-0.487957715988159,-0.496656864881516,0.109304443001747,0.096582904458046,0.261716783046722,-0.789375126361847,0.546866714954376
4.80382633209229,1,-0.488245785236359,-0.496649712324142,0.109299212694168,0.0955948755145073,0.262611567974091,-0.789124429225922,0.546973049640656
4.81684899330139,1,-0.488533020019531,-0.496674090623856,0.109372243285179,0.0947517976164818,0.263647019863129,-0.788484752178192,0.547543823719025
4.83609318733215,1,-0.488861322402954,-0.496906191110611,0.109418347477913,0.0937231332063675,0.263982623815536,-0.787900507450104,0.548399448394775
4.86945939064026,1,-0.489062994718552,-0.497208803892136,0.109484195709229,0.0928856581449509,0.263572752475739,-0.787109971046448,0.549872398376465
4.88055801391602,1,-0.489235758781433,-0.497435718774796,0.109559297561646,0.0919176265597343,0.263294219970703,-0.78684663772583,0.55054497718811
4.89588403701782,1,-0.489287912845612,-0.497311294078827,0.109583526849747,0.0913202092051506,0.263692319393158,-0.78691029548645,0.550362825393677
4.91511750221252,1,-0.489092081785202,-0.497268289327621,0.109512656927109,0.0905845910310745,0.263323694467545,-0.78724330663681,0.550184607505798
4.94218349456787,1,-0.488957345485687,-0.497240841388702,0.109341032803059,0.0898370444774628,0.262846618890762,-0.787899494171143,0.549595654010773
4.95606064796448,1,-0.489049524068832,-0.497083514928818,0.109227105975151,0.0893979743123055,0.26287579536438,-0.78811514377594,0.549344182014465
4.97687077522278,1,-0.489179342985153,-0.49704909324646,0.109187461435795,0.0891151428222656,0.262401312589645,-0.787675201892853,0.550247132778168
4.9970977306366,1,-0.489325255155563,-0.497063934803009,0.109162583947182,0.0892046019434929,0.261917859315872,-0.787246584892273,0.55107581615448
5.01675653457642,1,-0.489333540201187,-0.497130900621414,0.109155744314194,0.0893081352114677,0.26163375377655,-0.787380337715149,0.55100280046463
5.03631639480591,1,-0.489355862140656,-0.497110337018967,0.109164647758007,0.0893132388591766,0.261910408735275,-0.787759304046631,0.550328433513641
5.07559180259705,1,-0.489421248435974,-0.497192591428757,0.109159529209137,0.0886862948536873,0.261813282966614,-0.788325190544128,0.549665451049805
5.09680604934692,1,-0.489398449659348,-0.497248113155365,0.109109781682491,0.0867181271314621,0.261395245790482,-0.789499700069427,0.548491418361664
5.11622953414917,1,-0.489242076873779,-0.497368901968002,0.109043873846531,0.0860208347439766,0.260612577199936,-0.790103316307068,0.548104405403137
5.15019774436951,1,-0.489061743021011,-0.49731782078743,0.109006471931934,0.0861621052026749,0.25997656583786,-0.79060697555542,0.54765772819519
5.16050243377686,1,-0.488997519016266,-0.497302323579788,0.108993642032146,0.0865690335631371,0.259522944688797,-0.791085124015808,0.547118008136749
5.17651033401489,1,-0.488951861858368,-0.497457563877106,0.108969449996948,0.0871881768107414,0.25857800245285,-0.791329145431519,0.547114074230194
5.19683766365051,1,-0.488906025886536,-0.497604876756668,0.108920074999332,0.0876661688089371,0.257504194974899,-0.791663289070129,0.547060966491699
5.23605847358704,1,-0.488827407360077,-0.497571766376495,0.108890883624554,0.0881109163165092,0.25697386264801,-0.792148888111115,0.546535611152649
5.23798966407776,1,-0.488726437091827,-0.497385680675507,0.108896836638451,0.0882886499166489,0.257091820240021,-0.79274183511734,0.545590937137604
5.25758171081543,1,-0.488660842180252,-0.497173964977264,0.108904652297497,0.0881909728050232,0.25772300362587,-0.793186604976654,0.544661581516266
5.27686619758606,1,-0.488685637712479,-0.497128963470459,0.108908034861088,0.0877313986420631,0.258343458175659,-0.793321311473846,0.544245481491089
5.31658577919006,1,-0.488751888275146,-0.497246861457825,0.10889333486557,0.0870870128273964,0.258622795343399,-0.793232500553131,0.544345736503601
5.31816864013672,1,-0.488811463117599,-0.49743115901947,0.108883112668991,0.0866245552897453,0.258102208375931,-0.792708337306976,0.545429348945618
5.33793187141418,1,-0.488857805728912,-0.497574239969254,0.108845204114914,0.0866217613220215,0.256656348705292,-0.792366206645966,0.546607851982117
5.35669279098511,1,-0.488840609788895,-0.497729778289795,0.108771026134491,0.0869499742984772,0.254422158002853,-0.792177617549896,0.547872066497803
5.3962562084198,1,-0.488980650901794,-0.496975541114807,0.108806878328323,0.0884776338934898,0.254390984773636,-0.791366994380951,0.548812627792358
5.39695358276367,1,-0.488987743854523,-0.496732413768768,0.108734287321568,0.0893743187189102,0.25366336107254,-0.791537880897522,0.548757612705231
5.41594529151917,1,-0.488598436117172,-0.497474431991577,0.108593076467514,0.0887082070112228,0.250545412302017,-0.792563736438751,0.548817455768585
5.43745875358582,1,-0.488782316446304,-0.496950805187225,0.108643047511578,0.0885904729366302,0.251879185438156,-0.792819857597351,0.547855198383331
5.47480010986328,1,-0.488803416490555,-0.496980488300323,0.108651220798492,0.0874782726168633,0.25178661942482,-0.793571472167969,0.546987533569336
5.48406982421875,1,-0.488858908414841,-0.497192800045013,0.108647957444191,0.0862179696559906,0.251191824674606,-0.794378936290741,0.546288549900055
5.49784350395203,1,-0.488899946212769,-0.497287809848785,0.108617082238197,0.0856860801577568,0.250413060188293,-0.794624269008636,0.546373069286346
5.5179808139801,1,-0.488910377025604,-0.497162371873856,0.108605310320854,0.0856898799538612,0.249922767281532,-0.794186294078827,0.547233164310455
5.55530548095703,1,-0.488744586706161,-0.49782806634903,0.108454331755638,0.084772102534771,0.24744875729084,-0.794697403907776,0.547758102416992
5.55865216255188,1,-0.488751381635666,-0.498083829879761,0.108337722718716,0.0840930715203285,0.246018037199974,-0.794779121875763,0.548388123512268
5.57643461227417,1,-0.488719761371613,-0.498156607151031,0.108262240886688,0.0836414024233818,0.244474738836288,-0.79501211643219,0.548809587955475
5.5976893901825,1,-0.488655775785446,-0.498400896787643,0.108126282691956,0.083075724542141,0.242182075977325,-0.79539680480957,0.549354314804077
5.62270522117615,1,-0.488493293523788,-0.498827785253525,0.107977584004402,0.0821065753698349,0.23862536251545,-0.796202301979065,0.549889445304871
5.63890361785889,1,-0.48856708407402,-0.498518079519272,0.107941895723343,0.082246370613575,0.23683375120163,-0.795750141143799,0.551295876502991
5.65724062919617,1,-0.48854073882103,-0.498272776603699,0.107909768819809,0.082576259970665,0.235562965273857,-0.795000314712524,0.552870392799377
5.67852854728699,1,-0.488536149263382,-0.498133987188339,0.107893779873848,0.0822792500257492,0.235038176178932,-0.794793725013733,0.553434789180756
5.69708490371704,1,-0.488412410020828,-0.497663259506226,0.108025461435318,0.081997849047184,0.235595017671585,-0.794186651706696,0.554111123085022
5.74390482902527,1,-0.488312184810638,-0.497620552778244,0.108106963336468,0.080664336681366,0.235226109623909,-0.794390797615051,0.554170906543732
5.75684928894043,1,-0.488097786903381,-0.498055964708328,0.107982791960239,0.0779727101325989,0.23321108520031,-0.798120081424713,0.550033807754517
5.77604460716248,1,-0.488021016120911,-0.497988075017929,0.107932806015015,0.0776766315102577,0.232610270380974,-0.80001437664032,0.547572612762451
5.81159996986389,1,-0.487910151481628,-0.497866541147232,0.107918113470078,0.0779610872268677,0.232213914394379,-0.801377058029175,0.545704782009125
5.81861805915833,1,-0.487808585166931,-0.497724294662476,0.107929438352585,0.078605480492115,0.232312917709351,-0.802478790283203,0.543948411941528
5.83746480941772,1,-0.487667262554169,-0.49766817688942,0.107956796884537,0.0793730616569519,0.232406973838806,-0.803059279918671,0.542939126491547
5.85814642906189,1,-0.487557113170624,-0.497558027505875,0.108003281056881,0.0800117030739784,0.233068555593491,-0.803422629833221,0.542023479938507
5.9021463394165,1,-0.487504094839096,-0.497420489788055,0.108047351241112,0.0801041573286057,0.234105154871941,-0.804202020168304,0.540404856204987
5.90456891059875,1,-0.487471580505371,-0.497387915849686,0.108056403696537,0.0796716883778572,0.234742194414139,-0.805256307125092,0.538619458675385
5.91681933403015,1,-0.487443804740906,-0.497083067893982,0.108145289123058,0.0794886201620102,0.235205054283142,-0.80569052696228,0.537794589996338
5.93698382377625,1,-0.487434685230255,-0.496991395950317,0.108168058097363,0.0792284980416298,0.235091775655746,-0.806458175182343,0.536730766296387
5.9577739238739,1,-0.487408310174942,-0.496915847063065,0.108157113194466,0.0792370587587357,0.234712615609169,-0.806931495666504,0.536183774471283
5.97913932800293,1,-0.487434357404709,-0.497120171785355,0.108058243989944,0.0790559351444244,0.233990684151649,-0.807923793792725,0.535030543804169
5.99658417701721,1,-0.487400949001312,-0.497044056653976,0.108039394021034,0.0791971832513809,0.233444213867188,-0.808235466480255,0.534777522087097
6.01858472824097,1,-0.487339615821838,-0.496937721967697,0.108035251498222,0.0793924927711487,0.233149409294128,-0.808465838432312,0.534528911113739
6.03816485404968,1,-0.487326741218567,-0.49687597155571,0.108020685613155,0.0793445557355881,0.233227640390396,-0.808961153030396,0.533752083778381
6.05581068992615,1,-0.487320899963379,-0.496875822544098,0.108017675578594,0.0790064260363579,0.233273416757584,-0.809609949588776,0.532797634601593
6.07674121856689,1,-0.487298369407654,-0.496465027332306,0.108132161200047,0.079155907034874,0.233830198645592,-0.809567153453827,0.532596290111542
6.10471892356873,1,-0.487253993749619,-0.496206700801849,0.108166009187698,0.0794844403862953,0.233877465128899,-0.809432208538055,0.532731652259827
6.11512351036072,1,-0.487252622842789,-0.496306091547012,0.108086928725243,0.0797530934214592,0.232951477169991,-0.809560179710388,0.532902956008911
6.13604617118835,1,-0.48733589053154,-0.496351152658463,0.108013540506363,0.0801912248134613,0.23154953122139,-0.80897468328476,0.534335196018219
6.16270661354065,1,-0.487382650375366,-0.496600061655045,0.10788331925869,0.0799165517091751,0.229677230119705,-0.80838418006897,0.536075353622437
6.17559289932251,1,-0.487577378749847,-0.497151076793671,0.107691735029221,0.0784315317869186,0.227832227945328,-0.808451294898987,0.536979973316193
6.19696950912476,1,-0.488821059465408,-0.498708933591843,0.106933280825615,0.0748032331466675,0.227612748742104,-0.812382340431213,0.531631529331207
6.22737860679626,1,-0.489432543516159,-0.498713582754135,0.106759034097195,0.0734608098864555,0.227746576070786,-0.812882900238037,0.530995666980743
6.23597693443298,1,-0.489904493093491,-0.497750669717789,0.106690622866154,0.0731971189379692,0.229815453290939,-0.812862932682037,0.530170679092407
6.25600743293762,1,-0.489812344312668,-0.497637003660202,0.106642670929432,0.0722556635737419,0.22792287170887,-0.813316822052002,0.530420660972595
6.29265904426575,1,-0.489681512117386,-0.497615337371826,0.106518790125847,0.0710471719503403,0.225160524249077,-0.814791619777679,0.529499471187592
6.30171489715576,1,-0.48931959271431,-0.497432827949524,0.106400661170483,0.0698418021202087,0.222382888197899,-0.817390203475952,0.526821911334991
6.316162109375,1,-0.489075690507889,-0.497753083705902,0.10627493262291,0.0676455125212669,0.219293907284737,-0.820085823535919,0.524207592010498
6.3363151550293,1,-0.488942921161652,-0.498144686222076,0.106198325753212,0.0655315592885017,0.216585978865623,-0.821078956127167,0.524047195911407
6.35864233970642,1,-0.488911747932434,-0.498559057712555,0.10614487528801,0.0638469904661179,0.214529275894165,-0.820615410804749,0.525824308395386
6.37627553939819,1,-0.488959521055222,-0.498689085245132,0.10614076256752,0.0627058893442154,0.21352855861187,-0.81961852312088,0.527919411659241
6.39547681808472,1,-0.488996356725693,-0.498855143785477,0.106121018528938,0.0613762922585011,0.212515890598297,-0.819548308849335,0.528593003749847
6.41630959510803,1,-0.488999992609024,-0.499113857746124,0.106105707585812,0.059858039021492,0.210819840431213,-0.820217669010162,0.528408110141754
6.44333839416504,1,-0.488719254732132,-0.499992579221725,0.105998016893864,0.0584238320589066,0.205992877483368,-0.820910334587097,0.529395759105682
6.45619940757751,1,-0.488598853349686,-0.500511407852173,0.105912104249001,0.0572949685156345,0.200869083404541,-0.820956110954285,0.531413316726685
6.47612810134888,1,-0.488836050033569,-0.499737322330475,0.105754792690277,0.0573482513427734,0.199224889278412,-0.820035219192505,0.533444404602051
6.49737000465393,1,-0.488426208496094,-0.50072181224823,0.105587616562843,0.0551279000937939,0.191764667630196,-0.820313632488251,0.535978496074677
6.51822090148926,1,-0.488104462623596,-0.501025915145874,0.105419769883156,0.0530370287597179,0.186668172478676,-0.821242094039917,0.536566495895386
6.53703331947327,1,-0.488127857446671,-0.501146256923676,0.105255573987961,0.050557766109705,0.183603912591934,-0.822763442993164,0.535531342029572
6.55741715431213,1,-0.488302499055862,-0.501557171344757,0.105051554739475,0.0480130463838577,0.180083230137825,-0.823672950267792,0.535562872886658
6.58006453514099,1,-0.488027930259705,-0.502526521682739,0.105041235685349,0.0458345115184784,0.173175156116486,-0.822839200496674,0.539300739765167
6.59777021408081,1,-0.487890392541885,-0.503047287464142,0.104970201849937,0.0444844625890255,0.167245045304298,-0.821744561195374,0.542942047119141
6.63297009468079,1,-0.487744480371475,-0.503408074378967,0.104771584272385,0.0435391925275326,0.161966845393181,-0.821027934551239,0.545696198940277
6.6369640827179,1,-0.487626373767853,-0.503664970397949,0.104608222842216,0.0421959981322289,0.157097235321999,-0.820949673652649,0.547340452671051
6.65694546699524,1,-0.487555801868439,-0.503509640693665,0.104490548372269,0.0408679246902466,0.153925076127052,-0.820897817611694,0.548419296741486
6.67648553848267,1,-0.487693428993225,-0.503816723823547,0.104361459612846,0.0381832271814346,0.151124760508537,-0.821689069271088,0.548206627368927
6.71073698997498,1,-0.487798988819122,-0.504219770431519,0.104236930608749,0.0353865474462509,0.14838120341301,-0.822055339813232,0.548594355583191
6.72215008735657,1,-0.487916797399521,-0.504404604434967,0.104129478335381,0.0335006788372993,0.145949602127075,-0.821548700332642,0.550121963024139
6.73675870895386,1,-0.488067388534546,-0.504546940326691,0.104007989168167,0.0325983986258507,0.143499776721001,-0.820565640926361,0.552283704280853
6.75712203979492,1,-0.487942695617676,-0.504958510398865,0.103976115584373,0.0320610776543617,0.139883264899254,-0.819521129131317,0.554788172245026
6.79010605812073,1,-0.487853825092316,-0.505191028118134,0.103987850248814,0.0317091941833496,0.137014299631119,-0.818455755710602,0.557092487812042
6.80066108703613,1,-0.487809866666794,-0.504975140094757,0.103931441903114,0.0319999381899834,0.135878130793571,-0.817884802818298,0.558191359043121
6.81797790527344,1,-0.487815409898758,-0.504955172538757,0.103873871266842,0.0315849296748638,0.134579762816429,-0.81788694858551,0.558526456356049
6.83695530891418,1,-0.48787796497345,-0.505336403846741,0.103812485933304,0.0305248331278563,0.132263019680977,-0.81832629442215,0.558495283126831
6.86973977088928,1,-0.487872958183289,-0.505401074886322,0.103753298521042,0.0302073545753956,0.130194649100304,-0.818216681480408,0.559158623218536
6.88355660438538,1,-0.487766802310944,-0.505598604679108,0.103693395853043,0.0300727505236864,0.127372965216637,-0.818022787570953,0.560098648071289
6.89742851257324,1,-0.487455904483795,-0.503186941146851,0.103585503995419,0.0342127420008183,0.130369037389755,-0.816091060638428,0.56198650598526
6.9175078868866,1,-0.487166374921799,-0.501466751098633,0.103566840291023,0.037681769579649,0.131631463766098,-0.814860820770264,0.563254237174988
6.95093560218811,1,-0.486993163824081,-0.501259386539459,0.103522658348083,0.0384210720658302,0.129883766174316,-0.814681828022003,0.563868403434753
6.95987391471863,1,-0.486997961997986,-0.50200092792511,0.103471055626869,0.0368982069194317,0.126640826463699,-0.814953863620758,0.564314484596252
6.97669100761414,1,-0.487021207809448,-0.502803802490234,0.103423997759819,0.0349141620099545,0.123922392725945,-0.815292358398438,0.5645552277565
6.99799799919128,1,-0.487087517976761,-0.503025829792023,0.103399448096752,0.0337406434118748,0.123071119189262,-0.81558620929718,0.564388513565063
7.03539705276489,1,-0.487070024013519,-0.503057181835175,0.103394523262978,0.0333783626556396,0.122375965118408,-0.815393805503845,0.564838886260986
7.03850865364075,1,-0.486905723810196,-0.503439962863922,0.10344198346138,0.033261701464653,0.120045155286789,-0.814970910549164,0.565955281257629
7.05712985992432,1,-0.486620724201202,-0.502713680267334,0.103478878736496,0.0355597548186779,0.119739003479481,-0.814074873924255,0.567168653011322
7.076416015625,1,-0.486409932374954,-0.502448499202728,0.103525996208191,0.0371892265975475,0.118308044970036,-0.813334226608276,0.568425595760345
7.11434674263,1,-0.486260116100311,-0.502631485462189,0.103517599403858,0.0374937951564789,0.11644484847784,-0.813168525695801,0.569026947021484
7.1179141998291,1,-0.486256688833237,-0.502742052078247,0.103451788425446,0.0366682447493076,0.116379275918007,-0.814020574092865,0.567874908447266
7.13761520385742,1,-0.486454397439957,-0.502648234367371,0.103376962244511,0.0351302251219749,0.118247583508492,-0.815174639225006,0.565927386283875
7.15661287307739,1,-0.486748337745667,-0.502523481845856,0.103325709700584,0.0333113893866539,0.120756819844246,-0.816186726093292,0.564045608043671
7.17916321754456,1,-0.486971735954285,-0.502519547939301,0.103324331343174,0.0315591916441917,0.122460134327412,-0.816109359264374,0.563890993595123
7.20194840431213,1,-0.486971586942673,-0.50259405374527,0.103394269943237,0.0305365081876516,0.12238048017025,-0.814703702926636,0.565993428230286
7.21750807762146,1,-0.486839801073074,-0.503012657165527,0.103497594594955,0.0296721402555704,0.120104946196079,-0.813310027122498,0.568525552749634
7.23731517791748,1,-0.486469924449921,-0.503821074962616,0.10364805161953,0.0286578722298145,0.115926645696163,-0.811522483825684,0.571988582611084
7.25724458694458,1,-0.486295402050018,-0.504318714141846,0.103670492768288,0.0279609933495522,0.112989775836468,-0.809739172458649,0.575129389762878
7.29576015472412,1,-0.4862941801548,-0.50466513633728,0.103661969304085,0.0272543262690306,0.111099787056446,-0.808103561401367,0.577825903892517
7.29865074157715,1,-0.486325323581696,-0.504733979701996,0.103654228150845,0.0268655028194189,0.11001668125391,-0.806076943874359,0.580874025821686
7.31711602210999,1,-0.486429482698441,-0.504405975341797,0.103696152567863,0.026931781321764,0.109172992408276,-0.803017675876617,0.585250973701477
7.3367772102356,1,-0.486805975437164,-0.504199683666229,0.103481158614159,0.0268112979829311,0.108751334249973,-0.800241649150848,0.58912456035614
7.36383986473083,1,-0.48678332567215,-0.504615724086761,0.103415846824646,0.0257530938833952,0.105553202331066,-0.797972679138184,0.592819511890411
7.37674427032471,1,-0.486668914556503,-0.505204498767853,0.103388696908951,0.024365795776248,0.101997457444668,-0.797177076339722,0.594568610191345
7.3962287902832,1,-0.486569046974182,-0.505527973175049,0.103368952870369,0.0229285098612309,0.0995400846004486,-0.797116816043854,0.595122575759888
7.42588520050049,1,-0.486537992954254,-0.505698323249817,0.103338375687599,0.0214636530727148,0.098115861415863,-0.79719352722168,0.595310926437378
7.44566750526428,1,-0.486546367406845,-0.505891859531403,0.103357136249542,0.0197856184095144,0.097147636115551,-0.796932458877563,0.595877170562744
7.45616269111633,1,-0.486621379852295,-0.506317436695099,0.103385403752327,0.0178494043648243,0.0960271283984184,-0.796076655387878,0.597262263298035
7.47702670097351,1,-0.486637055873871,-0.506742775440216,0.103450864553452,0.0164955891668797,0.0945474654436111,-0.794794619083405,0.599241375923157
7.50405049324036,1,-0.486544787883759,-0.507119297981262,0.103475600481033,0.0160608366131783,0.0926330164074898,-0.793452978134155,0.601326525211334
7.53234386444092,1,-0.486339300870895,-0.507055521011353,0.103452116250992,0.0169949866831303,0.0909769684076309,-0.791735827922821,0.603811919689178
7.54157042503357,1,-0.486291497945786,-0.507146060466766,0.103416219353676,0.0172839518636465,0.0892502591013908,-0.791009187698364,0.605012595653534
7.55640745162964,1,-0.486276835203171,-0.50718230009079,0.103362932801247,0.0174572113901377,0.0880261808633804,-0.791171371936798,0.604974806308746
7.5760326385498,1,-0.48615288734436,-0.507258772850037,0.103340707719326,0.0177309103310108,0.0868954136967659,-0.79128110408783,0.604986786842346
7.60647940635681,1,-0.486037701368332,-0.507415652275085,0.103364169597626,0.0179397258907557,0.085494376718998,-0.790710687637329,0.605925321578979
7.61712408065796,1,-0.485986739397049,-0.507497549057007,0.103389859199524,0.0182326063513756,0.0847500860691071,-0.790157437324524,0.606742382049561
7.63669776916504,1,-0.486009746789932,-0.507405936717987,0.103368416428566,0.0185904297977686,0.0849470421671867,-0.790268659591675,0.606559038162231
7.65707230567932,1,-0.48596465587616,-0.508534967899323,0.103493347764015,0.0168785788118839,0.0821153670549393,-0.790904760360718,0.606169879436493
7.68856263160706,1,-0.485903084278107,-0.509545803070068,0.103593856096268,0.0152534563094378,0.0795395225286484,-0.791367292404175,0.605952560901642
7.70145893096924,1,-0.485944509506226,-0.509542167186737,0.103557109832764,0.0150880878791213,0.0797188207507133,-0.791752934455872,0.605429351329803
7.71716284751892,1,-0.485996514558792,-0.508864104747772,0.103462755680084,0.0157639291137457,0.0812166705727577,-0.791503548622131,0.60553902387619
7.73640251159668,1,-0.486433029174805,-0.506533861160278,0.103115804493427,0.0188614521175623,0.087241105735302,-0.790532529354095,0.605880796909332
7.76844882965088,1,-0.486578971147537,-0.505426466464996,0.102953746914864,0.0200083907693624,0.0895382761955261,-0.789803743362427,0.606458961963654
7.77995991706848,1,-0.486550092697144,-0.505717277526855,0.102933749556541,0.018946522846818,0.0882284045219421,-0.789880275726318,0.606585562229156
7.79885601997375,1,-0.486531138420105,-0.506066381931305,0.102969571948051,0.0178525298833847,0.0867124274373055,-0.789767205715179,0.606984257698059
7.81692314147949,1,-0.486440777778625,-0.506467461585999,0.103025771677494,0.0166591852903366,0.0850682333111763,-0.789609491825104,0.607455968856812
7.85435557365417,1,-0.486456304788589,-0.506725549697876,0.103008560836315,0.0155064919963479,0.0844593644142151,-0.789765775203705,0.607368230819702
7.85761427879333,1,-0.486515730619431,-0.506765127182007,0.10298915207386,0.0146696548908949,0.0846916288137436,-0.789870381355286,0.607220709323883
7.88012409210205,1,-0.48653107881546,-0.506714046001434,0.102984026074409,0.0142378527671099,0.0849204733967781,-0.789752006530762,0.607353031635284
7.89698338508606,1,-0.486647099256516,-0.506467759609222,0.10294246673584,0.0144096706062555,0.0854610130190849,-0.789307951927185,0.607850074768066
7.94153642654419,1,-0.48661270737648,-0.50657856464386,0.102957278490067,0.0140074593946338,0.0842583775520325,-0.78844827413559,0.609141707420349
7.94392919540405,1,-0.486583709716797,-0.506752371788025,0.102962538599968,0.0133378580212593,0.0827249214053154,-0.787860810756683,0.610126256942749
7.95612502098083,1,-0.486555874347687,-0.506971180438995,0.102944858372211,0.0123318275436759,0.081511989235878,-0.787756681442261,0.610445141792297
7.97602200508118,1,-0.486573427915573,-0.506924390792847,0.102923974394798,0.0114310448989272,0.0814838409423828,-0.787901759147644,0.610279083251953
7.99732756614685,1,-0.486500114202499,-0.507153928279877,0.102988846600056,0.0102874152362347,0.0809066817164421,-0.788235425949097,0.609945356845856
8.02442598342896,1,-0.486431360244751,-0.507280290126801,0.103019662201405,0.00979013182222843,0.0807772129774094,-0.788464486598969,0.609674572944641
8.03680372238159,1,-0.486417055130005,-0.507343769073486,0.103046655654907,0.00982583500444889,0.0807225555181503,-0.788609802722931,0.6094930768013
8.05653738975525,1,-0.486495494842529,-0.507312953472137,0.103031918406487,0.0105769569054246,0.0805362090468407,-0.788006544113159,0.61028516292572
8.07635283470154,1,-0.486499309539795,-0.506888389587402,0.102919951081276,0.012751174159348,0.080887109041214,-0.786563098430634,0.612056612968445
8.10497069358826,1,-0.486389398574829,-0.507194042205811,0.102913565933704,0.0127247199416161,0.0792577341198921,-0.786018252372742,0.61296945810318
8.11666917800903,1,-0.486323565244675,-0.507518291473389,0.10292874276638,0.0117068327963352,0.0781176909804344,-0.786341726779938,0.612721145153046
8.13682341575623,1,-0.486317217350006,-0.507809102535248,0.102974310517311,0.0106115089729428,0.0773781538009644,-0.786707162857056,0.61236572265625
8.16652178764343,1,-0.486273884773254,-0.508354485034943,0.103065311908722,0.00936736911535263,0.0756100788712502,-0.786673069000244,0.612650632858276
8.19005966186523,1,-0.486277967691422,-0.508743941783905,0.103115573525429,0.00854650419205427,0.0742115825414658,-0.786819338798523,0.612645924091339
8.1970419883728,1,-0.486204236745834,-0.509243607521057,0.103172123432159,0.00784250441938639,0.0727395117282867,-0.78743714094162,0.612037658691406
8.21639609336853,1,-0.486141949892044,-0.509753108024597,0.103246375918388,0.00731983501464128,0.0715414434671402,-0.787919580936432,0.611564338207245
8.2466676235199,1,-0.486119359731674,-0.510279953479767,0.103343695402145,0.00639068242162466,0.0704551860690117,-0.788835108280182,0.610519826412201
8.2720365524292,1,-0.486057609319687,-0.510721027851105,0.103458449244499,0.00528262695297599,0.0696717500686646,-0.789757668972015,0.60942667722702
8.27639055252075,1,-0.486040502786636,-0.510707199573517,0.103501319885254,0.00500295544043183,0.0698949322104454,-0.789719700813293,0.609452664852142
8.29899954795837,1,-0.486060380935669,-0.510489523410797,0.103477329015732,0.0050915852189064,0.0702377036213875,-0.78937840461731,0.609854578971863
8.3173987865448,1,-0.486093938350677,-0.510346412658691,0.103427782654762,0.00500410236418247,0.0702479928731918,-0.789762914180756,0.609356045722961
8.35205793380737,1,-0.486037224531174,-0.510136008262634,0.103395283222198,0.00512854661792517,0.0702187865972519,-0.790218651294708,0.60876727104187
8.36178135871887,1,-0.486025214195251,-0.510098457336426,0.103387176990509,0.00533590512350202,0.0699280127882957,-0.789752900600433,0.6094029545784
8.37930727005005,1,-0.486046582460403,-0.51015830039978,0.103369191288948,0.00533935939893126,0.0696307793259621,-0.788919925689697,0.610514938831329
8.40080285072327,1,-0.486106127500534,-0.510150849819183,0.103343725204468,0.00485136359930038,0.0700817778706551,-0.788949072360992,0.610429584980011
8.42831230163574,1,-0.486132711172104,-0.509908199310303,0.103320457041264,0.0046814545057714,0.0713637322187424,-0.789316713809967,0.609806954860687
8.44144773483276,1,-0.486248522996902,-0.508727669715881,0.103184096515179,0.00637175422161818,0.0750520825386047,-0.789344131946564,0.609313070774078
8.45596623420715,1,-0.486214816570282,-0.508522987365723,0.103186659514904,0.00703341653570533,0.0756661593914032,-0.789111435413361,0.609531164169312
8.47686052322388,1,-0.486222356557846,-0.508385360240936,0.103196308016777,0.00747569836676121,0.0758470222353935,-0.788672506809235,0.610071301460266
8.50805139541626,1,-0.486244589090347,-0.508300721645355,0.103175915777683,0.00753979431465268,0.0760411769151688,-0.788756728172302,0.60993754863739
8.51904439926147,1,-0.486246079206467,-0.508258640766144,0.103139668703079,0.00741136493161321,0.0762592926621437,-0.789390444755554,0.609091401100159
8.53820490837097,1,-0.486245781183243,-0.508336067199707,0.103161029517651,0.00692164711654186,0.0761908292770386,-0.789732456207275,0.608662307262421
8.56105065345764,1,-0.48623263835907,-0.508452415466309,0.103183977305889,0.00653076777234674,0.0757917165756226,-0.789315462112427,0.60925704240799
8.59232187271118,1,-0.486236125230789,-0.508540689945221,0.103197365999222,0.00616383459419012,0.0754161328077316,-0.788841903209686,0.609920382499695
8.60406732559204,1,-0.486299365758896,-0.50856226682663,0.103176578879356,0.00579945463687181,0.0754464641213417,-0.789182722568512,0.609479188919067
8.61827254295349,1,-0.486267745494843,-0.508590400218964,0.103183150291443,0.00585069926455617,0.0751908421516418,-0.789045631885529,0.609687805175781
8.63703989982605,1,-0.486232906579971,-0.508585274219513,0.103209637105465,0.00621401611715555,0.0747987404465675,-0.788475871086121,0.610468983650208
8.67621946334839,1,-0.486264854669571,-0.508474767208099,0.103158786892891,0.00675349030643702,0.0750335231423378,-0.788488268852234,0.610418379306793
8.67698311805725,1,-0.486242830753326,-0.508358955383301,0.103124052286148,0.00696136755868793,0.0754390135407448,-0.788773000240326,0.609998106956482
8.69720268249512,1,-0.486229181289673,-0.508387982845306,0.103147573769093,0.00667936541140079,0.0753259733319283,-0.78895115852356,0.60978490114212
8.71677327156067,1,-0.486229181289673,-0.508542060852051,0.103167861700058,0.00641797576099634,0.0745582431554794,-0.788280010223389,0.610749244689941
8.75104522705078,1,-0.486287087202072,-0.508458912372589,0.103125602006912,0.00660314178094268,0.074644036591053,-0.787269175052643,0.612039089202881
8.76159405708313,1,-0.486359477043152,-0.508394658565521,0.103078916668892,0.00667985808104277,0.0751824229955673,-0.78683066368103,0.612536191940308
8.7775022983551,1,-0.486442625522614,-0.508243799209595,0.103071108460426,0.00666409265249968,0.0758798196911812,-0.786960422992706,0.612283647060394
8.7967164516449,1,-0.486402004957199,-0.508266508579254,0.103091195225716,0.00646108342334628,0.0755467638373375,-0.786631464958191,0.612749457359314
8.83689332008362,1,-0.486406832933426,-0.508294641971588,0.103086315095425,0.00622627884149551,0.0750652849674225,-0.785786390304565,0.613894402980804
8.84171628952026,1,-0.486482262611389,-0.508257389068604,0.10302671790123,0.0061118328012526,0.075195848941803,-0.785183250904083,0.614650726318359
8.85688614845276,1,-0.486537575721741,-0.508246660232544,0.103013873100281,0.00581398652866483,0.0757837519049644,-0.785089671611786,0.61470091342926
8.87737536430359,1,-0.486588716506958,-0.508109033107758,0.103005528450012,0.00573634123429656,0.0772273391485214,-0.785961806774139,0.613406121730804
8.91577124595642,1,-0.486536711454391,-0.507966220378876,0.103042438626289,0.00621426245197654,0.0780829712748528,-0.786427795886993,0.612695515155792
8.91775250434875,1,-0.486447513103485,-0.508155345916748,0.103130951523781,0.00639869784936309,0.0770447477698326,-0.785825729370117,0.61359691619873
8.93656611442566,1,-0.486428081989288,-0.508296608924866,0.103141814470291,0.00639741728082299,0.0758523941040039,-0.785143256187439,0.614618241786957
8.95830726623535,1,-0.486427247524261,-0.508387804031372,0.103087060153484,0.00653003947809339,0.0750638991594315,-0.784632325172424,0.615365743637085
9.00035429000854,1,-0.486470311880112,-0.508244633674622,0.103028550744057,0.00656394520774484,0.0755361244082451,-0.784306883811951,0.615722298622131
9.00172305107117,1,-0.485561549663544,-0.508533895015717,0.103167206048965,0.00870081782341003,0.0722614079713821,-0.779827058315277,0.621749460697174
9.01753067970276,1,-0.484938114881516,-0.508131265640259,0.103013902902603,0.0105466414242983,0.0721190944314003,-0.780584752559662,0.62078583240509
9.03664660453796,1,-0.485293090343475,-0.508193075656891,0.10317274928093,0.00842268671840429,0.0726514607667923,-0.782061040401459,0.618895411491394
9.05655312538147,1,-0.484808474779129,-0.507318317890167,0.102923810482025,0.0105643989518285,0.0739719942212105,-0.783891916275024,0.61638468503952
9.08649945259094,1,-0.48477777838707,-0.507565855979919,0.10287818312645,0.00911622680723667,0.0729192048311234,-0.785328090190887,0.614702880382538
9.09875679016113,1,-0.484943479299545,-0.50789213180542,0.103100761771202,0.00702670821920037,0.072978749871254,-0.785880327224731,0.614017009735107
9.11705183982849,1,-0.485181331634521,-0.508263826370239,0.10329320281744,0.00545631814748049,0.072552852332592,-0.783963918685913,0.616528213024139
9.13612389564514,1,-0.485001087188721,-0.507640063762665,0.103107988834381,0.00737086730077863,0.073479987680912,-0.781643927097321,0.619337618350983
9.16533327102661,1,-0.484945744276047,-0.507229864597321,0.10294546186924,0.00817128457129002,0.0740567296743393,-0.781339287757874,0.61964339017868
9.17750120162964,1,-0.485159516334534,-0.507788717746735,0.103113517165184,0.0058224443346262,0.0731997266411781,-0.782021284103394,0.618910908699036
9.19807124137878,1,-0.485289245843887,-0.507782578468323,0.103118449449539,0.00478511024266481,0.0744525939226151,-0.782963633537292,0.61757755279541
9.21624636650085,1,-0.485224783420563,-0.506936252117157,0.102870881557465,0.00627262378111482,0.0771750211715698,-0.783474922180176,0.616580605506897
9.24988746643066,1,-0.485189706087112,-0.506601631641388,0.102799490094185,0.00700677279382944,0.0782037079334259,-0.782662212848663,0.617474675178528
9.26206469535828,1,-0.485395610332489,-0.506927907466888,0.102893345057964,0.00560493068769574,0.0782302692532539,-0.781622529029846,0.618801176548004
9.27655649185181,1,-0.485617309808731,-0.507692635059357,0.10293897986412,0.00382972043007612,0.0785343945026398,-0.781489908695221,0.618943691253662
9.29705429077148,1,-0.485265403985977,-0.510000109672546,0.103243634104729,0.00258428999222815,0.0758507177233696,-0.783123731613159,0.617217361927032
9.33099436759949,1,-0.4847671687603,-0.512009263038635,0.105177402496338,0.00315481098368764,0.0727415010333061,-0.78327465057373,0.617397427558899
9.33847403526306,1,-0.485803127288818,-0.513398349285126,0.108521804213524,0.00130271073430777,0.0725205019116402,-0.78264844417572,0.618223667144775
9.35639405250549,1,-0.487432688474655,-0.514574468135834,0.112023055553436,-0.00134681724011898,0.0745863765478134,-0.782282710075378,0.618440628051758
9.37691116333008,1,-0.488312482833862,-0.514897465705872,0.114218518137932,-0.0027275076135993,0.0784084796905518,-0.78301215171814,0.617038607597351
9.4090268611908,1,-0.487648248672485,-0.5154088139534,0.11491297185421,-0.00186450639739633,0.0785746425390244,-0.782998323440552,0.617038309574127
9.4221510887146,1,-0.486297935247421,-0.516085982322693,0.114631921052933,-0.000251993624260649,0.0762926787137985,-0.782187402248383,0.618354618549347
9.43682098388672,1,-0.484777212142944,-0.516557276248932,0.113889157772064,0.00154237938113511,0.0740305036306381,-0.781521737575531,0.619468212127686
9.45682740211487,1,-0.484202802181244,-0.516356825828552,0.113330125808716,0.00229817698709667,0.0741949304938316,-0.78255158662796,0.618144631385803
9.47679710388184,1,-0.484364867210388,-0.514985322952271,0.113106273114681,0.0031812007073313,0.0774044990539551,-0.78354823589325,0.616482436656952
9.50351214408875,1,-0.485199689865112,-0.51324987411499,0.113114506006241,0.00336448429152369,0.081795834004879,-0.783994793891907,0.615345656871796
9.51811194419861,1,-0.48627558350563,-0.511692464351654,0.112636901438236,0.00330752786248922,0.0864965170621872,-0.783889412879944,0.614837110042572
9.5360426902771,1,-0.487323641777039,-0.511140108108521,0.11140388250351,0.00172966811805964,0.0894298478960991,-0.784752011299133,0.613321900367737
9.572585105896,1,-0.487989962100983,-0.511378109455109,0.109880864620209,-0.000993034918792546,0.0902458131313324,-0.785615980625153,0.612096548080444
9.57675433158875,1,-0.488434880971909,-0.51081371307373,0.108216434717178,-0.0018205395899713,0.0929290130734444,-0.78577333688736,0.611490964889526
9.59628129005432,1,-0.488227874040604,-0.510429441928864,0.106842458248138,-0.0016345395706594,0.0934429094195366,-0.785103619098663,0.612272918224335
9.61876630783081,1,-0.487713664770126,-0.509826958179474,0.105719670653343,-0.00020385321113281,0.0934877023100853,-0.784421622753143,0.613141715526581
9.66226029396057,1,-0.487646251916885,-0.508801221847534,0.104634188115597,0.00101697898935527,0.0951901450753212,-0.784237861633301,0.61311399936676
9.663569688797,1,-0.487536817789078,-0.508341014385223,0.103688552975655,0.00103788136038929,0.095591314136982,-0.784666180610657,0.612503290176392
9.67676877975464,1,-0.48747655749321,-0.508132696151733,0.103131547570229,0.000911140581592917,0.095702163875103,-0.785365283489227,0.611589431762695
9.69679546356201,1,-0.487464338541031,-0.508071422576904,0.103127330541611,0.000454180437372997,0.0951889380812645,-0.785746276378632,0.611180603504181
9.73906850814819,1,-0.487365186214447,-0.508304119110107,0.103187777101994,-0.000216021813685074,0.0945015326142311,-0.786112070083618,0.610816955566406
9.74222445487976,1,-0.487369269132614,-0.508330225944519,0.103253453969955,-0.000643483421299607,0.0949174910783768,-0.785794913768768,0.611160159111023
9.75631523132324,1,-0.487404733896255,-0.508484363555908,0.10334287583828,-0.00151116913184524,0.095038540661335,-0.785614192485809,0.611372113227844
9.77743482589722,1,-0.487445712089539,-0.508456587791443,0.103359460830688,-0.00203021219931543,0.0952933877706528,-0.785662353038788,0.611269056797028
9.80302548408508,1,-0.48736572265625,-0.508627891540527,0.103357687592506,-0.00266248802654445,0.0945548936724663,-0.785729885101318,0.611294448375702
9.82037734985352,1,-0.48732328414917,-0.508917927742004,0.103328987956047,-0.00345233245752752,0.0937991142272949,-0.786446213722229,0.610485136508942
9.83801245689392,1,-0.487422078847885,-0.50886470079422,0.103318959474564,-0.00373353832401335,0.0944393426179886,-0.787171900272369,0.609448671340942
9.85828614234924,1,-0.487438589334488,-0.508738875389099,0.103331923484802,-0.00357084907591343,0.0950333401560783,-0.787335634231567,0.609145641326904
9.89590096473694,1,-0.487386137247086,-0.508783459663391,0.103351905941963,-0.00345738721080124,0.094743475317955,-0.787303805351257,0.609232783317566
9.89882373809814,1,-0.487348943948746,-0.508751332759857,0.103320688009262,-0.00322462199255824,0.0943700596690178,-0.787206172943115,0.609418034553528
9.91667318344116,1,-0.487349003553391,-0.508748412132263,0.103295691311359,-0.00337919709272683,0.0941121429204941,-0.787453830242157,0.609137058258057
9.93792915344238,1,-0.487370133399963,-0.50869345664978,0.103284224867821,-0.00363197806291282,0.0943580865859985,-0.787754118442535,0.608709156513214
9.96601891517639,1,-0.487429618835449,-0.508477091789246,0.103251695632935,-0.00368067971430719,0.0950945690274239,-0.78806859254837,0.608187079429626
9.997239112854,1,-0.48747056722641,-0.508403182029724,0.103253975510597,-0.00383617030456662,0.0953680500388145,-0.788339734077454,0.607791781425476
10.0185685157776,1,-0.486886233091354,-0.508633852005005,0.103435486555099,-0.00277618155814707,0.0930588841438293,-0.787870287895203,0.608763337135315
10.0371878147125,1,-0.486879944801331,-0.508424460887909,0.103467613458633,-0.00244507007300854,0.0930862203240395,-0.788293898105621,0.608211934566498
10.0640366077423,1,-0.487052440643311,-0.50800347328186,0.103602468967438,-0.00218425109051168,0.0937281399965286,-0.788601577281952,0.607715368270874
10.0766623020172,1,-0.487599492073059,-0.50720089673996,0.103830814361572,-0.00175511545967311,0.0956723093986511,-0.788473904132843,0.607579350471497
10.0967411994934,1,-0.487980008125305,-0.506959915161133,0.104190707206726,-0.00188014551531523,0.0958411619067192,-0.787960886955261,0.608217537403107
10.1164398193359,1,-0.488147556781769,-0.507125079631805,0.104315891861916,-0.00234046042896807,0.095248281955719,-0.787623822689056,0.608745515346527
10.1440455913544,1,-0.488194942474365,-0.507426559925079,0.103819593787193,-0.00294952956028283,0.0953316539525986,-0.787853002548218,0.608433127403259
10.1565768718719,1,-0.488055229187012,-0.507832288742065,0.10324265062809,-0.00355047360062599,0.0953559428453445,-0.788379728794098,0.607743442058563
10.1761763095856,1,-0.488001137971878,-0.508573889732361,0.10318686068058,-0.00489795301109552,0.0936617329716682,-0.788949191570282,0.607258439064026
10.1964385509491,1,-0.487445384263992,-0.508707582950592,0.103292346000671,-0.00392328994348645,0.0925187095999718,-0.789035677909851,0.607328414916992
10.2238051891327,1,-0.487078279256821,-0.508300602436066,0.103357821702957,-0.00206343946047127,0.0926060751080513,-0.788480758666992,0.608044445514679
10.2368891239166,1,-0.487111955881119,-0.508013844490051,0.103365480899811,-0.00115583057049662,0.0930127799510956,-0.788309037685394,0.60820734500885
10.2567572593689,1,-0.487189024686813,-0.50772762298584,0.103331230580807,-0.000763421587180346,0.0934471487998962,-0.788422226905823,0.607994675636292
10.2767312526703,1,-0.48753497004509,-0.507318019866943,0.103365108370781,-0.00144815689418465,0.0946935042738914,-0.789432644844055,0.606487691402435
10.3050546646118,1,-0.487553089857101,-0.506576597690582,0.103450030088425,-0.000728153449017555,0.0962115079164505,-0.789774060249329,0.605805039405823
10.3165953159332,1,-0.487138718366623,-0.506115078926086,0.103587321937084,0.000903152104001492,0.0958550423383713,-0.789070248603821,0.606777727603912
10.3385152816772,1,-0.487144649028778,-0.505675196647644,0.103671044111252,0.00128720025531948,0.095980316400528,-0.788555681705475,0.607425928115845
10.3559508323669,1,-0.487810134887695,-0.505114734172821,0.103216677904129,0.000227360244025476,0.0985917001962662,-0.788841605186462,0.606637060642242
10.3827776908875,1,-0.488061636686325,-0.505394279956818,0.103102475404739,-0.00122952077072114,0.0988621637225151,-0.789190471172333,0.606137990951538
10.3965919017792,1,-0.488104999065399,-0.505694389343262,0.103136792778969,-0.00240233284421265,0.0987173914909363,-0.789485573768616,0.605773687362671
10.4166107177734,1,-0.488048493862152,-0.505923211574554,0.103182315826416,-0.00274792034178972,0.0988564565777779,-0.790138781070709,0.604897201061249
10.4372375011444,1,-0.4874187707901,-0.506039440631866,0.103148624300957,-0.000633539748378098,0.0977225229144096,-0.789064586162567,0.606487452983856
10.4680230617523,1,-0.486784487962723,-0.507376909255981,0.103209599852562,-0.000368536624591798,0.0927901417016983,-0.788218379020691,0.60835999250412
10.4764685630798,1,-0.486648470163345,-0.508871614933014,0.103255331516266,-0.00196141563355923,0.0879084393382072,-0.788379073143005,0.60887336730957
10.4975137710571,1,-0.486720204353333,-0.509053826332092,0.103263705968857,-0.00270645134150982,0.0871358960866928,-0.788614630699158,0.608676433563232
10.5173208713531,1,-0.486753463745117,-0.508450388908386,0.103201597929001,-0.00290742656216025,0.0890789330005646,-0.789239823818207,0.607582867145538
10.5477967262268,1,-0.487000495195389,-0.507431149482727,0.103107273578644,-0.00341763743199408,0.0935379564762115,-0.790651500225067,0.605069637298584
10.5591151714325,1,-0.487154483795166,-0.506783425807953,0.103052891790867,-0.0038571001496166,0.097219206392765,-0.790950119495392,0.604095637798309
10.5779252052307,1,-0.487351924180984,-0.506665706634521,0.103091821074486,-0.00464683445170522,0.0993752405047417,-0.790806472301483,0.603927373886108
10.5969417095184,1,-0.487424224615097,-0.506997466087341,0.103133581578732,-0.00542201101779938,0.0992702469229698,-0.791109442710876,0.603541135787964
10.6340012550354,1,-0.487306207418442,-0.507106184959412,0.103149265050888,-0.00518525810912251,0.0983531326055527,-0.791406989097595,0.603303194046021
10.6377520561218,1,-0.487247735261917,-0.506832897663116,0.10312008112669,-0.00448851473629475,0.0982613563537598,-0.791493535041809,0.603210389614105
10.6574382781982,1,-0.487279832363129,-0.506750583648682,0.103072673082352,-0.00448178453370929,0.0982950180768967,-0.791857957839966,0.602726459503174
10.6764714717865,1,-0.487291634082794,-0.50729376077652,0.103076919913292,-0.00569553067907691,0.0977388471364975,-0.792504608631134,0.601956069469452
10.7162461280823,1,-0.487386345863342,-0.507340610027313,0.10309261828661,-0.00635889731347561,0.0987589210271835,-0.792894780635834,0.601268827915192
10.7188420295715,1,-0.487472802400589,-0.507159352302551,0.10312919318676,-0.00643433490768075,0.100213013589382,-0.792864203453064,0.601067662239075
10.7375884056091,1,-0.487545102834702,-0.506928622722626,0.103099301457405,-0.00594566762447357,0.100945837795734,-0.792581558227539,0.601322770118713
10.7562208175659,1,-0.487564027309418,-0.506813228130341,0.103197529911995,-0.00530011625960469,0.100218512117863,-0.79190719127655,0.602338016033173
10.7933568954468,1,-0.48756143450737,-0.506661832332611,0.10334886610508,-0.00464574201032519,0.0990409851074219,-0.791151106357574,0.603530645370483
10.797447681427,1,-0.487789064645767,-0.50606244802475,0.103333532810211,-0.00393300410360098,0.09956344217062,-0.790575861930847,0.604203045368195
10.8177831172943,1,-0.4881831407547,-0.505545437335968,0.103171177208424,-0.00383383221924305,0.100941359996796,-0.79065066576004,0.603877127170563
10.8362572193146,1,-0.488340735435486,-0.505618631839752,0.103143505752087,-0.00418002996593714,0.101042613387108,-0.790845215320587,0.603603184223175
10.8581540584564,1,-0.488413512706757,-0.505507469177246,0.103208377957344,-0.00410689832642674,0.10170329362154,-0.790572881698608,0.603849411010742
10.879875421524,1,-0.488608807325363,-0.505331933498383,0.103150889277458,-0.00389140006154776,0.103352710604668,-0.790254056453705,0.60398805141449
10.898339509964,1,-0.488876283168793,-0.505281090736389,0.103017553687096,-0.00431590713560581,0.104833453893661,-0.790424644947052,0.603506565093994
10.9183824062347,1,-0.488992244005203,-0.505233824253082,0.102971255779266,-0.00442317593842745,0.10577055066824,-0.790414869785309,0.60335510969162
10.9524767398834,1,-0.488900482654572,-0.50526636838913,0.102941691875458,-0.00426353747025132,0.105723820626736,-0.790183544158936,0.603667438030243
10.9577395915985,1,-0.488723814487457,-0.505341112613678,0.102917544543743,-0.00406523188576102,0.10503888875246,-0.790177524089813,0.603796124458313
10.9785251617432,1,-0.488637328147888,-0.505511879920959,0.102988749742508,-0.00417827442288399,0.103837497532368,-0.790127098560333,0.604069173336029
10.9968144893646,1,-0.488483309745789,-0.505872249603271,0.103048339486122,-0.00467616459354758,0.102336876094341,-0.790146291255951,0.604296326637268
11.0354750156403,1,-0.488398134708405,-0.506064593791962,0.103052631020546,-0.00536684179678559,0.101954035460949,-0.790953874588013,0.603298127651215
11.0373730659485,1,-0.488489896059036,-0.506235659122467,0.103032991290092,-0.0061490461230278,0.102573417127132,-0.791945338249207,0.601883411407471
11.0564546585083,1,-0.488561689853668,-0.506582498550415,0.10307988524437,-0.00693467911332846,0.102626919746399,-0.792428076267242,0.601230025291443
11.0770907402039,1,-0.488586783409119,-0.506526350975037,0.103119716048241,-0.00652193417772651,0.10305742919445,-0.792551815509796,0.600997865200043
11.103541135788,1,-0.488463431596756,-0.506404638290405,0.103167124092579,-0.00532924197614193,0.102516569197178,-0.792315721511841,0.601413071155548
11.119904756546,1,-0.488263994455338,-0.506482601165771,0.103156469762325,-0.00430051889270544,0.100923158228397,-0.791908323764801,0.602226912975311
11.1376187801361,1,-0.488221406936646,-0.506180584430695,0.10309761762619,-0.00362560013309121,0.100580580532551,-0.791518151760101,0.602801203727722
11.1565885543823,1,-0.488168776035309,-0.506336808204651,0.10308426618576,-0.00440733088180423,0.0999569147825241,-0.791597366333008,0.602795839309692
11.1910638809204,1,-0.488199263811111,-0.506414234638214,0.103090085089207,-0.00554283289238811,0.100435309112072,-0.791895687580109,0.602314889431
11.2019815444946,1,-0.488245129585266,-0.506671071052551,0.103128775954247,-0.00672204839065671,0.100765742361546,-0.79200267791748,0.602107048034668
11.2165515422821,1,-0.488310933113098,-0.506665408611298,0.103142857551575,-0.00703085493296385,0.101523287594318,-0.791847467422485,0.602180480957031
11.237340927124,1,-0.488345056772232,-0.506419777870178,0.103150904178619,-0.00660749385133386,0.102175571024418,-0.79154098033905,0.602477669715881
11.2705233097076,1,-0.488314598798752,-0.506280064582825,0.103136107325554,-0.00614246213808656,0.102154158055782,-0.791382312774658,0.602694749832153
11.2810482978821,1,-0.488320678472519,-0.506277322769165,0.103136405348778,-0.00583680253475904,0.101767539978027,-0.791545808315277,0.602548360824585
11.2959976196289,1,-0.488294243812561,-0.506163001060486,0.103121072053909,-0.0051779942587018,0.101678736507893,-0.791546761989594,0.60256814956665
11.3166346549988,1,-0.488300859928131,-0.506013453006744,0.103094846010208,-0.00448220921680331,0.101828135550022,-0.791069865226746,0.60317450761795
11.3493528366089,1,-0.488347202539444,-0.505998551845551,0.103053867816925,-0.00423930957913399,0.101823456585407,-0.79048627614975,0.603941559791565
11.3610892295837,1,-0.488341718912125,-0.506271302700043,0.103071674704552,-0.00461123045533895,0.101055704057217,-0.790249049663544,0.604378163814545
11.3766076564789,1,-0.488404214382172,-0.506332814693451,0.103042855858803,-0.00473210215568542,0.100840136408806,-0.790254056453705,0.604406774044037
11.39661860466,1,-0.488351732492447,-0.506136834621429,0.103028051555157,-0.00463270209729671,0.100624956190586,-0.790003299713135,0.604771018028259
11.4294707775116,1,-0.488391607999802,-0.506165385246277,0.103003665804863,-0.0050127012655139,0.100206799805164,-0.790094912052155,0.60471773147583
11.4411590099335,1,-0.488452106714249,-0.506121218204498,0.10296630859375,-0.00536045851185918,0.100254029035568,-0.790045619010925,0.604771375656128
11.4566633701324,1,-0.488508015871048,-0.506023347377777,0.102938309311867,-0.00550381047651172,0.100725814700127,-0.789762735366821,0.605061054229736
11.4764332771301,1,-0.488512754440308,-0.506079077720642,0.102946221828461,-0.00613062316551805,0.100838296115398,-0.789936780929565,0.604808986186981
11.50958776474,1,-0.488561421632767,-0.506108939647675,0.102953337132931,-0.00694629969075322,0.101167537271976,-0.790284752845764,0.60429048538208
11.5195701122284,1,-0.488614201545715,-0.506090998649597,0.102950558066368,-0.00736397784203291,0.101509526371956,-0.790180087089539,0.604364931583405
11.5368406772614,1,-0.488559037446976,-0.507095098495483,0.103066459298134,-0.00918299797922373,0.0991073474287987,-0.790116846561432,0.60482132434845
11.5567936897278,1,-0.488545536994934,-0.507512986660004,0.103118479251862,-0.0101039707660675,0.0980848222970963,-0.790008902549744,0.60511440038681
11.5761473178864,1,-0.488489061594009,-0.507670700550079,0.103150844573975,-0.0103089176118374,0.0972919687628746,-0.789997935295105,0.605253040790558
11.6037664413452,1,-0.488385021686554,-0.507808268070221,0.103180289268494,-0.0102011365815997,0.096264973282814,-0.789892554283142,0.605556607246399
11.6170787811279,1,-0.488291829824448,-0.5079026222229,0.103192791342735,-0.0102165983989835,0.0953789353370667,-0.78987056016922,0.605725288391113
11.6366834640503,1,-0.488308608531952,-0.507899701595306,0.103166423738003,-0.0103820944204926,0.0952112078666687,-0.789819002151489,0.605815947055817
11.6564726829529,1,-0.488330751657486,-0.507977366447449,0.103175647556782,-0.0108281634747982,0.0950051099061966,-0.789467990398407,0.606297969818115
11.687757730484,1,-0.488383650779724,-0.507987022399902,0.103159196674824,-0.0113366963341832,0.0953544825315475,-0.789176404476166,0.606613218784332
11.6967403888702,1,-0.488487094640732,-0.507967591285706,0.103134416043758,-0.0118130575865507,0.0960450544953346,-0.789526283740997,0.606039643287659
11.7165093421936,1,-0.488478273153305,-0.508222281932831,0.103183642029762,-0.0122591415420175,0.0957401543855667,-0.790143370628357,0.605274438858032
11.7601320743561,1,-0.488391488790512,-0.508163392543793,0.103202491998672,-0.0116564463824034,0.0957009196281433,-0.790045440196991,0.605420231819153
11.7610354423523,1,-0.488332569599152,-0.508221805095673,0.103179633617401,-0.0114306369796395,0.0954101160168648,-0.79039055109024,0.605019927024841
11.7766904830933,1,-0.48834565281868,-0.508113086223602,0.103152826428413,-0.0111756138503551,0.0956724211573601,-0.790460050106049,0.604892492294312
11.7973330020905,1,-0.488271176815033,-0.507888555526733,0.103148728609085,-0.0104652913287282,0.0958822295069695,-0.789411604404449,0.60623961687088
11.8277852535248,1,-0.488492637872696,-0.507843971252441,0.103110104799271,-0.0110647259280086,0.0964372903108597,-0.789451479911804,0.606088936328888
11.8473637104034,1,-0.48849880695343,-0.507585823535919,0.103143326938152,-0.0108791533857584,0.0968329161405563,-0.78882098197937,0.606849670410156
11.8560674190521,1,-0.488167822360992,-0.507520794868469,0.103129185736179,-0.00986944511532784,0.0959539487957954,-0.787349998950958,0.60891330242157
11.8769278526306,1,-0.487847924232483,-0.506982147693634,0.103144414722919,-0.00820879172533751,0.0960366129875183,-0.786761522293091,0.609685063362122
11.8968210220337,1,-0.486953794956207,-0.50674706697464,0.103238672018051,-0.00712783867493272,0.0943434834480286,-0.785978257656097,0.610971868038177
11.9253599643707,1,-0.48685747385025,-0.506696403026581,0.102919027209282,-0.00798352342098951,0.0941611230373383,-0.789649426937103,0.606237471103668
11.9367234706879,1,-0.486403405666351,-0.506266117095947,0.102497488260269,-0.00635561998933554,0.0945640355348587,-0.790437459945679,0.605166018009186
11.9577567577362,1,-0.487652033567429,-0.505269765853882,0.102752208709717,-0.00807565078139305,0.100171476602554,-0.788925588130951,0.606215298175812
11.9770522117615,1,-0.487244009971619,-0.504402339458466,0.102677851915359,-0.0050772032700479,0.101036578416824,-0.788826644420624,0.60623300075531
12.0070042610168,1,-0.486809194087982,-0.505135774612427,0.102472722530365,-0.00516429310664535,0.0970029681921005,-0.788751244544983,0.606988728046417
12.0200808048248,1,-0.486724495887756,-0.506325304508209,0.102449253201485,-0.00750800315290689,0.092881053686142,-0.788706600666046,0.607666611671448
12.0382585525513,1,-0.487141698598862,-0.506417393684387,0.102714717388153,-0.00958326086401939,0.0931065008044243,-0.788995802402496,0.607227206230164
12.0570294857025,1,-0.487572640180588,-0.505529642105103,0.102760843932629,-0.00993400160223246,0.0968165695667267,-0.789535820484161,0.605938076972961
12.0901317596436,1,-0.487588614225388,-0.505277931690216,0.10262930393219,-0.00976003520190716,0.0991299524903297,-0.789706945419312,0.605343759059906
12.1009340286255,1,-0.488221883773804,-0.50640994310379,0.102772384881973,-0.0126112932339311,0.099897064268589,-0.790640711784363,0.603944420814514
12.1168076992035,1,-0.489380240440369,-0.508758068084717,0.102970413863659,-0.0186434518545866,0.0996673554182053,-0.791737794876099,0.602387130260468
12.1369857788086,1,-0.49037304520607,-0.510683715343475,0.103429242968559,-0.0239270534366369,0.0986986234784126,-0.791543304920197,0.602615416049957
12.1669163703918,1,-0.492001891136169,-0.511378586292267,0.103015661239624,-0.0277936905622482,0.101026698946953,-0.791708409786224,0.601846277713776
12.1782388687134,1,-0.492054253816605,-0.512283086776733,0.10253319889307,-0.0290255397558212,0.099316731095314,-0.791462361812592,0.602396070957184
12.1967759132385,1,-0.491636633872986,-0.512783348560333,0.102547690272331,-0.0285516809672117,0.0969306975603104,-0.790326178073883,0.604296207427979
12.2178018093109,1,-0.491218358278275,-0.512231469154358,0.10284985601902,-0.0264882072806358,0.0969345420598984,-0.788601577281952,0.606638014316559
12.2477998733521,1,-0.491258978843689,-0.511114180088043,0.103285506367683,-0.0249573178589344,0.0988776087760925,-0.786782145500183,0.608748078346252
12.2616004943848,1,-0.491744160652161,-0.510648787021637,0.103798747062683,-0.02599211409688,0.0999346747994423,-0.786293745040894,0.609163105487823
12.2765128612518,1,-0.492037713527679,-0.510344207286835,0.10402324795723,-0.0265737362205982,0.100510522723198,-0.78654009103775,0.608725130558014
12.2960474491119,1,-0.49187508225441,-0.510030686855316,0.104127883911133,-0.0255972351878881,0.100509002804756,-0.786407947540283,0.608937859535217
12.3280358314514,1,-0.491643339395523,-0.509349286556244,0.104152053594589,-0.0232804380357265,0.10135206580162,-0.785819590091705,0.609650254249573
12.3406641483307,1,-0.491630911827087,-0.508759081363678,0.104321092367172,-0.0218920391052961,0.102139137685299,-0.785343766212463,0.610183238983154
12.3588969707489,1,-0.491318225860596,-0.508870780467987,0.104694008827209,-0.0221301540732384,0.100433923304081,-0.78505802154541,0.610825181007385
12.3770179748535,1,-0.491760432720184,-0.507378160953522,0.104090869426727,-0.0203810445964336,0.105151444673538,-0.785462856292725,0.609570264816284
12.4083740711212,1,-0.490859419107437,-0.507822871208191,0.10373742878437,-0.0205907076597214,0.102605976164341,-0.785716474056244,0.609670162200928
12.4212417602539,1,-0.49007648229599,-0.507736206054688,0.103423148393631,-0.0197629164904356,0.101787552237511,-0.785872101783752,0.609634041786194
12.438994884491,1,-0.490118324756622,-0.507006466388702,0.103276573121548,-0.0179701261222363,0.104133762419224,-0.78753137588501,0.60714715719223
12.456383228302,1,-0.489870637655258,-0.506001830101013,0.103509612381458,-0.0164898410439491,0.105889461934566,-0.787692010402679,0.606676936149597
12.476797580719,1,-0.489795088768005,-0.504368185997009,0.103660717606544,-0.0151579547673464,0.109475240111351,-0.787550568580627,0.606258630752563
12.5012173652649,1,-0.489561915397644,-0.503548622131348,0.103564135730267,-0.0148614766076207,0.111388236284256,-0.788080394268036,0.605228304862976
12.5183370113373,1,-0.488816529512405,-0.504704415798187,0.103203400969505,-0.0162373408675194,0.108061075210571,-0.78869354724884,0.604997217655182
12.5361661911011,1,-0.488121181726456,-0.505351126194,0.102694422006607,-0.0168024618178606,0.105766043066978,-0.789038479328156,0.604937672615051
12.5718746185303,1,-0.487997829914093,-0.50545072555542,0.102421499788761,-0.0177538506686687,0.105338580906391,-0.789630174636841,0.604212582111359
12.5831398963928,1,-0.488045960664749,-0.504877984523773,0.102352231740952,-0.018165485933423,0.106432110071182,-0.788759708404541,0.605144858360291
12.5971069335938,1,-0.488321125507355,-0.50451248884201,0.102390572428703,-0.0187237355858088,0.10743910074234,-0.787913620471954,0.606051564216614
12.6167035102844,1,-0.488678246736526,-0.504671692848206,0.102401033043861,-0.0198988076299429,0.107566528022289,-0.78779923915863,0.60614025592804
12.6540434360504,1,-0.488991886377335,-0.50503671169281,0.10230864584446,-0.0202608052641153,0.107361018657684,-0.788498818874359,0.605254352092743
12.658180475235,1,-0.488195598125458,-0.505745410919189,0.102551326155663,-0.0215024147182703,0.102916352450848,-0.786747872829437,0.608254671096802
12.6779808998108,1,-0.488072156906128,-0.505585610866547,0.102563261985779,-0.0224050972610712,0.10223051905632,-0.786267042160034,0.608959019184113
12.6965594291687,1,-0.488939017057419,-0.504854321479797,0.102508068084717,-0.0243257842957973,0.105326034128666,-0.78681617975235,0.607647120952606
12.735493183136,1,-0.489340364933014,-0.504904985427856,0.102587178349495,-0.0260772798210382,0.106020338833332,-0.786230564117432,0.608211517333984
12.7372953891754,1,-0.489410847425461,-0.504863500595093,0.102603763341904,-0.0259677339345217,0.105556562542915,-0.784828305244446,0.610104918479919
12.7582578659058,1,-0.48924133181572,-0.505066215991974,0.102557629346848,-0.0258557293564081,0.103979080915451,-0.784214675426483,0.611168682575226
12.7771666049957,1,-0.4892797768116,-0.50482302904129,0.102492421865463,-0.0258925687521696,0.103826381266117,-0.783690571784973,0.611865043640137
12.8220610618591,1,-0.489421963691711,-0.504597961902618,0.10244020819664,-0.0268225129693747,0.10429286211729,-0.783662557601929,0.611781477928162
12.8239607810974,1,-0.489596992731094,-0.504243493080139,0.102345772087574,-0.0277263913303614,0.105825923383236,-0.784042775630951,0.610990166664124
12.8360772132874,1,-0.489801049232483,-0.50421130657196,0.102295100688934,-0.0292410589754581,0.107090748846531,-0.785005748271942,0.609460890293121
12.857054233551,1,-0.490783780813217,-0.503654778003693,0.102057419717312,-0.0296520534902811,0.111502282321453,-0.786593616008759,0.606595814228058
12.8766696453094,1,-0.491077661514282,-0.504125893115997,0.102019861340523,-0.0309838224202394,0.111073635518551,-0.786107242107391,0.607238173484802
12.9041907787323,1,-0.491093248128891,-0.503962635993958,0.101922884583473,-0.0308630429208279,0.109988734126091,-0.784318208694458,0.609749913215637
12.9165456295013,1,-0.490496695041656,-0.504528045654297,0.102037638425827,-0.0322483107447624,0.104908876121044,-0.781915187835693,0.613647103309631
12.9371402263641,1,-0.490442782640457,-0.505225121974945,0.102053195238113,-0.0350974053144455,0.101201854646206,-0.780740976333618,0.615605354309082
12.957300901413,1,-0.490984320640564,-0.505357384681702,0.101929873228073,-0.038034476339817,0.101110517978668,-0.780549228191376,0.615689098834991
12.9900443553925,1,-0.490040481090546,-0.507444679737091,0.102516978979111,-0.0443084500730038,0.0937967300415039,-0.778971135616302,0.618419766426086
13.0034098625183,1,-0.490083754062653,-0.507476568222046,0.102518603205681,-0.0474610663950443,0.0943298190832138,-0.778092801570892,0.619210004806519
13.0170056819916,1,-0.490568488836288,-0.50722074508667,0.102411814033985,-0.050231397151947,0.0963111370801926,-0.777828812599182,0.619018077850342
13.0373296737671,1,-0.49154344201088,-0.506153762340546,0.10205340385437,-0.0518509857356548,0.100930601358414,-0.777233421802521,0.61889636516571
13.0767245292664,1,-0.4923475086689,-0.50562971830368,0.101789548993111,-0.0534859709441662,0.103377394378185,-0.77704644203186,0.618588089942932
13.0778021812439,1,-0.492461115121841,-0.505824029445648,0.101764231920242,-0.055340301245451,0.102162264287472,-0.775739550590515,0.620264887809753
13.0997376441956,1,-0.491253435611725,-0.507264256477356,0.102256387472153,-0.0582476183772087,0.094585508108139,-0.772922933101654,0.624700784683228
13.1160416603088,1,-0.490909844636917,-0.508238136768341,0.102378457784653,-0.0602849796414375,0.090484619140625,-0.771105468273163,0.627355217933655
13.1628012657166,1,-0.490814059972763,-0.508474230766296,0.102373465895653,-0.0614397153258324,0.0890102088451385,-0.77030074596405,0.628441870212555
13.1641361713409,1,-0.492040574550629,-0.50749534368515,0.1018440797925,-0.0611956045031548,0.0937334671616554,-0.771577298641205,0.626209020614624
13.1761994361877,1,-0.491132467985153,-0.508401155471802,0.102195128798485,-0.0631888434290886,0.0889870449900627,-0.770213901996613,0.628378093242645
13.1963922977448,1,-0.490522235631943,-0.508694708347321,0.102382987737656,-0.0643012449145317,0.0863232910633087,-0.76844185590744,0.630801677703857
13.2170774936676,1,-0.49050560593605,-0.508486390113831,0.102362871170044,-0.064384900033474,0.0858593210577965,-0.76603889465332,0.633772253990173
13.2480797767639,1,-0.489977598190308,-0.508701145648956,0.102305397391319,-0.0632079765200615,0.0828059986233711,-0.761605024337769,0.639613747596741
13.2597279548645,1,-0.491004258394241,-0.508602142333984,0.102216124534607,-0.0654149055480957,0.0844106301665306,-0.761865675449371,0.638871192932129
13.2761569023132,1,-0.491458773612976,-0.50363290309906,0.100680820643902,-0.0536414533853531,0.0964408293366432,-0.767334520816803,0.631679952144623
13.2961857318878,1,-0.490815162658691,-0.509767711162567,0.102251179516315,-0.0685231685638428,0.0790760815143585,-0.764712870121002,0.635819137096405
13.3284521102905,1,-0.489747643470764,-0.509969413280487,0.102517321705818,-0.0677389949560165,0.0759821981191635,-0.764113306999207,0.63699996471405
13.3386034965515,1,-0.489291667938232,-0.509456813335419,0.101825423538685,-0.0650576278567314,0.075213335454464,-0.763506531715393,0.63809734582901
13.3574995994568,1,-0.489815324544907,-0.509513556957245,0.102286592125893,-0.0672610700130463,0.075462281703949,-0.763292014598846,0.63809609413147
13.3769781589508,1,-0.489617854356766,-0.509593904018402,0.102364555001259,-0.0671707987785339,0.0757666602730751,-0.761574923992157,0.64011812210083
13.407350063324,1,-0.489907532930374,-0.510227739810944,0.102507278323174,-0.0700104758143425,0.0743629187345505,-0.761609315872192,0.639937579631805
13.4187841415405,1,-0.489710479974747,-0.51030957698822,0.102197647094727,-0.0703858807682991,0.0726074874401093,-0.760791480541229,0.641069650650024
13.4384920597076,1,-0.489562153816223,-0.510680973529816,0.102230526506901,-0.070769190788269,0.0702749118208885,-0.76016753911972,0.642026841640472
13.457183599472,1,-0.490113645792007,-0.510979235172272,0.102485030889511,-0.0736967921257019,0.068513311445713,-0.758070468902588,0.644363164901733
13.4902021884918,1,-0.49002879858017,-0.51135390996933,0.102523550391197,-0.0749419257044792,0.0654314234852791,-0.755813479423523,0.64718496799469
13.4981851577759,1,-0.489671021699905,-0.510526597499847,0.102009311318398,-0.0728249400854111,0.0655230581760406,-0.754789888858795,0.648610472679138
13.5192592144012,1,-0.489592999219894,-0.510844051837921,0.102093487977982,-0.0748667046427727,0.0644573345780373,-0.754399359226227,0.64893901348114
13.5373723506927,1,-0.489751309156418,-0.512003004550934,0.102508090436459,-0.0792492032051086,0.0630195811390877,-0.754477322101593,0.648468971252441
13.5716414451599,1,-0.489839553833008,-0.512006103992462,0.102493017911911,-0.0801182091236115,0.064565122127533,-0.754419147968292,0.648277878761292
13.5818257331848,1,-0.489684969186783,-0.511014401912689,0.102190986275673,-0.07853664457798,0.0666830390691757,-0.752398729324341,0.650600969791412
13.5961828231812,1,-0.489905297756195,-0.511227190494537,0.102240428328514,-0.0814133509993553,0.0654142126441002,-0.750181555747986,0.652932167053223
13.617360830307,1,-0.490244060754776,-0.512052595615387,0.102414757013321,-0.0861231535673141,0.06235745921731,-0.748484194278717,0.6545729637146
13.6546585559845,1,-0.490234225988388,-0.512333452701569,0.102357588708401,-0.0886204615235329,0.0600431933999062,-0.747195959091187,0.655926465988159
13.6581797599792,1,-0.490134745836258,-0.51213401556015,0.102270066738129,-0.0894531682133675,0.0588450841605663,-0.744406521320343,0.659086048603058
13.6779615879059,1,-0.490417122840881,-0.513090908527374,0.102488338947296,-0.0940071642398834,0.0564528740942478,-0.74131041765213,0.66214394569397
13.6972095966339,1,-0.49047389626503,-0.515731811523438,0.103058136999607,-0.102102443575859,0.0509163364768028,-0.738713681697845,0.664292693138123
13.7327468395233,1,-0.490825206041336,-0.514017045497894,0.102670907974243,-0.100506946444511,0.0555936247110367,-0.741999268531799,0.660488367080688
13.738495349884,1,-0.49138531088829,-0.510897934436798,0.101964235305786,-0.0961602628231049,0.064789816737175,-0.741948962211609,0.66035383939743
13.7580616474152,1,-0.490629494190216,-0.513548612594604,0.102576650679111,-0.10273116081953,0.055123396217823,-0.742191135883331,0.659969806671143
13.776567697525,1,-0.490002632141113,-0.517267942428589,0.103743135929108,-0.110839977860451,0.0442716702818871,-0.739577949047089,0.662404000759125
13.8170182704926,1,-0.4896539747715,-0.515100181102753,0.102842330932617,-0.104442827403545,0.0491742677986622,-0.738151371479034,0.664685010910034
13.83607172966,1,-0.490142464637756,-0.516393423080444,0.103377506136894,-0.108954183757305,0.0455364845693111,-0.735431432723999,0.667230188846588
13.8565628528595,1,-0.490191638469696,-0.514471530914307,0.103004798293114,-0.105449162423611,0.0494642592966557,-0.733688831329346,0.669428527355194
13.8981530666351,1,-0.489765495061874,-0.515097320079803,0.103001058101654,-0.106364615261555,0.0462562255561352,-0.733308136463165,0.669930040836334
13.8993895053864,1,-0.49000546336174,-0.516293883323669,0.103204905986786,-0.111856006085873,0.0430098660290241,-0.732882261276245,0.669717848300934
13.9181005954742,1,-0.490949064493179,-0.516535103321075,0.103235125541687,-0.11684488505125,0.0446570180356503,-0.731278240680695,0.670511186122894
13.9393267631531,1,-0.491444677114487,-0.515579342842102,0.102906621992588,-0.117118492722511,0.0479417480528355,-0.729411065578461,0.672268152236938
13.9733302593231,1,-0.491587728261948,-0.515138149261475,0.10277558863163,-0.116463027894497,0.0483751185238361,-0.7269327044487,0.675029754638672
13.9773290157318,1,-0.490894854068756,-0.516444265842438,0.103055603802204,-0.117629908025265,0.042432863265276,-0.723904252052307,0.678472757339478
13.9975082874298,1,-0.490357965230942,-0.517326474189758,0.103233352303505,-0.11856434494257,0.037653960287571,-0.722338676452637,0.680258393287659
14.017023563385,1,-0.489919602870941,-0.51736718416214,0.103027567267418,-0.117894180119038,0.0359298549592495,-0.720887005329132,0.682005882263184
14.0527365207672,1,-0.490635365247726,-0.5162752866745,0.10264265537262,-0.118064694106579,0.039893601089716,-0.720632612705231,0.682024836540222
14.0627865791321,1,-0.491205811500549,-0.515627443790436,0.102408528327942,-0.119035564363003,0.0434119440615177,-0.71934312582016,0.683001816272736
14.0760707855225,1,-0.491110563278198,-0.515215992927551,0.102302879095078,-0.119999445974827,0.0440714657306671,-0.71941614151001,0.682713866233826
14.0962240695953,1,-0.491183340549469,-0.515204191207886,0.102264910936356,-0.121220476925373,0.0442987754940987,-0.719977617263794,0.681891083717346
14.1301267147064,1,-0.491346120834351,-0.514717400074005,0.10215425491333,-0.121579952538013,0.0455929972231388,-0.719380795955658,0.682371497154236
14.1400446891785,1,-0.492029398679733,-0.514589726924896,0.10210956633091,-0.123483084142208,0.0467412956058979,-0.718342065811157,0.683046102523804
14.1573195457458,1,-0.491872519254684,-0.515166461467743,0.102208390831947,-0.124260492622852,0.0442148223519325,-0.716293573379517,0.685221076011658
14.1760585308075,1,-0.491820871829987,-0.5155348777771,0.102242708206177,-0.123889975249767,0.042101226747036,-0.715638816356659,0.686104893684387
14.2148478031158,1,-0.491867005825043,-0.515938401222229,0.102187059819698,-0.124144144356251,0.0410213321447372,-0.713815689086914,0.688020825386047
14.2185351848602,1,-0.491780638694763,-0.515949308872223,0.102105818688869,-0.12447002530098,0.041254635900259,-0.713396787643433,0.688382387161255
14.237984418869,1,-0.491423368453979,-0.515950918197632,0.102190017700195,-0.124561235308647,0.0411073490977287,-0.714316487312317,0.687420248985291
14.2575643062592,1,-0.490983605384827,-0.515730738639832,0.102190434932709,-0.123831167817116,0.0412729047238827,-0.71462607383728,0.687220513820648
14.2965683937073,1,-0.491670936346054,-0.514701128005981,0.101856216788292,-0.122784055769444,0.0450044460594654,-0.712873458862305,0.688992142677307
14.3186631202698,1,-0.492963463068008,-0.513892531394958,0.10155276954174,-0.122381813824177,0.0472427979111671,-0.710041224956512,0.691832542419434
14.3386063575745,1,-0.492390424013138,-0.515073955059052,0.101976878941059,-0.123697333037853,0.0425675362348557,-0.708499133586884,0.693481087684631
14.3574330806732,1,-0.491627633571625,-0.515990674495697,0.102466210722923,-0.124787248671055,0.038881741464138,-0.70941174030304,0.692568719387054
14.3830437660217,1,-0.491272985935211,-0.51678729057312,0.102724671363831,-0.125738322734833,0.0372683219611645,-0.709749519824982,0.692139148712158
14.3965804576874,1,-0.491360992193222,-0.516485571861267,0.102679371833801,-0.125284627079964,0.0385636314749718,-0.709885895252228,0.692010641098022
14.4164552688599,1,-0.492133259773254,-0.51613712310791,0.102376848459244,-0.125699326395988,0.0416297949850559,-0.708488464355469,0.693188905715942
14.445262670517,1,-0.492752641439438,-0.515323638916016,0.101986773312092,-0.125358134508133,0.0449818484485149,-0.707893490791321,0.693648993968964
14.4560811519623,1,-0.493731886148453,-0.51444286108017,0.101565897464752,-0.125532194972038,0.0490804314613342,-0.707227885723114,0.694018423557281
14.4766108989716,1,-0.494180619716644,-0.513934135437012,0.101345427334309,-0.125411182641983,0.0511947311460972,-0.705493152141571,0.695651173591614
14.4956250190735,1,-0.494649350643158,-0.513734757900238,0.101272225379944,-0.12540265917778,0.0524520054459572,-0.704177916049957,0.696890532970428
14.517026424408,1,-0.494594484567642,-0.513471066951752,0.101231895387173,-0.124294683337212,0.0524961575865746,-0.70294600725174,0.698327958583832
14.5363063812256,1,-0.494151502847672,-0.51408314704895,0.101491086184978,-0.124471426010132,0.0498530119657516,-0.70211923122406,0.699321269989014
14.5564541816711,1,-0.493308752775192,-0.515047609806061,0.101861029863358,-0.124854758381844,0.0458946637809277,-0.701630532741547,0.700014054775238
14.5895578861237,1,-0.492579936981201,-0.516050219535828,0.10226845741272,-0.125041544437408,0.0422578006982803,-0.702591896057129,0.699244976043701
14.6008758544922,1,-0.491316765546799,-0.517176926136017,0.10253432393074,-0.12322872877121,0.0372887142002583,-0.702505588531494,0.699935913085938
14.6159734725952,1,-0.490452527999878,-0.518001794815063,0.102973818778992,-0.121350176632404,0.0332119651138783,-0.701708614826202,0.70126748085022
14.6585419178009,1,-0.490185528993607,-0.517601549625397,0.102813251316547,-0.11711360514164,0.0334507189691067,-0.700294852256775,0.703386545181274
14.659411907196,1,-0.490840882062912,-0.516500115394592,0.102482683956623,-0.113166712224483,0.0371885299682617,-0.700662612915039,0.703478753566742
14.6766238212585,1,-0.491270065307617,-0.515586078166962,0.102075412869453,-0.109030358493328,0.0403896793723106,-0.700488746166229,0.704128265380859
14.6972937583923,1,-0.490992367267609,-0.515208780765533,0.102048337459564,-0.105231910943985,0.0403917022049427,-0.700733304023743,0.704462647438049
14.7162244319916,1,-0.490196794271469,-0.515879511833191,0.102396309375763,-0.102838285267353,0.0372366793453693,-0.700421094894409,0.705299973487854
14.738178730011,1,-0.489570438861847,-0.51623922586441,0.102697610855103,-0.101088114082813,0.0349081195890903,-0.699983894824982,0.706105709075928
14.7580995559692,1,-0.490184277296066,-0.515773177146912,0.102548666298389,-0.100105069577694,0.0372064374387264,-0.699168264865875,0.706936001777649
14.7779626846313,1,-0.491029441356659,-0.514488518238068,0.102009162306786,-0.0976030230522156,0.0421289280056953,-0.698480844497681,0.707688748836517
14.8198897838593,1,-0.491965502500534,-0.513542532920837,0.101716637611389,-0.096139170229435,0.0459704175591469,-0.697989463806152,0.708134710788727
14.8223164081573,1,-0.491281509399414,-0.514756619930267,0.102053433656693,-0.0961846560239792,0.0416752845048904,-0.696767032146454,0.709596693515778
14.8370096683502,1,-0.490501493215561,-0.515825212001801,0.102526307106018,-0.0966395065188408,0.0373824387788773,-0.697107672691345,0.709439396858215
14.8577799797058,1,-0.489601135253906,-0.516936540603638,0.102863356471062,-0.0970050245523453,0.0335807651281357,-0.696954607963562,0.709729969501495
14.8767912387848,1,-0.489734292030334,-0.516540706157684,0.102819547057152,-0.0967666730284691,0.0350904054939747,-0.69730281829834,0.709347367286682
14.9067490100861,1,-0.490390747785568,-0.515895247459412,0.102386556565762,-0.0970872268080711,0.0386450216174126,-0.696854531764984,0.709559321403503
14.9181904792786,1,-0.491421520709991,-0.514489412307739,0.101738005876541,-0.0970868021249771,0.0448506660759449,-0.696151852607727,0.70988392829895
14.9378709793091,1,-0.492133557796478,-0.514205157756805,0.101456716656685,-0.0981177911162376,0.0475493036210537,-0.694710314273834,0.710977852344513
14.9561121463776,1,-0.492407083511353,-0.513975083827972,0.101313881576061,-0.0980705395340919,0.0485162325203419,-0.693610727787018,0.711992025375366
14.9882237911224,1,-0.492506742477417,-0.514104723930359,0.101294338703156,-0.0978691056370735,0.0481642670929432,-0.690646827220917,0.714918732643127
14.9989831447601,1,-0.492137730121613,-0.514441013336182,0.101427316665649,-0.0986306443810463,0.0458635240793228,-0.688639998435974,0.716898620128632
15.0186717510223,1,-0.491681635379791,-0.51502001285553,0.101742208003998,-0.100406751036644,0.0427688471972942,-0.68791252374649,0.717541515827179
15.0359601974487,1,-0.490621000528336,-0.515939772129059,0.102093614637852,-0.102187871932983,0.0379799343645573,-0.685751020908356,0.719625473022461
15.0590426921844,1,-0.489929497241974,-0.517151415348053,0.10262206196785,-0.10554663836956,0.0327752269804478,-0.684714734554291,0.720382928848267
15.077315568924,1,-0.489240735769272,-0.517831027507782,0.102842271327972,-0.107442587614059,0.0292493421584368,-0.683342695236206,0.721556186676025
15.0958552360535,1,-0.489585489034653,-0.517739057540894,0.10275723785162,-0.108681343495846,0.0301469545811415,-0.682408213615417,0.722217917442322
15.128479719162,1,-0.489960879087448,-0.517073214054108,0.102412901818752,-0.10867778211832,0.0325477682054043,-0.6811882853508,0.723265051841736
15.135390996933,1,-0.491191387176514,-0.515884280204773,0.101901084184647,-0.109700851142406,0.0378880351781845,-0.681352853775024,0.722695410251617
15.1566059589386,1,-0.491960346698761,-0.514963984489441,0.101379409432411,-0.110272459685802,0.0417203679680824,-0.680170118808746,0.723510980606079
15.1816027164459,1,-0.492906242609024,-0.514257669448853,0.101091608405113,-0.112114749848843,0.0447254814207554,-0.680968582630157,0.722296178340912
15.1975514888763,1,-0.492837518453598,-0.51456606388092,0.101129084825516,-0.11362013220787,0.0438588820397854,-0.679411470890045,0.723579347133636
15.2216241359711,1,-0.492660075426102,-0.514757692813873,0.101350516080856,-0.114779874682426,0.0422128327190876,-0.678059577941895,0.724761366844177
15.2360661029816,1,-0.492314159870148,-0.515278816223145,0.101559221744537,-0.115786291658878,0.0391769595444202,-0.675894975662231,0.726790726184845
15.2555069923401,1,-0.491753160953522,-0.51584529876709,0.101870015263557,-0.116900593042374,0.0350856482982635,-0.67441338300705,0.728196322917938
15.2830877304077,1,-0.491718947887421,-0.516387641429901,0.101969070732594,-0.118222065269947,0.033126525580883,-0.673049509525299,0.729335784912109
15.297860622406,1,-0.491917639970779,-0.516338169574738,0.101858526468277,-0.118239030241966,0.0332490690052509,-0.67180997133255,0.730469286441803
15.3165295124054,1,-0.492790818214417,-0.516381025314331,0.101685844361782,-0.11947575956583,0.0353060588240623,-0.671665549278259,0.730304360389709
15.3363564014435,1,-0.493155926465988,-0.516057193279266,0.101420506834984,-0.119052775204182,0.038471233099699,-0.672373175621033,0.729561984539032
15.3623132705688,1,-0.493478089570999,-0.515935003757477,0.101486578583717,-0.118057519197464,0.0408805087208748,-0.67449963092804,0.727627277374268
15.3785178661346,1,-0.492200821638107,-0.516428649425507,0.101786196231842,-0.11503928899765,0.0374664254486561,-0.674677014350891,0.728129982948303
15.396449804306,1,-0.491107702255249,-0.516843140125275,0.102075219154358,-0.111064724624157,0.0336088985204697,-0.675081551074982,0.728560209274292
15.4283890724182,1,-0.49098527431488,-0.516283929347992,0.101756937801838,-0.106089897453785,0.0345845259726048,-0.674002349376678,0.730253279209137
15.4386491775513,1,-0.491779506206512,-0.514682471752167,0.101201102137566,-0.101166374981403,0.039556197822094,-0.672457098960876,0.732121765613556
15.4561157226562,1,-0.492193609476089,-0.514110803604126,0.100765816867352,-0.0975519418716431,0.0413532331585884,-0.670850276947021,0.733984708786011
15.4765720367432,1,-0.492605209350586,-0.513510644435883,0.100640065968037,-0.0947355926036835,0.0425596721470356,-0.670740067958832,0.734385192394257
15.5028414726257,1,-0.492475628852844,-0.513245701789856,0.100521571934223,-0.0911568626761436,0.0432375483214855,-0.669184267520905,0.736215651035309
15.517077922821,1,-0.492197811603546,-0.513389706611633,0.100733272731304,-0.088618129491806,0.0423915646970272,-0.669295608997345,0.736473441123962
15.5360536575317,1,-0.491456836462021,-0.514206349849701,0.101033501327038,-0.0862001553177834,0.0393902696669102,-0.670052766799927,0.736238598823547
15.5557317733765,1,-0.490275412797928,-0.515012979507446,0.101520135998726,-0.0836432129144669,0.0353271476924419,-0.670187890529633,0.736616671085358
15.5789248943329,1,-0.489212274551392,-0.516086101531982,0.102120563387871,-0.0814546793699265,0.0306057427078485,-0.670369625091553,0.736907720565796
15.5973827838898,1,-0.488216578960419,-0.516317367553711,0.102366000413895,-0.077079214155674,0.0270503163337708,-0.668969810009003,0.738787174224854
15.6183173656464,1,-0.487123280763626,-0.517942011356354,0.103018917143345,-0.0747121870517731,0.0195562336593866,-0.668255269527435,0.739912509918213
15.6452503204346,1,-0.485581308603287,-0.518537104129791,0.103499062359333,-0.0703817680478096,0.0129093322902918,-0.666097939014435,0.742424011230469
15.6668782234192,1,-0.484706312417984,-0.51963347196579,0.104050204157829,-0.0684634447097778,0.00743737164884806,-0.665011823177338,0.743651032447815
15.6771659851074,1,-0.48383903503418,-0.520488679409027,0.104453600943089,-0.066861592233181,0.00325808534398675,-0.663422703742981,0.745244443416595
15.6966462135315,1,-0.483483791351318,-0.521485805511475,0.104746848344803,-0.0663074776530266,0.000203021132620052,-0.662627577781677,0.746008098125458
15.716468334198,1,-0.48338657617569,-0.521548628807068,0.104832693934441,-0.0644093975424767,5.31082332599908e-05,-0.662039518356323,0.74669623374939
15.7424194812775,1,-0.483851701021194,-0.52113151550293,0.10466443747282,-0.0627515837550163,0.0028219735249877,-0.661849677562714,0.747000277042389
15.756617307663,1,-0.48463848233223,-0.51992005109787,0.104183442890644,-0.0600059553980827,0.00835268571972847,-0.662262141704559,0.746818840503693
15.7768039703369,1,-0.485661268234253,-0.518165230751038,0.103163428604603,-0.0550871342420578,0.0166598241776228,-0.661951780319214,0.747333765029907
15.8045871257782,1,-0.486942321062088,-0.515970289707184,0.102341346442699,-0.0496242195367813,0.0252186972647905,-0.661784529685974,0.747624754905701
15.8206901550293,1,-0.488102048635483,-0.514101207256317,0.101726725697517,-0.0440526828169823,0.0322387292981148,-0.660544872283936,0.748799383640289
15.8367459774017,1,-0.488707542419434,-0.512767195701599,0.101341135799885,-0.039933018386364,0.0364686548709869,-0.65958958864212,0.749677956104279
15.8566017150879,1,-0.489091485738754,-0.51178765296936,0.100903525948524,-0.0367785766720772,0.0397488437592983,-0.659695267677307,0.749579548835754
15.8821065425873,1,-0.489916861057281,-0.510634243488312,0.100494205951691,-0.0363991223275661,0.045302502810955,-0.662216186523438,0.747055947780609
15.9039993286133,1,-0.490736365318298,-0.510012090206146,0.100224554538727,-0.0370133221149445,0.0503615885972977,-0.66300767660141,0.745998978614807
15.9165711402893,1,-0.491447657346725,-0.509358644485474,0.100045517086983,-0.0372720472514629,0.0545160546898842,-0.663689017295837,0.745087742805481
15.9364807605743,1,-0.491889655590057,-0.508776187896729,0.0997335910797119,-0.0366275869309902,0.0575642958283424,-0.663262128829956,0.745270490646362
15.9579744338989,1,-0.492198944091797,-0.508510649204254,0.0996018052101135,-0.037741769105196,0.0595470406115055,-0.664089977741241,0.744321286678314
15.9864394664764,1,-0.492353111505508,-0.50886195898056,0.0997393429279327,-0.0401193685829639,0.0608336478471756,-0.663985371589661,0.744186282157898
15.9968526363373,1,-0.49173104763031,-0.509345710277557,0.100015431642532,-0.042088083922863,0.0590277872979641,-0.664285182952881,0.743955314159393
16.0177872180939,1,-0.491296201944351,-0.509666562080383,0.100283965468407,-0.0446425303816795,0.0571863874793053,-0.664334237575531,0.743906497955322
16.0367388725281,1,-0.491352915763855,-0.509855329990387,0.10048221051693,-0.048517219722271,0.0565189123153687,-0.664721727371216,0.743368566036224
16.0694420337677,1,-0.492024391889572,-0.510417342185974,0.100572928786278,-0.0544456280767918,0.0560395792126656,-0.66508960723877,0.742664933204651
16.0781672000885,1,-0.491457372903824,-0.512062191963196,0.100755035877228,-0.0586291551589966,0.0509106516838074,-0.66459196805954,0.743161022663116
16.0981366634369,1,-0.490979164838791,-0.512964189052582,0.10090109705925,-0.0605313666164875,0.0477968826889992,-0.663478434085846,0.74420952796936
16.1161508560181,1,-0.490632712841034,-0.513523638248444,0.101121470332146,-0.0608788654208183,0.0463617257773876,-0.66199392080307,0.745592713356018
16.1467566490173,1,-0.490212917327881,-0.513250827789307,0.10130387544632,-0.0588494315743446,0.0460681915283203,-0.660966634750366,0.746684432029724
16.1575181484222,1,-0.490823924541473,-0.512513160705566,0.101144768297672,-0.0587420128285885,0.0479822754859924,-0.660546660423279,0.746943891048431
16.1759450435638,1,-0.490478545427322,-0.513443529605865,0.101024568080902,-0.0596226528286934,0.0455883033573627,-0.660896837711334,0.746714353561401
16.1963405609131,1,-0.489881902933121,-0.513862013816833,0.101097613573074,-0.0600183121860027,0.0442417822778225,-0.660551190376282,0.747069358825684
16.227507352829,1,-0.489825993776321,-0.513858914375305,0.101511210203171,-0.0603687912225723,0.0448907539248466,-0.659930288791656,0.747551023960114
16.2390789985657,1,-0.490698009729385,-0.512391328811646,0.101239234209061,-0.0603697784245014,0.0500279739499092,-0.659164369106293,0.747900426387787
16.258446931839,1,-0.490510374307632,-0.513066530227661,0.101204633712769,-0.0623989291489124,0.0483320839703083,-0.659486711025238,0.74756121635437
16.2760722637177,1,-0.490219950675964,-0.514393508434296,0.101144686341286,-0.0647370293736458,0.0453191176056862,-0.657434701919556,0.749356389045715
16.3097636699677,1,-0.489719122648239,-0.515033185482025,0.101329073309898,-0.0637451112270355,0.0429634042084217,-0.657547652721405,0.749481022357941
16.319486618042,1,-0.489823222160339,-0.513968110084534,0.1015235632658,-0.0610539019107819,0.0458286739885807,-0.656683921813965,0.750292181968689
16.3373687267303,1,-0.490584552288055,-0.512827038764954,0.101326011121273,-0.0600356832146645,0.0507017262279987,-0.656752347946167,0.750001072883606
16.3567500114441,1,-0.490647047758102,-0.513369262218475,0.101406738162041,-0.062476921826601,0.0501812770962715,-0.658047735691071,0.748700022697449
16.394378900528,1,-0.490096837282181,-0.514347612857819,0.101495146751404,-0.0653665512800217,0.0484269633889198,-0.658776879310608,0.747927188873291
16.3998939990997,1,-0.489965289831161,-0.513781547546387,0.101360410451889,-0.065993070602417,0.0507741048932076,-0.659207463264465,0.747336983680725
16.4183750152588,1,-0.49112543463707,-0.512738406658173,0.101247802376747,-0.0685942992568016,0.0550118498504162,-0.659884929656982,0.746204078197479
16.4363651275635,1,-0.491140305995941,-0.513854384422302,0.10139787197113,-0.0715857222676277,0.0528479181230068,-0.65934944152832,0.746552765369415
16.4811372756958,1,-0.490993022918701,-0.514432847499847,0.101504877209663,-0.0725421831011772,0.0518717169761658,-0.656971454620361,0.748622477054596
16.484503030777,1,-0.490823239088058,-0.514249801635742,0.10146701335907,-0.0707128196954727,0.0518691167235374,-0.658783376216888,0.747204005718231
16.4969830513,1,-0.490881621837616,-0.512969255447388,0.101187467575073,-0.0677288249135017,0.0553008764982224,-0.657138645648956,0.7486811876297
16.5175313949585,1,-0.49112144112587,-0.512790143489838,0.101233631372452,-0.0674225836992264,0.0561099275946617,-0.657355606555939,0.748458087444305
16.5367708206177,1,-0.490816622972488,-0.514213562011719,0.101392701268196,-0.0685301348567009,0.0525303743779659,-0.657157063484192,0.748791575431824
16.5741024017334,1,-0.489966809749603,-0.514848530292511,0.101325333118439,-0.065081812441349,0.0502302162349224,-0.657002806663513,0.749392151832581
16.5777430534363,1,-0.490463376045227,-0.51309722661972,0.101360857486725,-0.0600151307880878,0.0544231571257114,-0.656201779842377,0.750223755836487
16.5998327732086,1,-0.491217941045761,-0.512461423873901,0.100999377667904,-0.0566900223493576,0.0571271255612373,-0.654435157775879,0.751822769641876
16.6166965961456,1,-0.489877194166183,-0.513136684894562,0.100969955325127,-0.0522723533213139,0.0524163544178009,-0.652828752994537,0.75387978553772
16.6376903057098,1,-0.490109711885452,-0.512047410011292,0.100987270474434,-0.0487199164927006,0.0539064332842827,-0.651473641395569,0.75518387556076
16.6632959842682,1,-0.490780860185623,-0.511842906475067,0.10096786916256,-0.0479201078414917,0.0552189834415913,-0.650491654872894,0.755986273288727
16.6763966083527,1,-0.490159034729004,-0.512194275856018,0.100729629397392,-0.0460394211113453,0.0531593747437,-0.649762749671936,0.75687712430954
16.6962890625,1,-0.490255206823349,-0.511255502700806,0.100832715630531,-0.0444984212517738,0.0544193163514137,-0.64985603094101,0.756799578666687
16.716103553772,1,-0.490388870239258,-0.512977480888367,0.100852981209755,-0.0480864010751247,0.0510951168835163,-0.648235619068146,0.758200168609619
16.7441682815552,1,-0.4899622797966,-0.512580335140228,0.10070139169693,-0.0448016710579395,0.0514779537916183,-0.64792662858963,0.758639574050903
16.7567622661591,1,-0.489668667316437,-0.51203328371048,0.10104638338089,-0.0428281798958778,0.0507419370114803,-0.648039817810059,0.758706510066986
16.7758986949921,1,-0.489259392023087,-0.513283491134644,0.101010821759701,-0.0429685115814209,0.0464759841561317,-0.646748065948486,0.760072767734528
16.8148658275604,1,-0.489328294992447,-0.512155711650848,0.100821137428284,-0.0380850173532963,0.0480631701648235,-0.645970344543457,0.760895371437073
16.8179712295532,1,-0.489819347858429,-0.512039542198181,0.100801572203636,-0.0371653884649277,0.0483610033988953,-0.645526647567749,0.761298418045044
16.8360781669617,1,-0.489252150058746,-0.512248158454895,0.100790455937386,-0.0350041426718235,0.0466745644807816,-0.646460890769958,0.760713219642639
16.8604044914246,1,-0.489033073186874,-0.511961698532104,0.100981280207634,-0.0344367772340775,0.0470928400754929,-0.648443579673767,0.759023904800415
16.8795146942139,1,-0.488840937614441,-0.513121724128723,0.101084187626839,-0.036980289965868,0.0456290505826473,-0.649137854576111,0.758400022983551
16.8967981338501,1,-0.488835871219635,-0.512133955955505,0.100974082946777,-0.0338872596621513,0.0483149327337742,-0.648990631103516,0.758504211902618
16.9287648200989,1,-0.489840596914291,-0.511897444725037,0.100979179143906,-0.0342454575002193,0.0503371953964233,-0.648337602615356,0.758914828300476
16.9372389316559,1,-0.489053070545197,-0.512605845928192,0.100701108574867,-0.0323318392038345,0.0463725328445435,-0.646362781524658,0.76093327999115
16.9565446376801,1,-0.488917291164398,-0.51153177022934,0.100622951984406,-0.0285566356033087,0.0464829243719578,-0.645805895328522,0.761550188064575
16.9795567989349,1,-0.489621132612228,-0.511297941207886,0.100427187979221,-0.0291707050055265,0.0484292842447758,-0.64439594745636,0.762599289417267
16.9981245994568,1,-0.489358842372894,-0.511657357215881,0.100406646728516,-0.0295233894139528,0.0485197827219963,-0.644920527935028,0.762136280536652
17.016813993454,1,-0.489603847265244,-0.51130610704422,0.100587770342827,-0.0309821180999279,0.0506049990653992,-0.647028684616089,0.760153353214264
17.0364661216736,1,-0.489719539880753,-0.511760175228119,0.100550711154938,-0.0326482579112053,0.0507925786077976,-0.647184312343597,0.759938597679138
17.0734913349152,1,-0.489285320043564,-0.512128889560699,0.100617617368698,-0.0319401957094669,0.0492849089205265,-0.645947098731995,0.761119723320007
17.0845732688904,1,-0.489544928073883,-0.511746942996979,0.100730262696743,-0.0313926711678505,0.0498059466481209,-0.645758926868439,0.761268258094788
17.0973429679871,1,-0.48898634314537,-0.512266159057617,0.100749343633652,-0.0304591506719589,0.0462736487388611,-0.644937932491302,0.762224435806274
17.1161229610443,1,-0.488441497087479,-0.512175679206848,0.100786365568638,-0.0283630546182394,0.0441062077879906,-0.643521368503571,0.763629913330078
17.1477346420288,1,-0.488686233758926,-0.512182831764221,0.100739255547523,-0.0288053750991821,0.0438653528690338,-0.642079412937164,0.764840006828308
17.1565141677856,1,-0.488508582115173,-0.512127876281738,0.100605189800262,-0.0280729923397303,0.0434795059263706,-0.643080592155457,0.764047682285309
17.1767337322235,1,-0.488650649785995,-0.511924684047699,0.100650683045387,-0.0278543122112751,0.044612355530262,-0.644852936267853,0.762495040893555
17.1975700855255,1,-0.488627195358276,-0.512567460536957,0.10067130625248,-0.0291096176952124,0.0437463745474815,-0.645236909389496,0.762173354625702
17.2255923748016,1,-0.488220065832138,-0.512263774871826,0.100619502365589,-0.0271497555077076,0.0436665266752243,-0.645200610160828,0.762281000614166
17.2371683120728,1,-0.489056318998337,-0.511704385280609,0.100642167031765,-0.0275161508470774,0.0459946021437645,-0.645818591117859,0.76160740852356
17.2568869590759,1,-0.48869264125824,-0.511999905109406,0.100353874266148,-0.0262992214411497,0.0443354658782482,-0.644284129142761,0.76304692029953
17.2769460678101,1,-0.488668888807297,-0.511134922504425,0.100246578454971,-0.0235110223293304,0.0444658435881138,-0.644050121307373,0.763327896595001
17.3106510639191,1,-0.489949315786362,-0.510688126087189,0.0998257100582123,-0.0248128622770309,0.0467713512480259,-0.642823874950409,0.764182090759277
17.3216223716736,1,-0.489476889371872,-0.51107919216156,0.0997458696365356,-0.0247887223958969,0.0436949990689754,-0.64116632938385,0.765755772590637
17.3368005752563,1,-0.489590615034103,-0.510817408561707,0.0998484790325165,-0.025358535349369,0.0430052578449249,-0.640557110309601,0.766285955905914
17.3563482761383,1,-0.489296674728394,-0.511489272117615,0.099910594522953,-0.0260730087757111,0.0397323966026306,-0.641519010066986,0.765633761882782
17.3927166461945,1,-0.488710761070251,-0.51170951128006,0.0999397709965706,-0.0246628560125828,0.0374103896319866,-0.64200359582901,0.765391111373901
17.4021527767181,1,-0.488955318927765,-0.511863648891449,0.0998854637145996,-0.0251107309013605,0.0369148440659046,-0.642857193946838,0.764683842658997
17.4174289703369,1,-0.488337814807892,-0.511931240558624,0.0999423936009407,-0.02370984852314,0.0342595316469669,-0.643026292324066,0.764710068702698
17.4364891052246,1,-0.488461375236511,-0.511854648590088,0.100039012730122,-0.0239658821374178,0.0338906869292259,-0.644189059734344,0.763739168643951
17.4752061367035,1,-0.488609582185745,-0.512275755405426,0.0999057665467262,-0.0254954621195793,0.0339164361357689,-0.644249856472015,0.763637244701385
17.4771168231964,1,-0.488226056098938,-0.51159405708313,0.0997063219547272,-0.0238972082734108,0.0353125557303429,-0.644266307353973,0.763611733913422
17.4969387054443,1,-0.489112943410873,-0.511328399181366,0.0998039841651917,-0.0256035719066858,0.0380422249436378,-0.644866108894348,0.762918710708618
17.5171384811401,1,-0.489138782024384,-0.511900782585144,0.0997598096728325,-0.0262322723865509,0.0378105230629444,-0.644218146800995,0.763456165790558
17.5368990898132,1,-0.488757103681564,-0.511015951633453,0.0994812026619911,-0.0223381742835045,0.0387512482702732,-0.644628345966339,0.763186514377594
17.5583667755127,1,-0.489198327064514,-0.511195302009583,0.0994807034730911,-0.0228287409991026,0.0387029089033604,-0.644489228725433,0.763291895389557
17.5762493610382,1,-0.488799124956131,-0.511845529079437,0.0994672924280167,-0.0226938892155886,0.036038976162672,-0.64408677816391,0.7637659907341
17.6091222763062,1,-0.488804310560226,-0.511357724666595,0.0995332449674606,-0.0221438389271498,0.0365877412259579,-0.644166946411133,0.763688385486603
17.6154401302338,1,-0.489023923873901,-0.511516153812408,0.0995210260152817,-0.0237222015857697,0.0366193689405918,-0.645170569419861,0.762791693210602
17.6353752613068,1,-0.488475143909454,-0.511645555496216,0.0995358377695084,-0.023188779130578,0.0355159565806389,-0.645118236541748,0.762904584407806
17.6697678565979,1,-0.488584280014038,-0.51265674829483,0.0997572541236877,-0.0262974854558706,0.0334839969873428,-0.645710647106171,0.762394309043884
17.676365852356,1,-0.488047182559967,-0.511968016624451,0.0994773954153061,-0.0230067130178213,0.0342269614338875,-0.645525217056274,0.762624621391296
17.6975347995758,1,-0.488312095403671,-0.512302815914154,0.0995398610830307,-0.0241754278540611,0.034091405570507,-0.644310772418976,0.763621032238007
17.7164223194122,1,-0.488722622394562,-0.51171863079071,0.0996444374322891,-0.0231206156313419,0.0357903875410557,-0.644070267677307,0.763778746128082
17.7401132583618,1,-0.48784351348877,-0.512542843818665,0.099367693066597,-0.0232744887471199,0.0315841771662235,-0.643623173236847,0.764336287975311
17.7560467720032,1,-0.488724261522293,-0.513176321983337,0.0998690277338028,-0.0280444454401731,0.0326436571776867,-0.645536005496979,0.762516438961029
17.776035785675,1,-0.489674061536789,-0.51000452041626,0.0992770195007324,-0.0227348878979683,0.0429374873638153,-0.644421279430389,0.763125658035278
17.7987277507782,1,-0.486965388059616,-0.51134866476059,0.0986975803971291,-0.0204250942915678,0.0321365259587765,-0.646150231361389,0.762259840965271
17.818085193634,1,-0.485084623098373,-0.517353177070618,0.10051553696394,-0.0325926654040813,0.0150962891057134,-0.643398344516754,0.764688491821289
17.8364105224609,1,-0.489662021398544,-0.513238728046417,0.100545160472393,-0.0315973795950413,0.0355114154517651,-0.64398056268692,0.763563811779022
17.8710811138153,1,-0.492080956697464,-0.505359053611755,0.0987443476915359,-0.0164520759135485,0.0576501078903675,-0.646037578582764,0.760947704315186
17.882034778595,1,-0.487837255001068,-0.509531080722809,0.0978246480226517,-0.0184947326779366,0.0387378819286823,-0.643205642700195,0.764489233493805
17.8964908123016,1,-0.485579073429108,-0.514226853847504,0.0985990539193153,-0.0260818377137184,0.0203854069113731,-0.646188378334045,0.762459635734558
17.9165318012238,1,-0.488414794206619,-0.513132989406586,0.0996650755405426,-0.0289575308561325,0.031709261238575,-0.644908726215363,0.76305228471756
17.9407796859741,1,-0.489965319633484,-0.511376857757568,0.100319877266884,-0.0281456597149372,0.0402286760509014,-0.641509056091309,0.76554274559021
17.9569711685181,1,-0.489585608243942,-0.511530697345734,0.0998664647340775,-0.0278793014585972,0.0366466455161572,-0.643117904663086,0.764381527900696
17.9774944782257,1,-0.488394498825073,-0.511605322360992,0.0986869335174561,-0.025860358029604,0.0331941395998001,-0.643579065799713,0.764222025871277
18.0180010795593,1,-0.488023549318314,-0.511185824871063,0.098175548017025,-0.0239662677049637,0.0339631102979183,-0.644617021083832,0.763374745845795
18.0204074382782,1,-0.487661153078079,-0.511461675167084,0.0984864830970764,-0.0247416421771049,0.0329253897070885,-0.644368410110474,0.763605356216431
18.0367558002472,1,-0.486553937196732,-0.514551758766174,0.0994786098599434,-0.0308437682688236,0.0231262799352407,-0.643911778926849,0.764127969741821
18.0585391521454,1,-0.486334025859833,-0.515572249889374,0.0999981462955475,-0.0331175327301025,0.019744485616684,-0.643971920013428,0.764076948165894
18.0948679447174,1,-0.488036572933197,-0.51236355304718,0.099530503153801,-0.028710188344121,0.0306291617453098,-0.643096745014191,0.764633417129517
18.0981578826904,1,-0.489404261112213,-0.510728240013123,0.099414125084877,-0.0277643483132124,0.0367892980575562,-0.64191734790802,0.765387415885925
18.1164629459381,1,-0.488541334867477,-0.511865377426147,0.099118784070015,-0.0288185402750969,0.0313708446919918,-0.642217397689819,0.765338003635406
18.1384899616241,1,-0.487332999706268,-0.512408971786499,0.0985182076692581,-0.0275453701615334,0.0276324152946472,-0.642861485481262,0.764988124370575
18.1620020866394,1,-0.486815840005875,-0.512655079364777,0.0985033512115479,-0.0268430653959513,0.0263912007212639,-0.643966317176819,0.764127194881439
18.1913251876831,1,-0.486816555261612,-0.513294875621796,0.09908227622509,-0.0286800339818001,0.0252891257405281,-0.644125163555145,0.763963758945465
18.1968772411346,1,-0.487204730510712,-0.514196634292603,0.0997106581926346,-0.0316572822630405,0.0241581480950117,-0.64430558681488,0.763730704784393
18.2165162563324,1,-0.487725168466568,-0.512825429439545,0.0993071049451828,-0.0286742672324181,0.0287056714296341,-0.64412534236908,0.763843178749084
18.2367215156555,1,-0.488670706748962,-0.510995030403137,0.0989077091217041,-0.0254364386200905,0.0356466807425022,-0.642710983753204,0.764856100082397
18.2635104656219,1,-0.489619463682175,-0.510789930820465,0.0988839119672775,-0.0269487798213959,0.0376870408654213,-0.64315128326416,0.764336168766022
18.2762639522552,1,-0.489247798919678,-0.511010944843292,0.0987019389867783,-0.0269811023026705,0.0360062904655933,-0.644091427326202,0.763624131679535
18.2972528934479,1,-0.48835676908493,-0.511165857315063,0.0983928889036179,-0.0252279508858919,0.0340954400599003,-0.643981754779816,0.763864159584045
18.3163187503815,1,-0.487705439329147,-0.51193767786026,0.0985117629170418,-0.0255527477711439,0.0310393907129765,-0.643873572349548,0.764074921607971
18.3444895744324,1,-0.487020283937454,-0.514038741588593,0.0991404801607132,-0.0290850885212421,0.024632228538394,-0.64310359954834,0.76483017206192
18.3570449352264,1,-0.487050890922546,-0.514252066612244,0.0992979109287262,-0.0296364743262529,0.0235767178237438,-0.643099308013916,0.764845848083496
18.3778607845306,1,-0.487488448619843,-0.512859165668488,0.0989164113998413,-0.0268866643309593,0.0276971533894539,-0.64369523525238,0.764307856559753
18.3974132537842,1,-0.488115668296814,-0.511876821517944,0.0986263155937195,-0.0256736278533936,0.0321202948689461,-0.643645763397217,0.764218091964722
18.4260532855988,1,-0.488478153944016,-0.51207423210144,0.0986329689621925,-0.0271062962710857,0.033003356307745,-0.643744945526123,0.764047503471375
18.4380910396576,1,-0.488472193479538,-0.511539876461029,0.0984584540128708,-0.0257515553385019,0.0341700129210949,-0.642790257930756,0.764846324920654
18.4558999538422,1,-0.488662511110306,-0.510237395763397,0.0982252806425095,-0.0230331085622311,0.0360292121767998,-0.643100023269653,0.764587342739105
18.4761426448822,1,-0.487859576940536,-0.511856198310852,0.0984077006578445,-0.0254047140479088,0.0305454414337873,-0.643956959247589,0.764029502868652
18.5110595226288,1,-0.486566603183746,-0.514501512050629,0.0988253727555275,-0.0294790621846914,0.0226306673139334,-0.642258942127228,0.765586256980896
18.5230717658997,1,-0.486987054347992,-0.514140069484711,0.0987250655889511,-0.0293007232248783,0.0238339994102716,-0.643964290618896,0.764122724533081
18.5381498336792,1,-0.488435715436935,-0.510743081569672,0.0980448052287102,-0.0237585064023733,0.0346686579287052,-0.643349289894104,0.764418363571167
18.5581407546997,1,-0.489008665084839,-0.510613322257996,0.0981602072715759,-0.0247388333082199,0.0361383371055126,-0.643018186092377,0.764597773551941
18.5992698669434,1,-0.487810164690018,-0.514580845832825,0.0986259952187538,-0.0322013348340988,0.0247636716812849,-0.643018245697021,0.764772832393646
18.6019973754883,1,-0.487110763788223,-0.514113962650299,0.0977532267570496,-0.029127836227417,0.0244733262807131,-0.64363831281662,0.764383673667908
18.6166114807129,1,-0.488682121038437,-0.50970870256424,0.09459288418293,-0.0212120767682791,0.0388437882065773,-0.644817709922791,0.763053953647614
18.6371147632599,1,-0.488682895898819,-0.51226931810379,0.0920359939336777,-0.0271154642105103,0.033237311989069,-0.645790815353394,0.762308597564697
18.6577425003052,1,-0.486993044614792,-0.514141142368317,0.0907467305660248,-0.0278320927172899,0.0220939926803112,-0.641937673091888,0.765933036804199
18.6879606246948,1,-0.485500484704971,-0.516720235347748,0.0891029983758926,-0.0303273759782314,0.0103207295760512,-0.639336884021759,0.768259167671204
18.6962127685547,1,-0.48610520362854,-0.512477576732635,0.0872658416628838,-0.018951678648591,0.0189412720501423,-0.637135446071625,0.770285964012146
18.7164371013641,1,-0.488342106342316,-0.510541617870331,0.0890903919935226,-0.019837498664856,0.0293693821877241,-0.637402236461639,0.76971572637558
18.7403197288513,1,-0.487505048513412,-0.515496790409088,0.0932811051607132,-0.0333926752209663,0.0174580328166485,-0.637748122215271,0.76932281255722
18.7616050243378,1,-0.485949009656906,-0.516672670841217,0.0968488454818726,-0.0337677784264088,0.0105074411258101,-0.643002390861511,0.765047192573547
18.7768111228943,1,-0.486117541790009,-0.511387348175049,0.0989920422434807,-0.0202576238662004,0.0225734077394009,-0.647372782230377,0.761569738388062
18.7993671894073,1,-0.487848848104477,-0.513669908046722,0.102962270379066,-0.0270083826035261,0.0258735883980989,-0.652377009391785,0.756971299648285
18.816987991333,1,-0.489950478076935,-0.520392537117004,0.106839254498482,-0.0440634675323963,0.0238696672022343,-0.66005802154541,0.749541282653809
18.8506898880005,1,-0.490246832370758,-0.522931456565857,0.108205065131187,-0.0452195182442665,0.0265202615410089,-0.663578152656555,0.746268093585968
18.8610742092133,1,-0.490786850452423,-0.520304679870605,0.108409903943539,-0.0333320088684559,0.0371558479964733,-0.663775026798248,0.746264815330505
18.8768849372864,1,-0.492233455181122,-0.518012523651123,0.110610082745552,-0.0264869723469019,0.0437522642314434,-0.664214789867401,0.745790183544159
18.8975646495819,1,-0.494446635246277,-0.517879545688629,0.114762485027313,-0.0290086176246405,0.0437054559588432,-0.665818452835083,0.744267582893372
18.9354231357574,1,-0.497259676456451,-0.5156170129776,0.118117779493332,-0.028103930875659,0.0486736372113228,-0.667542159557343,0.742447674274445
18.9373030662537,1,-0.498573213815689,-0.510547459125519,0.119184508919716,-0.0170117411762476,0.0578842312097549,-0.667683839797974,0.741996169090271
18.9566209316254,1,-0.498978614807129,-0.507803320884705,0.11921788752079,-0.00911456719040871,0.0626281201839447,-0.666667401790619,0.742663621902466
18.9767591953278,1,-0.499110192060471,-0.508310317993164,0.119065120816231,-0.00849702954292297,0.0616361424326897,-0.666931748390198,0.74251651763916
18.998131275177,1,-0.498940914869308,-0.510296761989594,0.118987388908863,-0.0102353971451521,0.0578576922416687,-0.667079150676727,0.742666244506836
19.0200517177582,1,-0.498713701963425,-0.511760950088501,0.119115307927132,-0.00949301943182945,0.0552233792841434,-0.666459918022156,0.743432223796844
19.036572933197,1,-0.498922169208527,-0.512307703495026,0.119738981127739,-0.0072576766833663,0.0553107224404812,-0.666889250278473,0.743065893650055
19.0567290782928,1,-0.499241590499878,-0.512518763542175,0.120628505945206,-0.00495338765904307,0.056963574141264,-0.668840289115906,0.741204023361206
19.084615945816,1,-0.49917408823967,-0.513717472553253,0.121683463454247,-0.00470481952652335,0.0566109493374825,-0.672212481498718,0.738175749778748
19.1026871204376,1,-0.498607456684113,-0.515293836593628,0.122570708394051,-0.00455852365121245,0.0551430657505989,-0.676146030426025,0.734687030315399
19.1173894405365,1,-0.497664034366608,-0.515896081924438,0.122844636440277,-0.0017674989067018,0.0558357611298561,-0.679995894432068,0.731084704399109
19.1371650695801,1,-0.496147125959396,-0.516157507896423,0.122713550925255,0.00221298215910792,0.0564519017934799,-0.684071719646454,0.727223634719849
19.1578724384308,1,-0.495046734809875,-0.516189515590668,0.122331917285919,0.005732337012887,0.0586098395287991,-0.688656449317932,0.722692430019379
19.1886746883392,1,-0.494344979524612,-0.516417920589447,0.121788263320923,0.00762146431952715,0.061230331659317,-0.694276750087738,0.71705836057663
19.1964666843414,1,-0.493703037500381,-0.516858041286469,0.12105818092823,0.00907094590365887,0.0641881823539734,-0.700320959091187,0.710878431797028
19.2166097164154,1,-0.493741512298584,-0.516807973384857,0.120539218187332,0.011087516322732,0.0685926750302315,-0.705751180648804,0.705044329166412
19.2360329627991,1,-0.493916600942612,-0.516614615917206,0.12013266980648,0.0136593170464039,0.0730768740177155,-0.709877848625183,0.700390458106995
19.2688610553741,1,-0.49426931142807,-0.516313970088959,0.119929730892181,0.0160736665129662,0.078568622469902,-0.714338958263397,0.695189535617828
19.2779870033264,1,-0.494382262229919,-0.51544177532196,0.120099633932114,0.0196295492351055,0.0852102786302567,-0.719239473342896,0.689237594604492
19.2989268302917,1,-0.493953257799149,-0.514016270637512,0.120306864380836,0.0249251052737236,0.0930484980344772,-0.725184381008148,0.681783199310303
19.3176038265228,1,-0.493488401174545,-0.511722505092621,0.12055703997612,0.0309367105364799,0.103179596364498,-0.732259571552277,0.672452926635742
19.347512960434,1,-0.494302958250046,-0.510150194168091,0.120471104979515,0.0356810055673122,0.116006620228291,-0.741667509078979,0.659695863723755
19.3580009937286,1,-0.494395792484283,-0.509122788906097,0.120826944708824,0.0387062653899193,0.125376284122467,-0.747308015823364,0.651393413543701
19.3781321048737,1,-0.495070785284042,-0.507830917835236,0.121404014527798,0.0409807153046131,0.136326014995575,-0.751717090606689,0.643938899040222
19.3963887691498,1,-0.494617998600006,-0.507614076137543,0.121919706463814,0.0438582561910152,0.143086075782776,-0.75497829914093,0.638443827629089
