timestamp,rb_id,pos_x,pos_y,pos_z,quat_x,quat_y,quat_z,quat_w
16.1802310943604,1,-0.485589623451233,-0.532097697257996,0.14619368314743,0.0495160669088364,0.308366537094116,-0.755769729614258,0.575560986995697
16.205144405365,1,-0.485397279262543,-0.53200089931488,0.146715253591537,0.0477106235921383,0.310858160257339,-0.758376181125641,0.570925891399384
16.2223916053772,1,-0.485047310590744,-0.531794905662537,0.147328838706017,0.0457067787647247,0.313446551561356,-0.761854529380798,0.565013289451599
16.2402765750885,1,-0.484526485204697,-0.531845927238464,0.147706791758537,0.0434810481965542,0.315428763628006,-0.764597594738007,0.560361206531525
16.260014295578,1,-0.48432719707489,-0.531703531742096,0.1480573117733,0.0408898182213306,0.318311750888824,-0.767963051795959,0.55429083108902
16.2925143241882,1,-0.484082520008087,-0.531952798366547,0.148148253560066,0.0383042357861996,0.320235818624496,-0.770743489265442,0.549487352371216
16.3015818595886,1,-0.483705967664719,-0.532689988613129,0.147978216409683,0.0356915481388569,0.320722877979279,-0.772190570831299,0.54734343290329
16.3193714618683,1,-0.483331292867661,-0.533137440681458,0.147696539759636,0.0337236635386944,0.32164865732193,-0.773290276527405,0.545368611812592
16.3438060283661,1,-0.483050465583801,-0.533654510974884,0.146953999996185,0.0316832475364208,0.322386980056763,-0.775093913078308,0.542487144470215
16.3636476993561,1,-0.482807189226151,-0.533899068832397,0.146116256713867,0.0298293717205524,0.323516517877579,-0.776877582073212,0.539359450340271
16.3807733058929,1,-0.48250824213028,-0.534770667552948,0.144923403859138,0.0267216861248016,0.323247820138931,-0.778937697410583,0.536705613136292
16.3987698554993,1,-0.482336401939392,-0.535874843597412,0.143510729074478,0.0221601892262697,0.321783900260925,-0.782666563987732,0.532350540161133
16.4203436374664,1,-0.482129007577896,-0.536293745040894,0.142110630869865,0.0196344330906868,0.322395950555801,-0.785273373126984,0.528224349021912
16.4388799667358,1,-0.481949627399445,-0.536597728729248,0.141037851572037,0.0173539612442255,0.323241800069809,-0.786808848381042,0.525495409965515
16.4590420722961,1,-0.481950640678406,-0.536449313163757,0.14069838821888,0.0151635715737939,0.324520230293274,-0.789595127105713,0.52057296037674
16.4783954620361,1,-0.481839001178741,-0.535721838474274,0.140739858150482,0.0145489135757089,0.326544016599655,-0.790848255157471,0.517413198947906
16.4986865520477,1,-0.481723755598068,-0.535188853740692,0.140805885195732,0.0144187929108739,0.327645152807236,-0.790751874446869,0.516867637634277
16.5187466144562,1,-0.4815753698349,-0.534702301025391,0.140779107809067,0.0146002750843763,0.328286588191986,-0.790363132953644,0.517050206661224
16.541277885437,1,-0.481391251087189,-0.534415245056152,0.140656962990761,0.0144415460526943,0.328154623508453,-0.790574729442596,0.516814887523651
16.5587995052338,1,-0.481088191270828,-0.534303784370422,0.140376955270767,0.0139290392398834,0.327505528926849,-0.791574001312256,0.51570987701416
16.5889813899994,1,-0.480925440788269,-0.534072935581207,0.140269801020622,0.012938529253006,0.327393770217896,-0.793220639228821,0.513270854949951
16.5984275341034,1,-0.480729073286057,-0.533840298652649,0.140245690941811,0.0121946688741446,0.327679097652435,-0.794182658195496,0.511616766452789
16.6183066368103,1,-0.480479210615158,-0.533821165561676,0.140179648995399,0.0115840351209044,0.327965468168259,-0.79455578327179,0.510867476463318
16.64413022995,1,-0.48016682267189,-0.534219086170197,0.139898359775543,0.0110569074749947,0.327457249164581,-0.794679462909698,0.51101279258728
16.6591737270355,1,-0.479989528656006,-0.534392058849335,0.139746129512787,0.0106725180521607,0.327407717704773,-0.794606268405914,0.511166572570801
16.6843166351318,1,-0.479923576116562,-0.534237027168274,0.139783143997192,0.0104806954041123,0.328035652637482,-0.79465126991272,0.510697722434998
16.7003300189972,1,-0.479977160692215,-0.534001767635345,0.139871075749397,0.00999768171459436,0.328831315040588,-0.794883668422699,0.50983327627182
16.7205405235291,1,-0.480101317167282,-0.534005701541901,0.139768749475479,0.0089925704523921,0.329023629426956,-0.795424103736877,0.508884191513062
16.7400388717651,1,-0.480155616998672,-0.533999443054199,0.139569848775864,0.00808843318372965,0.328858554363251,-0.796364486217499,0.507533371448517
16.763233423233,1,-0.480174273252487,-0.533951044082642,0.139449566602707,0.00695525482296944,0.328488260507584,-0.797511458396912,0.505986750125885
16.7792551517487,1,-0.480160564184189,-0.533864080905914,0.139401778578758,0.00599427334964275,0.328066140413284,-0.798371374607086,0.504915773868561
16.7991964817047,1,-0.48019614815712,-0.533511519432068,0.139507979154587,0.00584508571773767,0.328353017568588,-0.798394381999969,0.504694521427155
16.8249237537384,1,-0.480279475450516,-0.53329861164093,0.139570742845535,0.00583130912855268,0.328297734260559,-0.797940790653229,0.505447387695312
16.8393716812134,1,-0.480353981256485,-0.53306519985199,0.139625862240791,0.00605695508420467,0.328415811061859,-0.797100424766541,0.506692588329315
16.8601040840149,1,-0.480248004198074,-0.53297358751297,0.139544725418091,0.00640444550663233,0.327962338924408,-0.796706855297089,0.507600069046021
16.8825342655182,1,-0.479996263980865,-0.532882630825043,0.139395371079445,0.0067413947544992,0.32741504907608,-0.79693216085434,0.507595300674438
16.9010107517242,1,-0.479791194200516,-0.5328488945961,0.139272198081017,0.00661760196089745,0.32720011472702,-0.797306537628174,0.507147550582886
16.9212110042572,1,-0.47969001531601,-0.532527267932892,0.13923716545105,0.00641739880666137,0.328079730272293,-0.797858417034149,0.505711793899536
16.9398291110992,1,-0.479737877845764,-0.532586991786957,0.139113754034042,0.0053874826990068,0.32886603474617,-0.798010289669037,0.5049729347229
16.9609022140503,1,-0.479811728000641,-0.532788634300232,0.13896855711937,0.00430123135447502,0.328910052776337,-0.798364162445068,0.504395127296448
16.9829134941101,1,-0.479838401079178,-0.533068001270294,0.138923332095146,0.00356827862560749,0.328693240880966,-0.798683941364288,0.504035830497742
17.0016417503357,1,-0.479805707931519,-0.533295691013336,0.139020055532455,0.00310158636420965,0.328544288873672,-0.799116790294647,0.503449678421021
17.0197248458862,1,-0.479789465665817,-0.533454060554504,0.139191299676895,0.00278413924388587,0.328610181808472,-0.799389898777008,0.502974569797516
17.0463902950287,1,-0.479802310466766,-0.533572256565094,0.139380007982254,0.00239266292192042,0.328758239746094,-0.799691021442413,0.502400815486908
17.0600352287292,1,-0.47978612780571,-0.533638298511505,0.139469891786575,0.00212412909604609,0.328861206769943,-0.800046622753143,0.501767992973328
17.0804343223572,1,-0.479784250259399,-0.533826589584351,0.139366090297699,0.00180185423232615,0.328606516122818,-0.800338745117188,0.501470446586609
17.1140699386597,1,-0.4797423183918,-0.533934116363525,0.139165490865707,0.00179303996264935,0.328300297260284,-0.800398766994476,0.501575112342834
17.1212275028229,1,-0.479709804058075,-0.533941686153412,0.139034703373909,0.00176093319896609,0.327961683273315,-0.800650298595428,0.501395285129547
17.1395490169525,1,-0.479704111814499,-0.533700466156006,0.138974830508232,0.00197864510118961,0.327950447797775,-0.80075603723526,0.501232743263245
17.1604111194611,1,-0.479796499013901,-0.533470153808594,0.138943746685982,0.00191896571777761,0.327887713909149,-0.800823628902435,0.501166164875031
17.1888833045959,1,-0.479842811822891,-0.533333778381348,0.138903215527534,0.0018900636350736,0.327631860971451,-0.800760269165039,0.501434803009033
17.199390411377,1,-0.479891538619995,-0.533314168453217,0.138900116086006,0.00160582084208727,0.327433556318283,-0.800755023956299,0.501573622226715
17.220123052597,1,-0.479843586683273,-0.533269286155701,0.138887986540794,0.00145102490205318,0.327376842498779,-0.800981521606445,0.501249372959137
17.2558808326721,1,-0.479786336421967,-0.533190488815308,0.138895377516747,0.00106144847813994,0.327459275722504,-0.80162650346756,0.500164151191711
17.2598648071289,1,-0.479775816202164,-0.533043920993805,0.138935312628746,0.000609955808613449,0.328022122383118,-0.802424490451813,0.498513758182526
17.280092716217,1,-0.479807704687119,-0.533282518386841,0.138888731598854,-0.000236644467804581,0.327554315328598,-0.80291211605072,0.49803638458252
17.3001751899719,1,-0.479828774929047,-0.533291816711426,0.138895943760872,-0.000358587130904198,0.327746987342834,-0.803012728691101,0.497747331857681
17.3298642635345,1,-0.479843616485596,-0.533418357372284,0.138874173164368,-0.000724710233043879,0.327308475971222,-0.803175032138824,0.497773557901382
17.3399729728699,1,-0.47985053062439,-0.533401429653168,0.138872295618057,-0.000868920760694891,0.327068984508514,-0.803587079048157,0.497265458106995
17.3601493835449,1,-0.479819357395172,-0.533323109149933,0.138861790299416,-0.000826240808237344,0.32687321305275,-0.803778946399689,0.49708417057991
17.4004998207092,1,-0.479829907417297,-0.533286511898041,0.138858363032341,-0.000912832387257367,0.32656192779541,-0.803994238376617,0.496940493583679
17.4034974575043,1,-0.479835778474808,-0.533190190792084,0.138876304030418,-0.000896492856554687,0.326356768608093,-0.804170489311218,0.496790140867233
17.4214422702789,1,-0.479829728603363,-0.533189415931702,0.138870671391487,-0.00112370669376105,0.326201468706131,-0.804116904735565,0.496978223323822
17.4399399757385,1,-0.479811757802963,-0.533089697360992,0.138890266418457,-0.00140042824205011,0.326216578483582,-0.804491102695465,0.496361792087555
17.4608550071716,1,-0.4797702729702,-0.533032655715942,0.13887982070446,-0.00181541277561337,0.326226830482483,-0.805013298988342,0.495506167411804
17.4829390048981,1,-0.47971710562706,-0.532944321632385,0.138862028717995,-0.00211756653152406,0.326322019100189,-0.805439591407776,0.494749069213867
17.4999520778656,1,-0.479715257883072,-0.533001303672791,0.138822108507156,-0.00249138521030545,0.326404571533203,-0.805722534656525,0.494231730699539
17.5205254554749,1,-0.479741632938385,-0.533093333244324,0.138801127672195,-0.0028994781896472,0.3265001475811,-0.80608206987381,0.493579745292664
17.5488674640656,1,-0.47974094748497,-0.533200621604919,0.138772770762444,-0.00328978360630572,0.326571345329285,-0.806473076343536,0.492890983819962
17.5595161914825,1,-0.47976091504097,-0.533269822597504,0.138743177056313,-0.00365772168152034,0.32646632194519,-0.807054221630096,0.492005944252014
17.5812203884125,1,-0.479749768972397,-0.533253848552704,0.138744696974754,-0.0038194484077394,0.32632714509964,-0.807388961315155,0.491547733545303
17.6028237342834,1,-0.479751139879227,-0.533226609230042,0.13873690366745,-0.00401112670078874,0.326086103916168,-0.807728111743927,0.491148769855499
17.6234900951385,1,-0.479757279157639,-0.533225059509277,0.138730213046074,-0.004260019864887,0.325675189495087,-0.807918965816498,0.491105377674103
17.6398618221283,1,-0.479755848646164,-0.533173739910126,0.138748556375504,-0.00448423903435469,0.325255483388901,-0.80803257226944,0.491194576025009
17.6596014499664,1,-0.479800373315811,-0.533077836036682,0.138765931129456,-0.00476154033094645,0.324975997209549,-0.808257937431335,0.491006195545197
17.6806271076202,1,-0.479797810316086,-0.533004701137543,0.138803690671921,-0.00514135509729385,0.32415983080864,-0.808227121829987,0.491592168807983
17.7049226760864,1,-0.479763120412827,-0.532979786396027,0.138775750994682,-0.00539121264591813,0.322972863912582,-0.808486700057983,0.491943955421448
17.7213034629822,1,-0.479787796735764,-0.532900333404541,0.138802960515022,-0.00578740891069174,0.321730494499207,-0.808828473091125,0.492191523313522
17.7397072315216,1,-0.479789644479752,-0.532706379890442,0.138851419091225,-0.00589390611276031,0.320424050092697,-0.809289515018463,0.492284744977951
17.7702782154083,1,-0.479796379804611,-0.532930314540863,0.138791501522064,-0.00607266556471586,0.317951112985611,-0.809222042560577,0.493993729352951
17.7800543308258,1,-0.47980460524559,-0.533106565475464,0.138765245676041,-0.0054781106300652,0.315299481153488,-0.808789193630219,0.49640354514122
17.8015978336334,1,-0.479896813631058,-0.532895982265472,0.138848289847374,-0.00417366856709123,0.313529044389725,-0.808514654636383,0.497982144355774
17.8202896118164,1,-0.479882836341858,-0.532917082309723,0.138862535357475,-0.00279520102776587,0.310755372047424,-0.807895064353943,0.50072830915451
17.8451464176178,1,-0.479820996522903,-0.532846391201019,0.138836055994034,-0.0017563869478181,0.308640033006668,-0.807784259319305,0.502218008041382
17.8598535060883,1,-0.479813545942307,-0.53271871805191,0.138861730694771,-0.0012279957300052,0.306755393743515,-0.80864953994751,0.501981616020203
17.8812205791473,1,-0.479811549186707,-0.532636106014252,0.138858050107956,-0.00101123249623924,0.304972589015961,-0.809742212295532,0.501306712627411
17.9151237010956,1,-0.479869872331619,-0.532509446144104,0.138896867632866,-0.000683424703311175,0.30359947681427,-0.810701191425323,0.500589966773987
17.9258480072021,1,-0.479921102523804,-0.532593429088593,0.138908952474594,-0.000565331138204783,0.301560640335083,-0.811750471591949,0.5001220703125
17.9399440288544,1,-0.479889065027237,-0.532525837421417,0.138952240347862,2.04648458748125e-05,0.299883753061295,-0.812598168849945,0.499753922224045
17.9601190090179,1,-0.479898750782013,-0.532625675201416,0.138906881213188,-5.63115354452748e-05,0.298814833164215,-0.813706755638123,0.498589098453522
17.9874844551086,1,-0.479895561933517,-0.532904982566833,0.138842150568962,-0.000738895207177848,0.297866255044937,-0.815001428127289,0.497039139270782
18.0009686946869,1,-0.479886561632156,-0.533004462718964,0.138812199234962,-0.00133230001665652,0.297327548265457,-0.816538453102112,0.494832783937454
18.0203471183777,1,-0.479909539222717,-0.533080995082855,0.138782620429993,-0.00184043683111668,0.296942383050919,-0.817693412303925,0.493152469396591
18.0417442321777,1,-0.479967176914215,-0.532930135726929,0.138817608356476,-0.00279117096215487,0.297266274690628,-0.819118618965149,0.490580916404724
18.0598571300507,1,-0.48004937171936,-0.532774150371552,0.138870477676392,-0.00476582953706384,0.297578155994415,-0.821094214916229,0.487061500549316
18.0800099372864,1,-0.479884058237076,-0.532735288143158,0.138783842325211,-0.00664565013721585,0.298692345619202,-0.8225958943367,0.483812659978867
18.0998644828796,1,-0.479971706867218,-0.53267115354538,0.138804882764816,-0.00953072775155306,0.299846559762955,-0.824846863746643,0.479196131229401
18.1313705444336,1,-0.480039000511169,-0.532795786857605,0.138784915208817,-0.0122304474934936,0.300637632608414,-0.826520085334778,0.475743681192398
18.1429932117462,1,-0.479897439479828,-0.532476425170898,0.138839349150658,-0.0136155290529132,0.302331417798996,-0.827287018299103,0.473293304443359
18.1596286296844,1,-0.479964017868042,-0.532995700836182,0.138747543096542,-0.0164003260433674,0.301934480667114,-0.828304469585419,0.471675902605057
18.1800436973572,1,-0.479930281639099,-0.533039629459381,0.138708889484406,-0.0176247227936983,0.302340567111969,-0.828855812549591,0.470401495695114
18.2054331302643,1,-0.479934692382812,-0.533008515834808,0.138658627867699,-0.0185838453471661,0.302619695663452,-0.829753041267395,0.468599736690521
18.2200372219086,1,-0.479973137378693,-0.5329749584198,0.138667985796928,-0.0196144562214613,0.301934748888016,-0.830538392066956,0.467607259750366
18.2393281459808,1,-0.479998141527176,-0.532990336418152,0.138671919703484,-0.0202589239925146,0.299865543842316,-0.830889046192169,0.468288153409958
18.2770445346832,1,-0.479941606521606,-0.532872557640076,0.138660714030266,-0.0197916738688946,0.297594100236893,-0.830444097518921,0.470540940761566
18.280366897583,1,-0.479953497648239,-0.532921135425568,0.138670548796654,-0.0196546409279108,0.293819278478622,-0.829658448696136,0.474289864301682
18.2995738983154,1,-0.479980260133743,-0.532836675643921,0.138637959957123,-0.0187227446585894,0.29002633690834,-0.828563094139099,0.478557735681534
18.3200168609619,1,-0.480000406503677,-0.533151209354401,0.13862606883049,-0.01834537088871,0.284066289663315,-0.827205419540405,0.484459578990936
18.3522803783417,1,-0.480041056871414,-0.532886862754822,0.138744473457336,-0.0173380021005869,0.278837442398071,-0.826314926147461,0.489032566547394
18.3600058555603,1,-0.479985445737839,-0.532642662525177,0.138712421059608,-0.0162199586629868,0.273361563682556,-0.825360119342804,0.493752121925354
18.379768371582,1,-0.480029344558716,-0.53233528137207,0.138817936182022,-0.0155493095517159,0.267725616693497,-0.824391722679138,0.498457372188568
18.4058105945587,1,-0.480111867189407,-0.532276630401611,0.138876974582672,-0.015334309078753,0.261107534170151,-0.822947680950165,0.504326164722443
18.4253935813904,1,-0.480015575885773,-0.531404852867126,0.139005661010742,-0.0131060630083084,0.256014555692673,-0.8201824426651,0.511454463005066
18.4404473304749,1,-0.480016112327576,-0.531926989555359,0.13893461227417,-0.0131543297320604,0.246988847851753,-0.816816687583923,0.521185278892517
18.4597706794739,1,-0.480053216218948,-0.530233502388,0.13932304084301,-0.00957796908915043,0.241814240813255,-0.811704993247986,0.531572341918945
18.503324508667,1,-0.480022042989731,-0.529736578464508,0.139342755079269,-0.00758717255666852,0.234016805887222,-0.806737303733826,0.542543590068817
18.5064041614532,1,-0.480245500802994,-0.52919989824295,0.139478877186775,-0.00665464205667377,0.225799918174744,-0.80163162946701,0.553495168685913
18.520524263382,1,-0.480340480804443,-0.528044402599335,0.139561861753464,-0.00462874537333846,0.217983141541481,-0.796380281448364,0.56412798166275
18.5399482250214,1,-0.48047599196434,-0.527133345603943,0.139609575271606,-0.00287323957309127,0.209278106689453,-0.790361166000366,0.575780987739563
18.5750005245209,1,-0.480518966913223,-0.530977010726929,0.139338806271553,-0.00836527068167925,0.18921771645546,-0.785352110862732,0.589363038539886
18.5820512771606,1,-0.480672955513,-0.530246436595917,0.139355853199959,-0.00556141557171941,0.180653780698776,-0.776415944099426,0.60374790430069
18.6001803874969,1,-0.480805516242981,-0.529793202877045,0.139390453696251,-0.00338454451411963,0.171226590871811,-0.767337381839752,0.617950856685638
18.6194417476654,1,-0.481533050537109,-0.528480410575867,0.13936148583889,-0.000774933025240898,0.165741264820099,-0.76016902923584,0.62822961807251
18.6506130695343,1,-0.481667011976242,-0.529064893722534,0.139414474368095,-0.00160962936934084,0.156368404626846,-0.754613399505615,0.637263655662537
18.6603739261627,1,-0.482063263654709,-0.528276979923248,0.139581471681595,-0.00103696598671377,0.150623291730881,-0.751013815402985,0.642876267433167
18.6803770065308,1,-0.481733381748199,-0.528760194778442,0.13937970995903,-0.000500715686939657,0.142796546220779,-0.746231436729431,0.650190412998199
18.7003555297852,1,-0.481664180755615,-0.529051005840302,0.139402315020561,-0.000491031853016466,0.135786220431328,-0.741207301616669,0.65739917755127
18.7243714332581,1,-0.481760919094086,-0.52940559387207,0.139523565769196,-0.000913571449927986,0.128977820277214,-0.736531555652618,0.663991808891296
18.7402448654175,1,-0.48145517706871,-0.529632806777954,0.139546126127243,-0.000419052608776838,0.122305005788803,-0.732211410999298,0.670005798339844
18.7599339485168,1,-0.481507897377014,-0.529589951038361,0.139526426792145,-9.84014986897819e-05,0.117024928331375,-0.729240298271179,0.674176394939423
18.798593044281,1,-0.481841444969177,-0.529365301132202,0.139535933732986,0.000279864121694118,0.112171813845634,-0.727210342884064,0.677187323570251
18.8004546165466,1,-0.481733858585358,-0.529279410839081,0.139497980475426,0.00198358739726245,0.10558195412159,-0.722019076347351,0.683766782283783
18.8197271823883,1,-0.481881737709045,-0.529332280158997,0.139549076557159,0.0042212437838316,0.098058357834816,-0.715072095394135,0.692126154899597
18.8400583267212,1,-0.48200398683548,-0.529272437095642,0.139600977301598,0.00667598657310009,0.0912133678793907,-0.70835930109024,0.699901938438416
18.8726975917816,1,-0.482209831476212,-0.529073655605316,0.139548689126968,0.0098231565207243,0.0855907276272774,-0.702295124530792,0.706653594970703
18.8843145370483,1,-0.48233762383461,-0.529176890850067,0.139565914869308,0.012333701364696,0.0798614472150803,-0.697594046592712,0.711921811103821
18.9008436203003,1,-0.482116371393204,-0.529270172119141,0.139684289693832,0.0155831547454,0.0736095756292343,-0.692557156085968,0.717428386211395
18.9200446605682,1,-0.482598930597305,-0.528973996639252,0.139581680297852,0.018766887485981,0.0705460160970688,-0.688157260417938,0.721879959106445
18.9517774581909,1,-0.482648134231567,-0.529002547264099,0.139586538076401,0.0218644738197327,0.0660266131162643,-0.683604121208191,0.726531386375427
18.9591019153595,1,-0.482507735490799,-0.529380142688751,0.139696404337883,0.0240508746355772,0.0608242452144623,-0.680032789707184,0.730258464813232
18.979439496994,1,-0.482708185911179,-0.529014706611633,0.139641925692558,0.0269365105777979,0.059316199272871,-0.677040874958038,0.733056485652924
19.0001726150513,1,-0.482658445835114,-0.529303133487701,0.139667019248009,0.0288075860589743,0.0565818287432194,-0.674520134925842,0.735521018505096
19.0293810367584,1,-0.482662528753281,-0.529142439365387,0.1397904753685,0.0307945739477873,0.055303767323494,-0.672087967395782,0.737760782241821
19.0401332378387,1,-0.482708543539047,-0.529360353946686,0.139760792255402,0.0320228151977062,0.0544319450855255,-0.671087145805359,0.738683819770813
19.0600728988647,1,-0.482742369174957,-0.529220938682556,0.139742583036423,0.0323248133063316,0.0556666553020477,-0.671977281570435,0.737768948078156
19.0807037353516,1,-0.482520639896393,-0.529421448707581,0.139690816402435,0.030895659700036,0.0581019707024097,-0.675401747226715,0.734508097171783
19.1010227203369,1,-0.482407212257385,-0.529606521129608,0.139734536409378,0.0293560065329075,0.0604822859168053,-0.677054047584534,0.732856094837189
19.1209695339203,1,-0.482365339994431,-0.529537081718445,0.139701381325722,0.0289945378899574,0.0635015442967415,-0.677169322967529,0.732508420944214
19.1397566795349,1,-0.482359915971756,-0.52949196100235,0.139711424708366,0.0287750046700239,0.0664887726306915,-0.678277313709259,0.731225788593292
19.1747443675995,1,-0.482725471258163,-0.529024660587311,0.139646932482719,0.0280138682574034,0.072106808423996,-0.681984603404999,0.727263927459717
19.1808786392212,1,-0.482512444257736,-0.529224038124084,0.139596477150917,0.0264476574957371,0.0769587755203247,-0.688935518264771,0.720240116119385
19.2005650997162,1,-0.482397884130478,-0.529094040393829,0.139633819460869,0.0247144885361195,0.0830277279019356,-0.696469783782959,0.712338089942932
19.219450712204,1,-0.482195407152176,-0.529334604740143,0.139667257666588,0.0224391035735607,0.0889588817954063,-0.703249156475067,0.704998970031738
19.2489063739777,1,-0.482143431901932,-0.529032468795776,0.139571353793144,0.0211141090840101,0.0972781106829643,-0.708678543567657,0.698473989963531
19.260498046875,1,-0.481858760118484,-0.529745995998383,0.139649167656898,0.0184612181037664,0.103725165128708,-0.714153110980988,0.692015647888184
19.2793231010437,1,-0.481748014688492,-0.529550135135651,0.139609947800636,0.0172614064067602,0.113451816141605,-0.718664884567261,0.685821831226349
19.3194305896759,1,-0.48171991109848,-0.529659271240234,0.139651909470558,0.0156632401049137,0.123244255781174,-0.723910391330719,0.678615748882294
19.3202168941498,1,-0.481551170349121,-0.52977728843689,0.139593899250031,0.0153994346037507,0.131651073694229,-0.728505611419678,0.672094106674194
19.34011054039,1,-0.481797844171524,-0.529344379901886,0.1395063996315,0.0165784601122141,0.141168519854546,-0.731514811515808,0.666845321655273
19.3597013950348,1,-0.481713771820068,-0.529228448867798,0.139468505978584,0.0182975083589554,0.148081585764885,-0.733549058437347,0.663055717945099
19.3920407295227,1,-0.481674522161484,-0.52922523021698,0.13949117064476,0.0196681134402752,0.154056623578072,-0.736806273460388,0.658024549484253
19.4027814865112,1,-0.481794327497482,-0.529120147228241,0.139537304639816,0.0206616502255201,0.160104021430016,-0.740600109100342,0.652266383171082
19.4210982322693,1,-0.481743156909943,-0.529169499874115,0.139540150761604,0.021256722509861,0.164600193500519,-0.74297046661377,0.648420989513397
19.4403238296509,1,-0.481254786252975,-0.530045390129089,0.139548912644386,0.0209202133119106,0.165954113006592,-0.745075583457947,0.645665526390076
19.4699356555939,1,-0.481558591127396,-0.529965341091156,0.139488741755486,0.019586568698287,0.171469673514366,-0.748077809810638,0.640776216983795
19.4798278808594,1,-0.482072412967682,-0.528390824794769,0.139461264014244,0.0199522376060486,0.182016551494598,-0.751883566379547,0.633358418941498
19.4994351863861,1,-0.482051402330399,-0.527542233467102,0.139482125639915,0.0195151921361685,0.19036328792572,-0.756426811218262,0.625459492206573
19.5208697319031,1,-0.480971843004227,-0.530506074428558,0.139468804001808,0.0142323700711131,0.188670620322227,-0.76122260093689,0.62027496099472
19.5393874645233,1,-0.480799376964569,-0.530871629714966,0.13945646584034,0.0115185342729092,0.195696711540222,-0.766156077384949,0.612025439739227
19.5603318214417,1,-0.480792015790939,-0.530870676040649,0.139371544122696,0.0093304393813014,0.203907415270805,-0.771027982234955,0.603200197219849
19.5803365707397,1,-0.480660438537598,-0.531177043914795,0.13937671482563,0.00629689078778028,0.211334988474846,-0.775888502597809,0.594386160373688
19.6107676029205,1,-0.480868965387344,-0.531219244003296,0.139226496219635,0.00318404356949031,0.220314338803291,-0.781822264194489,0.583271443843842
19.6193492412567,1,-0.481053352355957,-0.531387507915497,0.139131516218185,-0.00034937760210596,0.229400828480721,-0.787345767021179,0.572242856025696
19.6407587528229,1,-0.481257617473602,-0.53055340051651,0.139166116714478,-0.00330336834304035,0.240868404507637,-0.793884098529816,0.558318495750427
19.6600291728973,1,-0.481262505054474,-0.530998289585114,0.139000684022903,-0.00920746847987175,0.249451115727425,-0.801714181900024,0.543087303638458
19.6815528869629,1,-0.480903118848801,-0.53233003616333,0.138940259814262,-0.0177171528339386,0.254229992628098,-0.80977463722229,0.528505742549896
19.7000868320465,1,-0.479993373155594,-0.531931042671204,0.138955429196358,-0.0229580830782652,0.260717451572418,-0.81301349401474,0.520104289054871
19.7198796272278,1,-0.479853570461273,-0.532281935214996,0.1388268917799,-0.02881876565516,0.26719456911087,-0.818246066570282,0.508182883262634
19.7477517127991,1,-0.479744613170624,-0.532564103603363,0.13866899907589,-0.0333460159599781,0.273110210895538,-0.821295022964478,0.499773174524307
19.7599034309387,1,-0.479914546012878,-0.53277999162674,0.138724699616432,-0.0375151261687279,0.27725276350975,-0.824671685695648,0.4915691614151
19.7781851291656,1,-0.479951620101929,-0.532752156257629,0.138738617300987,-0.0393566749989986,0.281618624925613,-0.825620234012604,0.487332880496979
19.8079905509949,1,-0.479910463094711,-0.532930135726929,0.138687252998352,-0.0407492555677891,0.284750282764435,-0.826091408729553,0.48459255695343
19.8182764053345,1,-0.479782193899155,-0.532613039016724,0.13864777982235,-0.0408875048160553,0.288494646549225,-0.826457560062408,0.481733411550522
19.8553192615509,1,-0.479881763458252,-0.532647252082825,0.138718664646149,-0.0431422255933285,0.290971487760544,-0.828106820583344,0.47719332575798
19.8613586425781,1,-0.479854851961136,-0.532817423343658,0.138607442378998,-0.0459196977317333,0.293987721204758,-0.830169975757599,0.471466332674026
19.8782768249512,1,-0.479734897613525,-0.532914161682129,0.138449668884277,-0.0489394143223763,0.297609001398087,-0.832488298416138,0.46475487947464
19.9083204269409,1,-0.479725003242493,-0.533050835132599,0.138433203101158,-0.0522128976881504,0.300961494445801,-0.834494650363922,0.458600789308548
19.919370174408,1,-0.479882270097733,-0.533277571201324,0.138557344675064,-0.0549091137945652,0.303336709737778,-0.835712194442749,0.454485386610031
19.939724445343,1,-0.479974508285522,-0.533338904380798,0.138554856181145,-0.0557135827839375,0.305760025978088,-0.835458815097809,0.453227877616882
19.9643602371216,1,-0.480038404464722,-0.533285796642303,0.138603419065475,-0.0558992736041546,0.307387113571167,-0.835039913654327,0.45287612080574
19.9790861606598,1,-0.480048090219498,-0.533186614513397,0.138624727725983,-0.0557240806519985,0.30870658159256,-0.834281206130981,0.453398406505585
19.9999797344208,1,-0.480000913143158,-0.533134877681732,0.138609185814857,-0.0558004640042782,0.309526324272156,-0.833777368068695,0.453756779432297
20.0268974304199,1,-0.479953974485397,-0.53317266702652,0.138592064380646,-0.056778647005558,0.310355454683304,-0.833617269992828,0.453362941741943
20.0400774478912,1,-0.480030834674835,-0.533336341381073,0.138628974556923,-0.0585339516401291,0.311084479093552,-0.834229052066803,0.451511025428772
20.059344291687,1,-0.48004138469696,-0.533354103565216,0.138598531484604,-0.0592473447322845,0.311900824308395,-0.834582149982452,0.450200289487839
20.0787551403046,1,-0.480001211166382,-0.533081948757172,0.13861083984375,-0.0594397373497486,0.313050150871277,-0.835320234298706,0.448003083467484
20.1032357215881,1,-0.479999959468842,-0.532820403575897,0.138668835163116,-0.0597561411559582,0.314179211854935,-0.836292684078217,0.445348650217056
20.119514465332,1,-0.480019688606262,-0.532797157764435,0.138691842556,-0.0598240755498409,0.314502596855164,-0.83691143989563,0.443946689367294
20.1562604904175,1,-0.480035990476608,-0.532955944538116,0.138661339879036,-0.0593052804470062,0.314301282167435,-0.836592555046082,0.444758921861649
20.1644504070282,1,-0.480020463466644,-0.533149421215057,0.138625279068947,-0.0587428659200668,0.313699722290039,-0.83592563867569,0.44650861620903
20.1810100078583,1,-0.480016201734543,-0.533240973949432,0.138629242777824,-0.0581818073987961,0.313091784715652,-0.83502995967865,0.448679625988007
20.2000064849854,1,-0.48003962635994,-0.533256947994232,0.13866026699543,-0.0577068515121937,0.312394618988037,-0.834326088428497,0.450532525777817
20.2213859558105,1,-0.480127483606339,-0.533303439617157,0.138645708560944,-0.0573915466666222,0.312130510807037,-0.833696246147156,0.45191964507103
20.2401068210602,1,-0.480156779289246,-0.533282518386841,0.138647973537445,-0.0572732090950012,0.312041670084,-0.833630383014679,0.452117532491684
20.2594215869904,1,-0.480116099119186,-0.533215999603271,0.138613507151604,-0.0572595559060574,0.31215438246727,-0.834195137023926,0.450998306274414
20.2863483428955,1,-0.480050683021545,-0.533202648162842,0.138573184609413,-0.057404737919569,0.312132507562637,-0.834821939468384,0.449833661317825
20.2993545532227,1,-0.480049610137939,-0.532979190349579,0.138591349124908,-0.0572996288537979,0.312578976154327,-0.835085213184357,0.449047684669495
20.3198018074036,1,-0.480114370584488,-0.532888293266296,0.138481184840202,-0.0570643432438374,0.312701880931854,-0.834806859493256,0.449509352445602
20.3522398471832,1,-0.48008194565773,-0.532877504825592,0.13833874464035,-0.0565326511859894,0.312588632106781,-0.834036707878113,0.451082199811935
20.3614416122437,1,-0.479955703020096,-0.532871544361115,0.13825997710228,-0.0560254640877247,0.311977118253708,-0.83362203836441,0.452333629131317
20.3792555332184,1,-0.479737728834152,-0.532576501369476,0.138289853930473,-0.0552099645137787,0.31131985783577,-0.833629965782166,0.452871799468994
20.3998193740845,1,-0.479548275470734,-0.532357752323151,0.13825860619545,-0.0543129332363605,0.310655862092972,-0.833653688430786,0.453392267227173
20.4205470085144,1,-0.479434907436371,-0.532248497009277,0.138229370117188,-0.0536018125712872,0.310003370046616,-0.833658158779144,0.453914910554886
20.4394369125366,1,-0.479328334331512,-0.53224778175354,0.138186067342758,-0.0530474931001663,0.309372574090958,-0.833405554294586,0.454873412847519
20.4593112468719,1,-0.479274690151215,-0.532289326190948,0.138170793652534,-0.0529432222247124,0.308773219585419,-0.833494424819946,0.45512992143631
20.4896366596222,1,-0.479184806346893,-0.532214760780334,0.1381955742836,-0.0528673306107521,0.308467268943787,-0.833860814571381,0.45467472076416
20.501932144165,1,-0.479179471731186,-0.532024621963501,0.138250753283501,-0.0528490580618382,0.308565855026245,-0.834438741207123,0.453548491001129
20.5203049182892,1,-0.479170054197311,-0.531936407089233,0.138260245323181,-0.0528031252324581,0.308713793754578,-0.834757685661316,0.452865600585938
20.5439667701721,1,-0.47914531826973,-0.531880259513855,0.138251826167107,-0.0527002550661564,0.30914506316185,-0.834770321846008,0.452559858560562
20.5656414031982,1,-0.479184448719025,-0.531964063644409,0.138273760676384,-0.053428377956152,0.309218376874924,-0.835279941558838,0.451482951641083
20.5821175575256,1,-0.479197114706039,-0.532093465328217,0.138268768787384,-0.0542712658643723,0.309177994728088,-0.835854470729828,0.450345486402512
20.6015167236328,1,-0.479166060686111,-0.53218686580658,0.138228222727776,-0.0545725226402283,0.308956354856491,-0.836173713207245,0.449868142604828
20.6241452693939,1,-0.47915130853653,-0.532062292098999,0.138247534632683,-0.0543299950659275,0.308610141277313,-0.836374402046204,0.449762016534805
20.6398899555206,1,-0.479150831699371,-0.532013416290283,0.138230174779892,-0.0537735410034657,0.308465182781219,-0.836029767990112,0.450568407773972
20.6597540378571,1,-0.479178965091705,-0.531972646713257,0.13824251294136,-0.0534076951444149,0.30825936794281,-0.835767090320587,0.451239466667175
20.6799838542938,1,-0.479193180799484,-0.532024919986725,0.138232514262199,-0.0532182157039642,0.308064937591553,-0.835432410240173,0.45201376080513
20.7084376811981,1,-0.479250311851501,-0.532132685184479,0.138247132301331,-0.0536883138120174,0.307880014181137,-0.83564031124115,0.451699823141098
20.7211315631866,1,-0.479277044534683,-0.53217476606369,0.138270571827888,-0.0543191805481911,0.307820111513138,-0.836105167865753,0.450804382562637
20.7412939071655,1,-0.479315280914307,-0.532335937023163,0.138266235589981,-0.0550787039101124,0.307282239198685,-0.836910247802734,0.449583500623703
20.7773811817169,1,-0.479325026273727,-0.532371819019318,0.138251319527626,-0.0548657663166523,0.306977242231369,-0.836886048316956,0.449862748384476
20.7804245948792,1,-0.479358613491058,-0.532671988010406,0.138150677084923,-0.0540203601121902,0.306116104125977,-0.835832476615906,0.452502906322479
20.7993791103363,1,-0.479284703731537,-0.532993316650391,0.138058140873909,-0.0524754822254181,0.303899794816971,-0.834356546401978,0.456881165504456
20.8196702003479,1,-0.479542255401611,-0.532760143280029,0.13832201063633,-0.0520367249846458,0.301719337701797,-0.834701359272003,0.457745850086212
20.8546795845032,1,-0.479735881090164,-0.533007442951202,0.138404920697212,-0.0519085712730885,0.299073994159698,-0.834697246551514,0.459500461816788
20.862457036972,1,-0.480070739984512,-0.533063232898712,0.138610422611237,-0.0525074489414692,0.295373827219009,-0.83665657043457,0.458260953426361
20.8799076080322,1,-0.480111718177795,-0.53339546918869,0.138576224446297,-0.0521037839353085,0.29147008061409,-0.837101757526398,0.459990262985229
20.8998219966888,1,-0.4801886677742,-0.533023416996002,0.138683825731277,-0.0511074773967266,0.288129448890686,-0.838441908359528,0.459765702486038
20.9293649196625,1,-0.480197161436081,-0.532884657382965,0.138714969158173,-0.0501128062605858,0.284088760614395,-0.839240491390228,0.460931330919266
20.9398655891418,1,-0.479820370674133,-0.533821165561676,0.138196244835854,-0.047577727586031,0.278745472431183,-0.8368781208992,0.468692153692245
20.9601471424103,1,-0.480023950338364,-0.533457338809967,0.138416051864624,-0.0456402786076069,0.272001951932907,-0.837314009666443,0.472056329250336
20.9798119068146,1,-0.480254322290421,-0.533352077007294,0.138690575957298,-0.0438746847212315,0.263998955488205,-0.836296796798706,0.478526145219803
21.0093424320221,1,-0.480125993490219,-0.532753348350525,0.138710588216782,-0.0394327566027641,0.257231384515762,-0.832764506340027,0.488651663064957
21.0202744007111,1,-0.480108380317688,-0.531988620758057,0.138854339718819,-0.0355636514723301,0.249712616205215,-0.829776048660278,0.497846066951752
21.0400817394257,1,-0.480090767145157,-0.531736433506012,0.138936772942543,-0.0326856859028339,0.241611242294312,-0.826454401016235,0.507473170757294
21.0604832172394,1,-0.480058133602142,-0.531554460525513,0.138933748006821,-0.0305409971624613,0.234466582536697,-0.823933601379395,0.515001237392426
21.0870366096497,1,-0.48023521900177,-0.530992984771729,0.139057919383049,-0.0292622540146112,0.229546621441841,-0.822776019573212,0.519125938415527
21.1010849475861,1,-0.480130672454834,-0.530467331409454,0.139043346047401,-0.0274779852479696,0.225344121456146,-0.822377800941467,0.521689474582672
21.1198110580444,1,-0.48007595539093,-0.529473662376404,0.139151394367218,-0.0252789426594973,0.222104430198669,-0.821671843528748,0.524295628070831
21.1614143848419,1,-0.479946792125702,-0.52836412191391,0.139234200119972,-0.0225388798862696,0.218918681144714,-0.82010692358017,0.528196215629578
21.1635715961456,1,-0.479902714490891,-0.526904284954071,0.139291077852249,-0.0193045325577259,0.216026857495308,-0.818529069423676,0.531949162483215
21.1804413795471,1,-0.479971498250961,-0.525813937187195,0.139329865574837,-0.0160838067531586,0.212892293930054,-0.815984129905701,0.537203848361969
21.2015645503998,1,-0.480242490768433,-0.527812242507935,0.139355003833771,-0.0183948967605829,0.200760662555695,-0.815086126327515,0.543131232261658
21.2397799491882,1,-0.480344355106354,-0.529962956905365,0.139217644929886,-0.0190589278936386,0.188261702656746,-0.812739610671997,0.551043272018433
21.240630865097,1,-0.48050981760025,-0.530099928379059,0.139291003346443,-0.0167360343039036,0.180168315768242,-0.810112237930298,0.557653605937958
21.2605333328247,1,-0.480657696723938,-0.529744923114777,0.139191210269928,-0.0131251187995076,0.174026295542717,-0.806717574596405,0.564579010009766
21.280487537384,1,-0.480831980705261,-0.530026972293854,0.139310821890831,-0.0107101807370782,0.166430532932281,-0.804627120494843,0.56987851858139
21.3016548156738,1,-0.480809032917023,-0.529809296131134,0.139265343546867,-0.00655924901366234,0.15977731347084,-0.800074279308319,0.578194975852966
21.3219344615936,1,-0.480989873409271,-0.529752016067505,0.139364287257195,-0.00389648415148258,0.15257354080677,-0.795974791049957,0.585773169994354
21.3408370018005,1,-0.481411397457123,-0.529470086097717,0.139402240514755,-0.0018576926086098,0.146067187190056,-0.792713046073914,0.591833591461182
21.3594529628754,1,-0.481252998113632,-0.529845058917999,0.139493823051453,-0.000683686579577625,0.138023391366005,-0.789135456085205,0.598510026931763
21.3928785324097,1,-0.481692045927048,-0.528134107589722,0.139244794845581,0.00298779364675283,0.136706799268723,-0.784968733787537,0.604256808757782
21.4036900997162,1,-0.481788128614426,-0.527816355228424,0.139236763119698,0.00515422271564603,0.131685838103294,-0.781194865703583,0.610218703746796
21.4207248687744,1,-0.481841295957565,-0.528226673603058,0.139267936348915,0.00649615563452244,0.125036790966988,-0.777349770069122,0.616482794284821
21.4404039382935,1,-0.481814086437225,-0.528378486633301,0.139358058571815,0.00871311966329813,0.11903090775013,-0.77267324924469,0.623483657836914
21.4724063873291,1,-0.481662005186081,-0.528356790542603,0.139474511146545,0.0116762304678559,0.112683683633804,-0.766452550888062,0.632231414318085
21.4814939498901,1,-0.481803208589554,-0.528599977493286,0.13944311439991,0.014008117839694,0.10573123395443,-0.759021401405334,0.642270386219025
21.4997832775116,1,-0.481962621212006,-0.528976500034332,0.139535635709763,0.0153317525982857,0.098308190703392,-0.751549541950226,0.652130246162415
21.5265958309174,1,-0.481908321380615,-0.529231369495392,0.139533504843712,0.0163971409201622,0.0911391079425812,-0.745648562908173,0.659873604774475
21.5499188899994,1,-0.482044667005539,-0.529106259346008,0.13959151506424,0.0170488618314266,0.0852034091949463,-0.740339517593384,0.666593670845032
21.5596001148224,1,-0.48225873708725,-0.52896648645401,0.13958415389061,0.0179720986634493,0.0792078375816345,-0.733279585838318,0.675058782100677
21.5802793502808,1,-0.482365846633911,-0.528854370117188,0.139554128050804,0.0200830735266209,0.0723739340901375,-0.722661793231964,0.687108874320984
21.6026256084442,1,-0.482475250959396,-0.528795659542084,0.139547511935234,0.0223596431314945,0.0654474720358849,-0.710450291633606,0.700340747833252
21.6238653659821,1,-0.482479691505432,-0.528739809989929,0.139648258686066,0.0234160330146551,0.0609419532120228,-0.703352153301239,0.707837224006653
21.6403360366821,1,-0.482346206903458,-0.529146373271942,0.139718011021614,0.0229980871081352,0.0577524602413177,-0.700988411903381,0.710458338260651
21.6597731113434,1,-0.482379555702209,-0.529055416584015,0.139618679881096,0.0234890691936016,0.0566683746874332,-0.697325766086578,0.71412456035614
21.6950950622559,1,-0.482635021209717,-0.528867244720459,0.139581263065338,0.0250546578317881,0.0553732961416245,-0.690865814685822,0.720423817634583
21.7048091888428,1,-0.482783824205399,-0.528878092765808,0.139542922377586,0.027463536709547,0.0529884062707424,-0.682246148586273,0.728682577610016
21.7194292545319,1,-0.482434451580048,-0.529281556606293,0.139730200171471,0.0288376361131668,0.0489068068563938,-0.6747767329216,0.735834836959839
21.7394037246704,1,-0.482809513807297,-0.528850257396698,0.139629438519478,0.0303671378642321,0.0481888875365257,-0.667346298694611,0.742566227912903
21.773903131485,1,-0.482971668243408,-0.528924942016602,0.139727056026459,0.0310008618980646,0.0451665595173836,-0.660605609416962,0.748731791973114
21.7815194129944,1,-0.483045279979706,-0.528842747211456,0.139626130461693,0.0320248045027256,0.0423973426222801,-0.654075682163239,0.754560708999634
21.7999982833862,1,-0.482785552740097,-0.529127836227417,0.139735296368599,0.0324092842638493,0.037907499819994,-0.648471236228943,0.75960373878479
21.8217585086823,1,-0.483181655406952,-0.528610527515411,0.139586314558983,0.0334565043449402,0.0366467647254467,-0.642829239368439,0.764400541782379
21.8532297611237,1,-0.483131647109985,-0.528904795646667,0.139642775058746,0.0336817763745785,0.0327727869153023,-0.636771619319916,0.769618988037109
21.8643350601196,1,-0.483198255300522,-0.528925120830536,0.139663740992546,0.0341853052377701,0.0303378999233246,-0.631033182144165,0.774408161640167
21.8794083595276,1,-0.48306342959404,-0.528994202613831,0.139831453561783,0.0343927256762981,0.0279304850846529,-0.626756310462952,0.777954757213593
21.9007058143616,1,-0.482936143875122,-0.529077410697937,0.139874935150146,0.0347037427127361,0.0270789805799723,-0.624111890792847,0.780094146728516
21.9353978633881,1,-0.482934445142746,-0.529034495353699,0.139839977025986,0.0345247462391853,0.0277850478887558,-0.622444450855255,0.781408369541168
21.9413158893585,1,-0.482972413301468,-0.528930902481079,0.139809891581535,0.0337020419538021,0.0284713748842478,-0.621477842330933,0.782188534736633
21.9599204063416,1,-0.48307341337204,-0.528739273548126,0.139730781316757,0.0325321331620216,0.0296837687492371,-0.62136834859848,0.782279968261719
21.9804553985596,1,-0.48326176404953,-0.528496146202087,0.13957217335701,0.0311981178820133,0.0316214635968208,-0.622397899627686,0.781439483165741
22.0117661952972,1,-0.483098864555359,-0.528855919837952,0.139594629406929,0.0287935230880976,0.0312054865062237,-0.623549520969391,0.780629932880402
22.0238304138184,1,-0.483116626739502,-0.528869271278381,0.139638409018517,0.0265829488635063,0.031020887196064,-0.623567402362823,0.780701458454132
22.0403487682343,1,-0.483187258243561,-0.528800845146179,0.139663413167,0.0247539505362511,0.0307972989976406,-0.62194150686264,0.782066285610199
22.0605638027191,1,-0.483381986618042,-0.528475165367126,0.139557689428329,0.023920800536871,0.0311451721936464,-0.619015097618103,0.784396588802338
22.0913391113281,1,-0.483213007450104,-0.528716087341309,0.139593109488487,0.0234349705278873,0.0290932860225439,-0.615525841712952,0.787230730056763
22.1012873649597,1,-0.483112126588821,-0.528737664222717,0.13966092467308,0.0239143278449774,0.0268800333142281,-0.611653864383698,0.79030704498291
22.119410276413,1,-0.483180701732635,-0.528775632381439,0.139723688364029,0.0248811822384596,0.02415606752038,-0.60695743560791,0.793977439403534
22.1395907402039,1,-0.483257234096527,-0.528801083564758,0.139670416712761,0.0265152920037508,0.0214050821959972,-0.601517677307129,0.798132359981537
22.170117855072,1,-0.48323780298233,-0.529000759124756,0.139731109142303,0.0277090910822153,0.0176451094448566,-0.596134603023529,0.802212178707123
22.1811306476593,1,-0.483639478683472,-0.528520822525024,0.139578327536583,0.0291031934320927,0.0171543415635824,-0.591605842113495,0.805519282817841
22.1994280815125,1,-0.483754187822342,-0.5282963514328,0.139533594250679,0.0293715111911297,0.0172186829149723,-0.590021550655365,0.806669414043427
22.2201955318451,1,-0.483655154705048,-0.528442144393921,0.139556616544724,0.0285009127110243,0.0177617464214563,-0.590813159942627,0.806109249591827
22.2489769458771,1,-0.483527958393097,-0.528640270233154,0.139594972133636,0.026855593547225,0.0186426248401403,-0.592534780502319,0.80488121509552
22.2600538730621,1,-0.483294695615768,-0.528956115245819,0.139610975980759,0.0246533080935478,0.0194591209292412,-0.593888580799103,0.803934097290039
22.2794742584229,1,-0.483356893062592,-0.528622508049011,0.139527946710587,0.0233631823211908,0.0213460922241211,-0.593380272388458,0.804300010204315
22.3231008052826,1,-0.483338117599487,-0.528732538223267,0.139553174376488,0.0215843413025141,0.0217656251043081,-0.594074845314026,0.803825557231903
22.3247530460358,1,-0.48325914144516,-0.52889609336853,0.139613494277,0.0200883690267801,0.0215271469205618,-0.595198214054108,0.803039371967316
22.3400347232819,1,-0.483262211084366,-0.528914272785187,0.139623731374741,0.0190582480281591,0.0213733855634928,-0.596166253089905,0.802350223064423
22.3603131771088,1,-0.48316752910614,-0.528868854045868,0.13964007794857,0.0185560155659914,0.0207972750067711,-0.596072316169739,0.802446901798248
22.3796291351318,1,-0.483158379793167,-0.52886426448822,0.13963457942009,0.0182389337569475,0.0201137717813253,-0.59506368637085,0.803219735622406
22.4003942012787,1,-0.483298480510712,-0.528790473937988,0.139565885066986,0.0181652493774891,0.0199737288057804,-0.593440055847168,0.804425239562988
22.4199676513672,1,-0.483357429504395,-0.528606355190277,0.139511242508888,0.0183868445456028,0.0197439715266228,-0.591247200965881,0.806039035320282
22.4401321411133,1,-0.483017116785049,-0.528699338436127,0.139629751443863,0.0187641140073538,0.0175960808992386,-0.588539719581604,0.80805891752243
22.4739327430725,1,-0.482993543148041,-0.528594017028809,0.139607116580009,0.0192016437649727,0.0168385412544012,-0.586632907390594,0.809450268745422
22.4824895858765,1,-0.483178436756134,-0.528396248817444,0.139473706483841,0.0197150260210037,0.0169650241732597,-0.58534562587738,0.810366630554199
22.5013952255249,1,-0.483246892690659,-0.528276920318604,0.139405384659767,0.019945902749896,0.0166946947574615,-0.584719777107239,0.810818254947662
22.520174741745,1,-0.483295410871506,-0.528217613697052,0.139381542801857,0.0199581142514944,0.0163395460695028,-0.584839344024658,0.810738921165466
22.5514154434204,1,-0.483460068702698,-0.52812385559082,0.139339044690132,0.0197217874228954,0.016555504873395,-0.585260272026062,0.810436546802521
22.5608901977539,1,-0.483497202396393,-0.528184235095978,0.139342293143272,0.0190920885652304,0.0168349556624889,-0.585887670516968,0.809992432594299
22.5805356502533,1,-0.483256071805954,-0.528495728969574,0.139476835727692,0.017881928011775,0.0164948403835297,-0.587451219558716,0.808893859386444
22.6227941513062,1,-0.483610987663269,-0.528178691864014,0.139378607273102,0.0165069736540318,0.0189896952360868,-0.588592648506165,0.808038115501404
22.6237652301788,1,-0.483255654573441,-0.528440892696381,0.13947631418705,0.0147870192304254,0.0187349449843168,-0.589499652385712,0.807416021823883
22.6398403644562,1,-0.483280003070831,-0.528148412704468,0.139356359839439,0.0137932570651174,0.0204759184271097,-0.590844571590424,0.806407511234283
22.6598627567291,1,-0.483110755681992,-0.52825927734375,0.139437839388847,0.012181761674583,0.020769078284502,-0.592916250228882,0.804904103279114
22.6970903873444,1,-0.483075767755508,-0.528379023075104,0.13947856426239,0.0107131600379944,0.0214591957628727,-0.594745218753815,0.803556382656097
22.700915813446,1,-0.482916295528412,-0.528502881526947,0.139507725834846,0.00967131834477186,0.0218837708234787,-0.596192359924316,0.802485108375549
22.7197852134705,1,-0.483118236064911,-0.528221487998962,0.139316096901894,0.00882062129676342,0.0239704716950655,-0.597201228141785,0.801684677600861
22.7405731678009,1,-0.483078330755234,-0.528075814247131,0.139349520206451,0.00778944883495569,0.0246086902916431,-0.598017573356628,0.801067233085632
22.7746341228485,1,-0.483049303293228,-0.52809602022171,0.139374852180481,0.00687329238280654,0.0245345830917358,-0.598113775253296,0.801006078720093
22.7815017700195,1,-0.483015537261963,-0.528114140033722,0.139355450868607,0.00670507038012147,0.0242348592728376,-0.597169935703278,0.801720559597015
22.7999799251556,1,-0.483166992664337,-0.528020799160004,0.139265537261963,0.00694193644449115,0.0242687966674566,-0.596641600131989,0.802110731601715
22.8196756839752,1,-0.483145028352737,-0.528189182281494,0.139293015003204,0.00703086983412504,0.0231098737567663,-0.596323072910309,0.802381098270416
22.8480973243713,1,-0.483221530914307,-0.52813446521759,0.139264166355133,0.00741340778768063,0.0222568195313215,-0.59563410282135,0.802913308143616
22.8597116470337,1,-0.483162701129913,-0.52815181016922,0.13931630551815,0.00770538672804832,0.020761726424098,-0.594909131526947,0.803487837314606
22.88170337677,1,-0.483137845993042,-0.528242886066437,0.139373555779457,0.00770909246057272,0.0194860771298409,-0.594653964042664,0.803708612918854
22.9050915241241,1,-0.483142226934433,-0.528348565101624,0.139407277107239,0.00768388295546174,0.0187080055475235,-0.594656884670258,0.803725123405457
22.9240417480469,1,-0.483196079730988,-0.528372883796692,0.139404475688934,0.00786758493632078,0.0185367297381163,-0.594803690910339,0.803618729114532
22.9414088726044,1,-0.483092278242111,-0.528478920459747,0.139458179473877,0.00797514338046312,0.018043115735054,-0.595117926597595,0.803396224975586
22.9601907730103,1,-0.483077526092529,-0.52856433391571,0.139483660459518,0.00772945722565055,0.0180525109171867,-0.595759868621826,0.802922487258911
22.981116771698,1,-0.483083844184875,-0.528542757034302,0.139457836747169,0.00750607112422585,0.0182758085429668,-0.596147358417511,0.802631974220276
23.0019958019257,1,-0.48306331038475,-0.528477311134338,0.139445453882217,0.00728192972019315,0.0183976907283068,-0.596161484718323,0.802620708942413
23.0203590393066,1,-0.483077824115753,-0.528375029563904,0.139422357082367,0.0072401543147862,0.0183652639389038,-0.596159994602203,0.80262291431427
23.0397579669952,1,-0.483071476221085,-0.528293550014496,0.139412924647331,0.00745803071185946,0.0180166736245155,-0.596116423606873,0.802661180496216
23.0726034641266,1,-0.483019232749939,-0.52834564447403,0.139418333768845,0.00790730305016041,0.0171064846217632,-0.595551550388336,0.803096055984497
23.0803351402283,1,-0.483281791210175,-0.52819436788559,0.139291793107986,0.00883354805409908,0.0173093639314175,-0.594578087329865,0.803803026676178
23.099826335907,1,-0.483385324478149,-0.528033554553986,0.139233186841011,0.0101074688136578,0.0171836875379086,-0.593170762062073,0.804829895496368
23.1221904754639,1,-0.483322113752365,-0.528134822845459,0.139276444911957,0.0105961849913001,0.0163998827338219,-0.592028498649597,0.805680513381958
23.1416311264038,1,-0.48332616686821,-0.528149843215942,0.139280140399933,0.0106350481510162,0.0163130946457386,-0.59160840511322,0.805990278720856
23.1589162349701,1,-0.483539134263992,-0.527883887290955,0.139224544167519,0.0103241689503193,0.0176911670714617,-0.592730760574341,0.805140137672424
23.1960546970367,1,-0.483466655015945,-0.527883648872375,0.139211386442184,0.00952463317662477,0.0182852391153574,-0.595006763935089,0.80345630645752
23.1985540390015,1,-0.483172088861465,-0.528042674064636,0.139309465885162,0.00858186930418015,0.0179637689143419,-0.597121596336365,0.801903605461121
23.2184329032898,1,-0.483254939317703,-0.527883768081665,0.139251992106438,0.00797781813889742,0.0190161447972059,-0.598593592643738,0.800787389278412
23.2522044181824,1,-0.48347282409668,-0.527809798717499,0.139173179864883,0.00733522791415453,0.0199067275971174,-0.5992830991745,0.800256073474884
23.2586097717285,1,-0.483550488948822,-0.527836263179779,0.139161989092827,0.00692683737725019,0.0198046248406172,-0.59881192445755,0.800614893436432
23.2794060707092,1,-0.483489602804184,-0.527924358844757,0.13917438685894,0.00664698472246528,0.0191610101610422,-0.598075747489929,0.801182925701141
23.3093385696411,1,-0.483275264501572,-0.528126060962677,0.139262601733208,0.00624821428209543,0.0177727416157722,-0.597675979137421,0.801516473293304
23.3193919658661,1,-0.483328968286514,-0.528018891811371,0.13925489783287,0.00587322702631354,0.0176014192402363,-0.597438871860504,0.801699757575989
23.3398447036743,1,-0.483395606279373,-0.527961075305939,0.139218613505363,0.00528672616928816,0.0174753181636333,-0.597985923290253,0.80129861831665
23.3753383159637,1,-0.483333885669708,-0.527983725070953,0.139220610260963,0.00495621608570218,0.0169545579701662,-0.598356246948242,0.801035523414612
23.3838241100311,1,-0.483270823955536,-0.527998328208923,0.139236584305763,0.0047506638802588,0.0163997001945972,-0.597849428653717,0.801426589488983
23.4003801345825,1,-0.483229517936707,-0.528033375740051,0.139231503009796,0.0045533268712461,0.0160114262253046,-0.596431136131287,0.80249160528183
23.4195039272308,1,-0.483286648988724,-0.527954161167145,0.139193534851074,0.00458188448101282,0.0160329062491655,-0.595324635505676,0.803312242031097
23.4446041584015,1,-0.483381628990173,-0.52795934677124,0.139167115092278,0.00450802687555552,0.0158983487635851,-0.594504773616791,0.803922235965729
23.4610970020294,1,-0.483396828174591,-0.527886509895325,0.139141783118248,0.00457618571817875,0.0156966932117939,-0.594312071800232,0.804068386554718
23.480372428894,1,-0.48337322473526,-0.527839004993439,0.13911309838295,0.00460156891494989,0.0153961181640625,-0.595116019248962,0.803479194641113
23.5148730278015,1,-0.483444929122925,-0.527817666530609,0.139091476798058,0.00448309630155563,0.0151218958199024,-0.595590651035309,0.803133249282837
23.5248465538025,1,-0.483527839183807,-0.527795970439911,0.139099776744843,0.00453981291502714,0.0150063904002309,-0.594793975353241,0.803725242614746
23.5403184890747,1,-0.483502417802811,-0.527936637401581,0.139097422361374,0.00467795738950372,0.014728463254869,-0.594077467918396,0.804259479045868
23.5594007968903,1,-0.483470559120178,-0.52800053358078,0.139100104570389,0.00487037468701601,0.0146561060100794,-0.593742430210114,0.804506897926331
23.5870523452759,1,-0.48343887925148,-0.528002142906189,0.139126062393188,0.00508229620754719,0.0147287398576736,-0.594007670879364,0.804308533668518
23.5997631549835,1,-0.483408272266388,-0.527929961681366,0.139124199748039,0.00533350603654981,0.0148787964135408,-0.594139695167542,0.804206550121307
23.6199026107788,1,-0.483327686786652,-0.527933299541473,0.139117494225502,0.00542211020365357,0.0147483460605145,-0.594017386436462,0.80429869890213
23.6553685665131,1,-0.483279407024384,-0.527976453304291,0.139116197824478,0.00522116431966424,0.0143207535147667,-0.593287110328674,0.804846584796906
23.6606583595276,1,-0.483336448669434,-0.528073370456696,0.139111220836639,0.00480113690719008,0.0139028010889888,-0.592631936073303,0.805339097976685
23.6798391342163,1,-0.483405470848083,-0.528026401996613,0.139065966010094,0.00466914614662528,0.0136529207229614,-0.591768682003021,0.805978715419769
23.6994159221649,1,-0.483451396226883,-0.527926981449127,0.139055445790291,0.00466620828956366,0.0137088438495994,-0.591413080692291,0.80623871088028
23.7202847003937,1,-0.48346745967865,-0.527969479560852,0.139066159725189,0.00428321631625295,0.013705886900425,-0.592020332813263,0.805795133113861
23.7404081821442,1,-0.483421564102173,-0.527849197387695,0.139055669307709,0.00421604095026851,0.014080417342484,-0.592869341373444,0.805164515972137
23.7610604763031,1,-0.483469933271408,-0.527743399143219,0.138993933796883,0.00408091302961111,0.014499275945127,-0.592953443527222,0.805095911026001
23.7800590991974,1,-0.483344882726669,-0.527761042118073,0.139063358306885,0.00380348809994757,0.0141210025176406,-0.592641055583954,0.805333971977234
23.806298494339,1,-0.483426749706268,-0.527771472930908,0.139000058174133,0.00350346439518034,0.014467547647655,-0.593217670917511,0.804904520511627
23.8201143741608,1,-0.483364939689636,-0.527817785739899,0.138985082507133,0.00347599503584206,0.0143284723162651,-0.593480229377747,0.804713606834412
23.8397653102875,1,-0.483461141586304,-0.527764618396759,0.138971105217934,0.00363076478242874,0.0145165733993053,-0.593361437320709,0.804797172546387
23.8593029975891,1,-0.483532637357712,-0.52789294719696,0.138963624835014,0.00365905510261655,0.0143492687493563,-0.593353748321533,0.804805636405945
23.8825271129608,1,-0.483479231595993,-0.527839124202728,0.138992145657539,0.00422198791056871,0.0140010192990303,-0.593004882335663,0.805066108703613
23.8995745182037,1,-0.483458280563354,-0.527843773365021,0.138975366950035,0.0047763055190444,0.0137164862826467,-0.592767655849457,0.805242538452148
23.9203577041626,1,-0.483398795127869,-0.527686953544617,0.138956323266029,0.0055895377881825,0.0137735093012452,-0.592364609241486,0.805532872676849
23.9588541984558,1,-0.483384698629379,-0.528007984161377,0.138965472579002,0.00549532240256667,0.0130267376080155,-0.592128336429596,0.805719673633575
23.9649758338928,1,-0.483155190944672,-0.52813994884491,0.138998657464981,0.00577885285019875,0.0118390116840601,-0.591286957263947,0.806353628635406
23.9817690849304,1,-0.483259648084641,-0.528084099292755,0.139002040028572,0.00590757513418794,0.0116996793076396,-0.590697050094604,0.806786954402924
23.9995007514954,1,-0.483292132616043,-0.527966260910034,0.138978749513626,0.00605282513424754,0.0116131594404578,-0.59058952331543,0.806865930557251
24.0271196365356,1,-0.483319073915482,-0.527963995933533,0.138943374156952,0.00557285686954856,0.0115774245932698,-0.591104924678802,0.806492388248444
24.0401690006256,1,-0.483345061540604,-0.527731716632843,0.138922095298767,0.0051734484732151,0.0120861958712339,-0.591729402542114,0.806029498577118
24.0622510910034,1,-0.483354687690735,-0.527832806110382,0.138959020376205,0.00441140541806817,0.0119768716394901,-0.592735707759857,0.805296003818512
24.0816416740417,1,-0.483338117599487,-0.527838170528412,0.138900965452194,0.00428077438846231,0.0121050402522087,-0.593189477920532,0.804960429668427
24.0995981693268,1,-0.483287632465363,-0.527877807617188,0.138943642377853,0.00419481750577688,0.0120542850345373,-0.592995285987854,0.805104851722717
24.1221294403076,1,-0.483382254838943,-0.527769327163696,0.138925120234489,0.00452168099582195,0.0123548461124301,-0.592394530773163,0.805540561676025
24.1403374671936,1,-0.483422011137009,-0.527857780456543,0.138893574476242,0.0047720312140882,0.0123277008533478,-0.592173457145691,0.805702149868011
24.1732978820801,1,-0.483203440904617,-0.52786773443222,0.138899743556976,0.00515385484322906,0.0119528658688068,-0.591896176338196,0.805909097194672
24.1798868179321,1,-0.483271688222885,-0.527777373790741,0.138888105750084,0.00518027599900961,0.0119068650528789,-0.59199184179306,0.805839359760284
24.2001895904541,1,-0.483386188745499,-0.527944684028625,0.138859257102013,0.00464187422767282,0.0114545738324523,-0.592315435409546,0.805611371994019
24.2211410999298,1,-0.48328372836113,-0.52750825881958,0.138847798109055,0.00511578330770135,0.01148562412709,-0.592349827289581,0.805582761764526
24.2403845787048,1,-0.483515918254852,-0.527748882770538,0.138840094208717,0.00403562560677528,0.0110929915681481,-0.592724919319153,0.805318474769592
24.2595710754395,1,-0.483261913061142,-0.527979373931885,0.13880755007267,0.00405101897194982,0.0102631682530046,-0.592334151268005,0.805616915225983
24.2792999744415,1,-0.483144104480743,-0.527630805969238,0.138806939125061,0.00475405342876911,0.00993483047932386,-0.591771066188812,0.806030869483948
24.2991013526917,1,-0.483599662780762,-0.52776312828064,0.138733580708504,0.00426963111385703,0.0103797549381852,-0.592038691043854,0.805831432342529
24.3212428092957,1,-0.483224302530289,-0.527520775794983,0.138757944107056,0.00530150113627315,0.00960111152380705,-0.591734051704407,0.806058645248413
24.3398382663727,1,-0.483658283948898,-0.527535378932953,0.138731643557549,0.004586988594383,0.00968245789408684,-0.592105090618134,0.805789530277252
24.3597373962402,1,-0.483424037694931,-0.527920544147491,0.138699039816856,0.00453672604635358,0.00846831779927015,-0.592457115650177,0.805544674396515
24.386373758316,1,-0.482830464839935,-0.527872145175934,0.138881787657738,0.00497789680957794,0.00679905340075493,-0.59254378080368,0.805494129657745
24.398339509964,1,-0.483198076486588,-0.527906596660614,0.138849422335625,0.0046188342384994,0.00682454090565443,-0.592734217643738,0.805356025695801
24.4183678627014,1,-0.483287125825882,-0.528169512748718,0.138737231492996,0.00426382105797529,0.00645413156598806,-0.592389523983002,0.805614590644836
24.4392073154449,1,-0.483082085847855,-0.527545928955078,0.138765305280685,0.00543400598689914,0.00626306794583797,-0.591667592525482,0.806139409542084
24.458564043045,1,-0.483495384454727,-0.527544021606445,0.138707503676414,0.00496639683842659,0.00625324109569192,-0.591639220714569,0.806163311004639
24.4813320636749,1,-0.483519345521927,-0.527645111083984,0.138662368059158,0.0050101587548852,0.00543107884004712,-0.590813636779785,0.806774258613586
24.4987072944641,1,-0.483357727527618,-0.528007507324219,0.138711765408516,0.00457796500995755,0.00371819827705622,-0.588918745517731,0.808170855045319
24.5360455513,1,-0.483072131872177,-0.527727484703064,0.138736397027969,0.00487478636205196,0.00234074168838561,-0.587357997894287,0.809309184551239
24.5396063327789,1,-0.483301222324371,-0.527691781520844,0.138703137636185,0.00397380767390132,0.00125688582193106,-0.587033033370972,0.809552311897278
24.5598330497742,1,-0.483560055494308,-0.527553558349609,0.138658806681633,0.00326485838741064,0.000343917170539498,-0.58712500333786,0.809489667415619
24.5814085006714,1,-0.483663409948349,-0.527712643146515,0.138637885451317,0.00225534127093852,-0.0012185201048851,-0.58652526140213,0.809926927089691
24.5985541343689,1,-0.483460038900375,-0.527915954589844,0.13870795071125,0.00146400497760624,-0.00410285359248519,-0.58489727973938,0.811095714569092
24.6233623027802,1,-0.483134716749191,-0.527783811092377,0.138695329427719,0.00133377558086067,-0.00676692649722099,-0.583149075508118,0.812335968017578
24.6390788555145,1,-0.483056247234344,-0.527604341506958,0.138708204030991,0.00121729890815914,-0.00866844039410353,-0.581893444061279,0.81321793794632
24.6589870452881,1,-0.48311123251915,-0.527544319629669,0.1387689858675,0.000812547688838094,-0.010629259981215,-0.580833256244659,0.813952803611755
24.6817607879639,1,-0.483137547969818,-0.527552962303162,0.13882751762867,0.000316463730996475,-0.0124479765072465,-0.580064594745636,0.814475238323212
24.7006459236145,1,-0.483136534690857,-0.527604579925537,0.138864725828171,-0.000256337487371638,-0.0138488756492734,-0.579652369022369,0.814746141433716
24.7268569469452,1,-0.48331007361412,-0.527583658695221,0.138804048299789,-0.000859082269016653,-0.0141394445672631,-0.578805983066559,0.815342247486115
24.74214220047,1,-0.48334327340126,-0.527873575687408,0.138806447386742,-0.00182365090586245,-0.015163742005825,-0.578185498714447,0.815762400627136
24.7597434520721,1,-0.483329743146896,-0.527909517288208,0.138757541775703,-0.00231403415091336,-0.0158311165869236,-0.577821135520935,0.816006600856781
24.7829806804657,1,-0.482989132404327,-0.52794086933136,0.138818830251694,-0.00268837157636881,-0.0172239560633898,-0.57766979932785,0.816084444522858
24.8024973869324,1,-0.482681512832642,-0.52802300453186,0.138897821307182,-0.00326753896661103,-0.0180999282747507,-0.577776789665222,0.815987586975098
24.8211359977722,1,-0.482892394065857,-0.527841985225677,0.13881853222847,-0.00385394017212093,-0.017553124576807,-0.578159093856812,0.815726101398468
24.8392269611359,1,-0.483256638050079,-0.527657151222229,0.138734936714172,-0.00441793724894524,-0.0167584847658873,-0.578792154788971,0.815290927886963
24.8690843582153,1,-0.483353972434998,-0.527774810791016,0.138743340969086,-0.00501311523839831,-0.0169562045484781,-0.578412413597107,0.815552890300751
24.8804786205292,1,-0.483366191387177,-0.528108358383179,0.138727352023125,-0.00549224764108658,-0.0174629967659712,-0.577179431915283,0.816412210464478
24.9017443656921,1,-0.48298180103302,-0.527944087982178,0.138757571578026,-0.00486411387100816,-0.0180612672120333,-0.576361179351807,0.816981077194214
24.9212419986725,1,-0.482966363430023,-0.527715981006622,0.138731777667999,-0.00460931705310941,-0.0173869393765926,-0.576840996742249,0.8166583776474
24.9420011043549,1,-0.483279407024384,-0.527580976486206,0.138713896274567,-0.0048917206004262,-0.0162402912974358,-0.577623903751373,0.816126883029938
24.9598376750946,1,-0.48335874080658,-0.52787584066391,0.138717234134674,-0.00563011458143592,-0.0160448718816042,-0.577842235565186,0.815971314907074
24.9804742336273,1,-0.483020097017288,-0.527934670448303,0.138751909136772,-0.00564797781407833,-0.0161721222102642,-0.577421724796295,0.816266357898712
25.0109453201294,1,-0.482962250709534,-0.527660965919495,0.138683006167412,-0.0056902295909822,-0.0152411488816142,-0.577594399452209,0.816161811351776
25.0226743221283,1,-0.483286619186401,-0.527633249759674,0.138705283403397,-0.00627054134383798,-0.0148138487711549,-0.578449308872223,0.8155597448349
25.0403804779053,1,-0.483382791280746,-0.527967154979706,0.138726264238358,-0.00668385857716203,-0.0148051353171468,-0.578415751457214,0.815580368041992
25.0644841194153,1,-0.482915550470352,-0.52775502204895,0.138738080859184,-0.00568356411531568,-0.0154476324096322,-0.577352702617645,0.816329002380371
25.0831332206726,1,-0.483188182115555,-0.52757316827774,0.138670489192009,-0.00532247684895992,-0.0151870902627707,-0.576632797718048,0.816844940185547
25.1013934612274,1,-0.483196884393692,-0.527963101863861,0.138701155781746,-0.00548742804676294,-0.0156853217631578,-0.575781881809235,0.817434430122375
25.1207873821259,1,-0.48301774263382,-0.527815699577332,0.13867162168026,-0.00522324023768306,-0.0156230982393026,-0.575953602790833,0.81731641292572
25.1603991985321,1,-0.48340705037117,-0.527733325958252,0.138657033443451,-0.00567313469946384,-0.0146736521273851,-0.57722133398056,0.816436231136322
25.1633806228638,1,-0.48282915353775,-0.527752995491028,0.138647630810738,-0.00508461939170957,-0.0147917522117496,-0.577711522579193,0.816091179847717
25.181925535202,1,-0.483159095048904,-0.527535676956177,0.138642251491547,-0.00563230039551854,-0.0135382702574134,-0.578440845012665,0.815592646598816
25.2008459568024,1,-0.48333141207695,-0.527991771697998,0.138674363493919,-0.00667801266536117,-0.0131540913134813,-0.57944667339325,0.814876675605774
25.2223954200745,1,-0.483222782611847,-0.527513563632965,0.138536885380745,-0.00618569320067763,-0.0117902467027307,-0.580256462097168,0.814325034618378
25.2410054206848,1,-0.483518600463867,-0.527892708778381,0.138617679476738,-0.00742165837436914,-0.0116484938189387,-0.581635713577271,0.813332259654999
25.2600603103638,1,-0.482692688703537,-0.52802574634552,0.138770788908005,-0.00682140560820699,-0.0126966405659914,-0.58218377828598,0.812929511070251
25.2950367927551,1,-0.482926070690155,-0.527769505977631,0.138691499829292,-0.00649114092811942,-0.0115736601874232,-0.582850277423859,0.812471270561218
25.3011393547058,1,-0.482422709465027,-0.528131783008575,0.138708680868149,-0.00641902908682823,-0.0118559161201119,-0.582647800445557,0.812612891197205
25.3185203075409,1,-0.482680439949036,-0.527913570404053,0.138850748538971,-0.00706362351775169,-0.0109165590256453,-0.582474708557129,0.812744855880737
25.3383781909943,1,-0.482542157173157,-0.527994334697723,0.138734966516495,-0.00701757147908211,-0.0100371707230806,-0.583422541618347,0.812076508998871
25.3580546379089,1,-0.483013987541199,-0.527120113372803,0.138548970222473,-0.00663298089057207,-0.00723130302503705,-0.585343718528748,0.81072598695755
25.3806862831116,1,-0.483177155256271,-0.52765417098999,0.138553187251091,-0.00800830125808716,-0.00656823487952352,-0.586939990520477,0.809564113616943
25.3995599746704,1,-0.483254194259644,-0.527353644371033,0.138518005609512,-0.00818341784179211,-0.00508260168135166,-0.588285267353058,0.808596074581146
25.4258170127869,1,-0.483128845691681,-0.52800440788269,0.13848215341568,-0.00915177911520004,-0.00496968766674399,-0.589555621147156,0.807660639286041
25.4394254684448,1,-0.482843011617661,-0.527654707431793,0.138668462634087,-0.00914976466447115,-0.00378715246915817,-0.590934634208679,0.806658744812012
25.4774465560913,1,-0.483348190784454,-0.527744054794312,0.138468876481056,-0.0100427838042378,-0.00123892724514008,-0.591821551322937,0.806005537509918
25.4832546710968,1,-0.483077228069305,-0.527241408824921,0.138467088341713,-0.00953619927167892,0.000139748444780707,-0.592662394046783,0.805394530296326
25.4985551834106,1,-0.48313096165657,-0.527880251407623,0.138480201363564,-0.0109397722408175,0.000407042622100562,-0.593576431274414,0.804703235626221
25.5184400081635,1,-0.482909321784973,-0.527337312698364,0.138529732823372,-0.0102546941488981,0.00178184732794762,-0.594722390174866,0.803863823413849
25.5402903556824,1,-0.483232378959656,-0.527526378631592,0.138352051377296,-0.0105901854112744,0.00317419227212667,-0.596000730991364,0.802907824516296
25.5601942539215,1,-0.48274764418602,-0.52726286649704,0.138522252440453,-0.0100033804774284,0.00308359274640679,-0.597223162651062,0.802006840705872
25.5791032314301,1,-0.482712388038635,-0.527884781360626,0.138593003153801,-0.0111412033438683,0.00293904100544751,-0.598119139671326,0.801324307918549
25.600771188736,1,-0.482415586709976,-0.527854561805725,0.138751283288002,-0.0110487835481763,0.0029172021895647,-0.598685741424561,0.800902485847473
25.6188771724701,1,-0.482400298118591,-0.528455436229706,0.138743564486504,-0.0117918392643332,0.00288901827298105,-0.598782300949097,0.800819754600525
25.6393566131592,1,-0.482456117868423,-0.527886986732483,0.1387028247118,-0.0112224752083421,0.00468880543485284,-0.598999083042145,0.800657331943512
25.6590702533722,1,-0.482622653245926,-0.528275072574615,0.138570696115494,-0.0120642194524407,0.00612215744331479,-0.600349426269531,0.799623429775238
25.6801414489746,1,-0.483124703168869,-0.527165293693542,0.138344004750252,-0.0112310284748673,0.0107528874650598,-0.601797819137573,0.798497140407562
25.7092921733856,1,-0.482937425374985,-0.528031051158905,0.138381361961365,-0.0122847212478518,0.0104055711999536,-0.603543877601624,0.797167301177979
25.7187459468842,1,-0.482834726572037,-0.527462303638458,0.138386473059654,-0.0111979385837913,0.0118704801425338,-0.604251205921173,0.796626806259155
25.7389400005341,1,-0.482864707708359,-0.527894496917725,0.138257533311844,-0.0110239470377564,0.0125582776963711,-0.604596495628357,0.796356618404388
25.7645514011383,1,-0.482898026704788,-0.527197539806366,0.138285249471664,-0.0097251133993268,0.0146140651777387,-0.604337871074677,0.796534717082977
25.7804398536682,1,-0.483011990785599,-0.527820408344269,0.138339683413506,-0.010235377587378,0.0149995805695653,-0.6053666472435,0.795739591121674
25.7994349002838,1,-0.48253345489502,-0.527313113212585,0.138392850756645,-0.00817959662526846,0.0158395860344172,-0.606214106082916,0.795101642608643
25.8263983726501,1,-0.482655435800552,-0.527935326099396,0.138436704874039,-0.0083083501085639,0.0155697297304869,-0.60729318857193,0.794281840324402
25.8400661945343,1,-0.482340067625046,-0.527792572975159,0.138519465923309,-0.00705508328974247,0.0153978029266,-0.607041299343109,0.794489800930023
25.8602528572083,1,-0.482943415641785,-0.528123736381531,0.138544350862503,-0.00740124797448516,0.0154478698968887,-0.606443762779236,0.794941902160645
25.8918268680573,1,-0.482550859451294,-0.527845799922943,0.138481587171555,-0.00566398771479726,0.0149543443694711,-0.60560017824173,0.795608460903168
25.9020712375641,1,-0.482983022928238,-0.528032958507538,0.138626128435135,-0.0062765134498477,0.0146120069548488,-0.605391204357147,0.795769155025482
25.9212248325348,1,-0.482700735330582,-0.528266131877899,0.13851509988308,-0.00533254677429795,0.013512272387743,-0.60555511713028,0.795670807361603
25.9394543170929,1,-0.483440428972244,-0.527280390262604,0.138202890753746,-0.00353170186281204,0.0154466414824128,-0.604168295860291,0.796699106693268
25.9725434780121,1,-0.483159303665161,-0.527723133563995,0.138181954622269,-0.00254568853415549,0.0130188688635826,-0.60193920135498,0.798431813716888
25.980831861496,1,-0.482866734266281,-0.527769386768341,0.138415306806564,-0.0018415660597384,0.0110721588134766,-0.60010701417923,0.799841046333313
26.0007355213165,1,-0.483680546283722,-0.527250349521637,0.138183832168579,-0.000752680702134967,0.0136010646820068,-0.599266648292542,0.800433695316315
26.0209898948669,1,-0.483199536800385,-0.52727997303009,0.138084962964058,0.000763871823437512,0.0133530683815479,-0.599613308906555,0.800178110599518
26.0514652729034,1,-0.483393102884293,-0.527364015579224,0.138253286480904,0.000714106310624629,0.0138051556423306,-0.600191295146942,0.79973703622818
26.0603981018066,1,-0.483254641294479,-0.527887880802155,0.138321682810783,0.000690513465087861,0.0137470038607717,-0.60094428062439,0.799172461032867
26.0795388221741,1,-0.482843399047852,-0.527391314506531,0.138283848762512,0.00263006798923016,0.0144983381032944,-0.600729465484619,0.799316644668579
26.120861530304,1,-0.482899934053421,-0.52750438451767,0.138359755277634,0.00297799310646951,0.0146123683080077,-0.600339651107788,0.799606084823608
26.1239967346191,1,-0.482685297727585,-0.528119683265686,0.138407230377197,0.00245895283296704,0.014241804368794,-0.60054886341095,0.799457430839539
26.1415107250214,1,-0.482720077037811,-0.527684092521667,0.138347566127777,0.00334763946011662,0.0153798051178455,-0.600426614284515,0.799525022506714
26.1595284938812,1,-0.483036041259766,-0.527842819690704,0.138322785496712,0.00320862582884729,0.0159866418689489,-0.601077795028687,0.799024224281311
26.1830961704254,1,-0.482648909091949,-0.527975678443909,0.138282477855682,0.00399039499461651,0.0157156623899937,-0.600874662399292,0.799178838729858
26.2016117572784,1,-0.482778251171112,-0.52779883146286,0.138326779007912,0.00380736752413213,0.0158761665225029,-0.600712835788727,0.799298226833344
26.219265460968,1,-0.482659071683884,-0.528120338916779,0.138321161270142,0.00340021541342139,0.0148636475205421,-0.60020124912262,0.79970371723175
26.2394285202026,1,-0.482645720243454,-0.527817010879517,0.138267308473587,0.00347462599165738,0.0157523360103369,-0.600507378578186,0.799456477165222
26.2709009647369,1,-0.483102798461914,-0.527658104896545,0.138224914669991,0.00280891382135451,0.0171101000159979,-0.601223528385162,0.798892676830292
26.281308889389,1,-0.48320597410202,-0.527914106845856,0.138155803084373,0.00221307831816375,0.0176520999521017,-0.602080523967743,0.798237204551697
26.2996292114258,1,-0.482994794845581,-0.527377188205719,0.138114348053932,0.00329795712605119,0.0187217574566603,-0.602373421192169,0.79798811674118
26.323436498642,1,-0.483467072248459,-0.527131974697113,0.138030260801315,0.00335229374468327,0.0204566363245249,-0.602634370326996,0.797748208045959
26.3423521518707,1,-0.483359336853027,-0.527741312980652,0.138102352619171,0.00241926987655461,0.0202458258718252,-0.602604389190674,0.797779560089111
26.3600585460663,1,-0.483101963996887,-0.527499318122864,0.13814252614975,0.00301684625446796,0.0202426370233297,-0.602290868759155,0.798014342784882
26.3794379234314,1,-0.483541518449783,-0.527427017688751,0.138070166110992,0.00282048992812634,0.021263912320137,-0.602586269378662,0.7977654337883
26.4117655754089,1,-0.483160585165024,-0.52743124961853,0.138083547353745,0.00329209677875042,0.0204794332385063,-0.602367520332336,0.797949373722076
26.4190101623535,1,-0.483383506536484,-0.52737832069397,0.138118714094162,0.00244798557832837,0.0204490404576063,-0.602365672588348,0.797954559326172
26.4537613391876,1,-0.483255684375763,-0.527909994125366,0.138132899999619,0.00133525859564543,0.0191366523504257,-0.602685511112213,0.797748148441315
26.4607400894165,1,-0.483040362596512,-0.527586340904236,0.13814015686512,0.00160161498934031,0.0185590926557779,-0.602478444576263,0.797917783260345
26.4789497852325,1,-0.483289241790771,-0.527722120285034,0.138108983635902,0.000904464221093804,0.0186165329068899,-0.602465391159058,0.797927379608154
26.499258518219,1,-0.482892274856567,-0.527709603309631,0.138239830732346,0.00139972765464336,0.0180418491363525,-0.602125585079193,0.798196315765381
26.519522190094,1,-0.483337461948395,-0.52724552154541,0.138018250465393,0.00252836407162249,0.0199156627058983,-0.601865649223328,0.798344910144806
26.5511417388916,1,-0.482954233884811,-0.527630150318146,0.138051152229309,0.00265697599388659,0.0194873157888651,-0.601667761802673,0.798504292964935
26.5609614849091,1,-0.483477890491486,-0.527460277080536,0.138034090399742,0.00232342351227999,0.0212158299982548,-0.601168990135193,0.798836886882782
26.5800051689148,1,-0.483280688524246,-0.527792096138,0.138049364089966,0.00186982983723283,0.0209231693297625,-0.60100644826889,0.798968136310577
26.6111941337585,1,-0.483439981937408,-0.527289688587189,0.138013646006584,0.00181217736098915,0.0219439435750246,-0.601376235485077,0.798662543296814
26.6207666397095,1,-0.483072102069855,-0.528016805648804,0.138053953647614,0.000157874412252568,0.0207081884145737,-0.603176414966583,0.797338902950287
26.6394386291504,1,-0.483326107263565,-0.527742028236389,0.138177558779716,-0.000707667320966721,0.0213126074522734,-0.603722751140594,0.796909093856812
26.6617374420166,1,-0.482987731695175,-0.527687847614288,0.13814190030098,-0.000381053716409951,0.021357137709856,-0.603773057460785,0.796869993209839
26.6838660240173,1,-0.483218371868134,-0.527544260025024,0.138066545128822,-0.000247589981881902,0.0215202011168003,-0.603136658668518,0.797347486019135
26.7001483440399,1,-0.482659786939621,-0.5275017619133,0.138020753860474,0.000927997170947492,0.0210103765130043,-0.602215528488159,0.798056542873383
26.7199416160583,1,-0.483286768198013,-0.528120398521423,0.138124883174896,-0.000761374772991985,0.0207228660583496,-0.601630628108978,0.798505187034607
26.7552924156189,1,-0.483143627643585,-0.527809679508209,0.138062760233879,2.08725414267974e-05,0.021219389513135,-0.601013720035553,0.798956990242004
26.7642688751221,1,-0.483147621154785,-0.527793169021606,0.137945860624313,0.000453009241027758,0.0217107906937599,-0.600716114044189,0.799167454242706
26.7802298069,1,-0.483153253793716,-0.527457535266876,0.13803343474865,0.000380127516109496,0.0216073673218489,-0.600730419158936,0.799159526824951
26.800078868866,1,-0.482626169919968,-0.527314364910126,0.138077676296234,4.31476655649021e-05,0.021293243393302,-0.600788414478302,0.799124479293823
26.8338055610657,1,-0.482968837022781,-0.528060495853424,0.138130962848663,-0.00279692094773054,0.0206497646868229,-0.601846635341644,0.79833972454071
26.8415870666504,1,-0.483007907867432,-0.52763569355011,0.138070791959763,-0.00276165106333792,0.021139845252037,-0.601743102073669,0.798405110836029
26.8602030277252,1,-0.482296586036682,-0.52714866399765,0.137938648462296,-0.000896736863069236,0.02134601585567,-0.601016640663147,0.798950850963593
26.880051612854,1,-0.483093857765198,-0.528117179870605,0.138091072440147,-0.00418050400912762,0.0208939462900162,-0.601594924926758,0.798517167568207
26.913357257843,1,-0.483163595199585,-0.527750551700592,0.138077214360237,-0.00355455628596246,0.0212548486888409,-0.600834965705872,0.799082577228546
26.921204328537,1,-0.482367247343063,-0.527220726013184,0.137891128659248,-0.000769595382735133,0.0209921058267355,-0.599947512149811,0.79976361989975
26.9398729801178,1,-0.483046442270279,-0.527941942214966,0.138081192970276,-0.00301262876018882,0.0206968188285828,-0.600103855133057,0.799648642539978
26.9603850841522,1,-0.483240902423859,-0.527648687362671,0.138034611940384,-0.00262973108328879,0.0209722425788641,-0.599410176277161,0.800162971019745
26.9893527030945,1,-0.482253223657608,-0.527464091777802,0.13799099624157,-0.000438037619460374,0.0195580888539553,-0.598710954189301,0.800726294517517
27.0003380775452,1,-0.483167201280594,-0.527833223342896,0.137998789548874,-0.00206503341905773,0.0203877445310354,-0.599005877971649,0.800482332706451
27.0195863246918,1,-0.483255058526993,-0.527062892913818,0.137701496481895,-0.000445242330897599,0.0209760367870331,-0.597529411315918,0.801572442054749
27.0630431175232,1,-0.483052104711533,-0.527385294437408,0.137875810265541,-0.00123944657389075,0.0201157256960869,-0.597557067871094,0.801573038101196
27.0636522769928,1,-0.483374744653702,-0.527687966823578,0.137693777680397,-0.00153300119563937,0.0200750175863504,-0.597952246665955,0.801278829574585
27.0797445774078,1,-0.483287632465363,-0.527093470096588,0.137470170855522,0.000135027876240201,0.0207473803311586,-0.59700083732605,0.801972329616547
27.10102891922,1,-0.483689427375793,-0.527497291564941,0.137892603874207,-0.00204876321367919,0.0208452884107828,-0.598178029060364,0.801089525222778
27.1213443279266,1,-0.482982128858566,-0.527535080909729,0.137596726417542,-0.000768627098295838,0.0200607161968946,-0.597468614578247,0.80164098739624
27.1423652172089,1,-0.483403712511063,-0.528021633625031,0.137727648019791,-0.00264747347682714,0.0201481729745865,-0.597931981086731,0.801289260387421
27.1601927280426,1,-0.483485966920853,-0.527172803878784,0.137528538703918,-0.00117210380267352,0.0217947587370872,-0.597968459129333,0.801222443580627
27.1793749332428,1,-0.48316952586174,-0.527438461780548,0.137714132666588,-0.00167544570285827,0.0211279168725014,-0.598435640335083,0.800890564918518
27.2143452167511,1,-0.483029633760452,-0.527427494525909,0.137639507651329,-0.00131219998002052,0.0211218260228634,-0.598465085029602,0.800869345664978
27.2241227626801,1,-0.483315110206604,-0.527854681015015,0.13750559091568,-0.00261978828348219,0.0209101568907499,-0.59879606962204,0.800624251365662
27.2409327030182,1,-0.483573853969574,-0.527343332767487,0.137627393007278,-0.00218608253635466,0.0217909142374992,-0.599188327789307,0.800308585166931
27.259340763092,1,-0.482817023992538,-0.527624666690826,0.13756637275219,-0.00133080861996859,0.0203112866729498,-0.599358439445496,0.800221920013428
27.2914493083954,1,-0.483250796794891,-0.527653813362122,0.137521922588348,-0.0010222268756479,0.0210221894085407,-0.599499702453613,0.800098180770874
27.3001339435577,1,-0.483391135931015,-0.527602851390839,0.137393951416016,-0.000628256180789322,0.0212792120873928,-0.598568499088287,0.800788760185242
27.3194715976715,1,-0.483532786369324,-0.527301371097565,0.13753741979599,-0.000133282403112389,0.0221808739006519,-0.598635077476501,0.800714731216431
27.3401389122009,1,-0.482926696538925,-0.527586996555328,0.137404799461365,0.00081598834367469,0.0211025215685368,-0.598390877246857,0.800926029682159
27.3694441318512,1,-0.483130276203156,-0.527847468852997,0.137473315000534,0.000504068681038916,0.0210952218621969,-0.598312079906464,0.800985336303711
27.3801476955414,1,-0.483210682868958,-0.527761936187744,0.137344196438789,0.000677579664625227,0.0214077699929476,-0.598270118236542,0.801008224487305
27.4005165100098,1,-0.483471721410751,-0.527535498142242,0.137523099780083,0.00043416817788966,0.0219801664352417,-0.598429560661316,0.800873816013336
27.4222357273102,1,-0.482719600200653,-0.527578592300415,0.137333914637566,0.00184298644308001,0.020547267049551,-0.597675204277039,0.801472902297974
27.4433746337891,1,-0.483260691165924,-0.527794778347015,0.137426793575287,0.000902537489309907,0.0205492954701185,-0.597566783428192,0.801555275917053
27.4611375331879,1,-0.483331263065338,-0.527366280555725,0.137287005782127,0.00146454910282046,0.0209500771015882,-0.596799373626709,0.802115619182587
27.480560541153,1,-0.48343962430954,-0.527164995670319,0.137473881244659,0.00100589683279395,0.0212696176022291,-0.597517371177673,0.801573216915131
27.5162360668182,1,-0.483040392398834,-0.527319550514221,0.137247622013092,0.0014094659127295,0.0204643402248621,-0.597323000431061,0.801738440990448
27.5220773220062,1,-0.483304679393768,-0.527579605579376,0.137327775359154,0.000729796418454498,0.0201384462416172,-0.59703654050827,0.801960945129395
27.5406270027161,1,-0.48346158862114,-0.527770936489105,0.137240320444107,7.65201839385554e-05,0.0198922660201788,-0.596725463867188,0.802198886871338
27.5603556632996,1,-0.483551472425461,-0.527244687080383,0.137301132082939,0.00106565642636269,0.0207564365118742,-0.596776127815247,0.80213862657547
27.5918824672699,1,-0.483165889978409,-0.527494549751282,0.137215331196785,0.00156519946176559,0.0201212968677282,-0.596908986568451,0.80205512046814
27.6006073951721,1,-0.482949674129486,-0.527606010437012,0.137186482548714,0.00241198064759374,0.0195569936186075,-0.597095489501953,0.801928102970123
27.6203379631042,1,-0.483345478773117,-0.527854263782501,0.137296184897423,0.00105122802779078,0.0197923630475998,-0.597452521324158,0.801659405231476
27.6395652294159,1,-0.483159065246582,-0.52720981836319,0.137207135558128,0.0028546629473567,0.0205340702086687,-0.59734320640564,0.801717698574066
27.6697764396667,1,-0.483004748821259,-0.527602732181549,0.137419685721397,0.0021126342471689,0.0198444463312626,-0.597845852375031,0.801362633705139
27.6800282001495,1,-0.482650220394135,-0.527591824531555,0.137270659208298,0.00329106976278126,0.0189283974468708,-0.597639203071594,0.80153489112854
27.6998398303986,1,-0.483244448900223,-0.528226554393768,0.137427434325218,0.000917760538868606,0.0184580180794001,-0.597768306732178,0.801455914974213
27.7196297645569,1,-0.482978850603104,-0.527275860309601,0.13713538646698,0.00360632943920791,0.0191521476954222,-0.596810102462769,0.802145779132843
27.7453894615173,1,-0.482995808124542,-0.527927756309509,0.137358516454697,0.00179491122253239,0.0182839594781399,-0.597115159034729,0.801945090293884
27.7602157592773,1,-0.482552826404572,-0.52771133184433,0.13708670437336,0.00362101406790316,0.0178339648991823,-0.596947729587555,0.802073836326599
27.7811679840088,1,-0.483265310525894,-0.528154134750366,0.137268841266632,0.00121541600674391,0.0181842744350433,-0.597424030303955,0.801718413829803
27.8002822399139,1,-0.482993364334106,-0.527560830116272,0.137082204222679,0.00313295121304691,0.0187779720872641,-0.597257614135742,0.801823556423187
27.820170879364,1,-0.482978582382202,-0.527630805969238,0.137360528111458,0.00288706761784852,0.0185978952795267,-0.597480893135071,0.80166220664978
27.8398079872131,1,-0.482438683509827,-0.527783691883087,0.137213826179504,0.00380062684416771,0.0176266729831696,-0.596882283687592,0.802126228809357
27.8611617088318,1,-0.482830852270126,-0.52780556678772,0.137227922677994,0.00323654362000525,0.017874401062727,-0.59660416841507,0.802330017089844
27.8991107940674,1,-0.483221858739853,-0.527769982814789,0.137199595570564,0.00218736473470926,0.0182078201323748,-0.596506297588348,0.802398860454559
27.9013333320618,1,-0.483008176088333,-0.527218580245972,0.13715124130249,0.00355183728970587,0.018383864313364,-0.59641170501709,0.802460312843323
27.9213538169861,1,-0.482969552278519,-0.527660250663757,0.137178584933281,0.00258870725519955,0.0174630451947451,-0.596300780773163,0.802567005157471
27.9395368099213,1,-0.482899218797684,-0.527425467967987,0.136962756514549,0.00367397535592318,0.0173564571887255,-0.595513522624969,0.803149342536926
27.9760370254517,1,-0.483580857515335,-0.527791082859039,0.137016087770462,0.00150396511889994,0.017785158008337,-0.595355808734894,0.803263902664185
27.9802281856537,1,-0.483374118804932,-0.527067899703979,0.136838287115097,0.00316267181187868,0.0184197593480349,-0.594747543334961,0.803695321083069
27.9995248317719,1,-0.483278512954712,-0.527515053749084,0.136965274810791,0.00197493215091527,0.0176804699003696,-0.594718277454376,0.803737342357635
28.0204904079437,1,-0.483156144618988,-0.527573466300964,0.136755093932152,0.00246087461709976,0.0175637919455767,-0.594703793525696,0.803749263286591
28.0410537719727,1,-0.483632624149323,-0.527610182762146,0.136747896671295,0.00176393252331764,0.0181461125612259,-0.594969511032104,0.803541481494904
28.0648715496063,1,-0.483738362789154,-0.527567744255066,0.136778876185417,0.00152054021600634,0.0183967743068933,-0.594964206218719,0.803540170192719
28.0802059173584,1,-0.483246326446533,-0.527173638343811,0.136888146400452,0.0030750916339457,0.0180851668119431,-0.594651818275452,0.803774058818817
28.100132226944,1,-0.483173400163651,-0.527628242969513,0.136899664998055,0.00196420378051698,0.0178210269659758,-0.594481706619263,0.803909242153168
28.1298289299011,1,-0.48306605219841,-0.527189195156097,0.136700719594955,0.00350971822626889,0.018315153196454,-0.594480514526367,0.803893804550171
28.1402440071106,1,-0.483785599470139,-0.527513742446899,0.136873975396156,0.000953173032030463,0.0192918442189693,-0.594652771949768,0.803750693798065
28.1613054275513,1,-0.483329236507416,-0.527150392532349,0.136833921074867,0.00251303450204432,0.0189527273178101,-0.594593167304993,0.803799450397491
28.1802260875702,1,-0.483195960521698,-0.52713680267334,0.13698323071003,0.0025754040107131,0.0188339855521917,-0.594309449195862,0.804011821746826
28.2064113616943,1,-0.482957988977432,-0.527435421943665,0.136913970112801,0.00249212584458292,0.017874613404274,-0.59406578540802,0.804214000701904
28.2201125621796,1,-0.483527541160583,-0.527147352695465,0.136667311191559,0.00262389844283462,0.0191963464021683,-0.59375673532486,0.804411351680756
28.2400345802307,1,-0.483734160661697,-0.527215600013733,0.136755913496017,0.00176936900243163,0.0192576888948679,-0.59346342086792,0.804628610610962
28.2787933349609,1,-0.483434647321701,-0.526912212371826,0.136638462543488,0.0030272607691586,0.0192717742174864,-0.593091309070587,0.804898917675018
28.2807576656342,1,-0.483382105827332,-0.527587950229645,0.1368098706007,0.00125563517212868,0.0180910415947437,-0.592530727386475,0.805343747138977
28.3008465766907,1,-0.483225971460342,-0.527384698390961,0.136502772569656,0.00235125608742237,0.0179937649518251,-0.592587113380432,0.80530196428299
28.3202683925629,1,-0.483629614114761,-0.527764499187469,0.136645168066025,0.000496452732477337,0.0178449135273695,-0.592470943927765,0.805394053459167
28.3407371044159,1,-0.483759850263596,-0.527312457561493,0.136449098587036,0.000899193226359785,0.019301550462842,-0.592733144760132,0.805167019367218
28.3611807823181,1,-0.483445763587952,-0.527341365814209,0.13641831278801,0.000798506021965295,0.0192495733499527,-0.59325236082077,0.804786086082458
28.3797647953033,1,-0.483255326747894,-0.527835249900818,0.136585056781769,-0.000806443626061082,0.018464557826519,-0.593556046485901,0.804580509662628
28.3997194766998,1,-0.483171343803406,-0.527544796466827,0.136480569839478,-0.0003192639851477,0.0188121981918812,-0.594374597072601,0.803968191146851
28.4331545829773,1,-0.483683526515961,-0.527685880661011,0.136573567986488,-0.00198773317970335,0.0197408646345139,-0.595178246498108,0.80334883928299
28.4432444572449,1,-0.483254015445709,-0.527020752429962,0.136497527360916,4.90684615215287e-05,0.0197572410106659,-0.59517914056778,0.80335009098053
28.4603300094604,1,-0.483296602964401,-0.527452647686005,0.136611580848694,-0.000761781237088144,0.0192288290709257,-0.594671428203583,0.803738474845886
28.4801304340363,1,-0.483129799365997,-0.527371346950531,0.136389553546906,0.000752434832975268,0.0187614820897579,-0.593592345714569,0.80454683303833
28.5119996070862,1,-0.483602315187454,-0.527283072471619,0.136319637298584,0.000361123762559146,0.0194195900112391,-0.592934787273407,0.805016219615936
28.5202836990356,1,-0.483937531709671,-0.527422249317169,0.136432752013206,-0.000987937091849744,0.0198793839663267,-0.592307388782501,0.80546623468399
28.5394456386566,1,-0.483498096466064,-0.526902794837952,0.136344656348228,0.000348332687281072,0.01948650367558,-0.59258645772934,0.805271089076996
28.5604948997498,1,-0.48313096165657,-0.527724325656891,0.136588603258133,-0.00168934464454651,0.0176631137728691,-0.593077301979065,0.804949998855591
28.5857436656952,1,-0.483090728521347,-0.527376592159271,0.136302679777145,-0.000378500699298456,0.0180869624018669,-0.593328416347504,0.804757177829742
28.6002898216248,1,-0.483540177345276,-0.52759850025177,0.136427089571953,-0.00183974928222597,0.018507981672883,-0.593283832073212,0.804778456687927
28.6201930046082,1,-0.483642429113388,-0.527383208274841,0.136454164981842,-0.00136575754731894,0.0192999597638845,-0.593349874019623,0.804712116718292
28.6422982215881,1,-0.483321279287338,-0.527035593986511,0.136357039213181,0.000350646325387061,0.0192591026425362,-0.59308260679245,0.804911255836487
28.6609749794006,1,-0.48331356048584,-0.527700304985046,0.136470928788185,-0.000803422124590725,0.0185134913772345,-0.592792868614197,0.805141806602478
28.6803324222565,1,-0.483424097299576,-0.527218341827393,0.136077985167503,0.00105357356369495,0.019156638532877,-0.592548966407776,0.805306017398834
28.7002129554749,1,-0.483816415071487,-0.527365446090698,0.136223837733269,-0.000310681760311127,0.0194156467914581,-0.592221975326538,0.805540919303894
28.7304544448853,1,-0.483800202608109,-0.527094721794128,0.13619065284729,0.000205837452085689,0.0196780730038881,-0.592315852642059,0.805465579032898
28.7406141757965,1,-0.483479201793671,-0.526918292045593,0.136223748326302,0.000782566552516073,0.0191601905971766,-0.592319548130035,0.805474936962128
28.7599015235901,1,-0.483364284038544,-0.527517855167389,0.136308327317238,-0.000465708231786266,0.0181972030550241,-0.592345058917999,0.805478751659393
28.7794456481934,1,-0.483535528182983,-0.527152538299561,0.136057689785957,0.000609734852332622,0.0188588015735149,-0.592195868492126,0.805573165416718
28.8113355636597,1,-0.483928292989731,-0.527203500270844,0.136154219508171,-0.00036990427179262,0.0194359757006168,-0.591954469680786,0.805737018585205
28.8198120594025,1,-0.48378324508667,-0.526987075805664,0.136108949780464,0.00055542413610965,0.0194746311753988,-0.591649651527405,0.805959761142731
28.839780330658,1,-0.483513236045837,-0.526943385601044,0.136146798729897,0.0011129166232422,0.0189539901912212,-0.591196894645691,0.806303799152374
28.8597912788391,1,-0.483415454626083,-0.527614951133728,0.136216476559639,6.59338984405622e-05,0.0179153345525265,-0.591347217559814,0.806218087673187
28.8869116306305,1,-0.48331207036972,-0.527307510375977,0.136003464460373,0.00135738565586507,0.0178230740129948,-0.591049075126648,0.80643755197525
28.9002795219421,1,-0.483552008867264,-0.527556717395782,0.136193051934242,-4.84299562231172e-05,0.0178314950317144,-0.590860903263092,0.806576430797577
28.920348405838,1,-0.483767032623291,-0.527454197406769,0.136185109615326,-0.000313110009301454,0.0183356367051601,-0.591046035289764,0.806429386138916
28.94522356987,1,-0.483423054218292,-0.527070879936218,0.135991677641869,0.00129707367159426,0.0182053837925196,-0.59101939201355,0.806450843811035
28.9684267044067,1,-0.483404904603958,-0.527628242969513,0.136118292808533,7.03387340763584e-05,0.017286904156208,-0.591151475906372,0.80637538433075
28.980301618576,1,-0.483416587114334,-0.527747273445129,0.136155530810356,-0.000169139369972982,0.0166575573384762,-0.591195344924927,0.806356310844421
29.0003774166107,1,-0.483505576848984,-0.527364134788513,0.136017382144928,0.000659076787997037,0.0172928310930729,-0.591240286827087,0.806309819221497
29.0378184318542,1,-0.483666747808456,-0.527319490909576,0.136106327176094,0.000363724102498963,0.0176458787173033,-0.59132045507431,0.806243479251862
29.0408024787903,1,-0.483480602502823,-0.527103900909424,0.136033996939659,0.00111501908395439,0.0177387464791536,-0.591486513614655,0.806118965148926
29.0608088970184,1,-0.483325153589249,-0.527520716190338,0.13608156144619,0.000384836253942922,0.0171162113547325,-0.591684699058533,0.805987656116486
29.0796160697937,1,-0.483395785093307,-0.527366876602173,0.135952204465866,0.000803113158326596,0.0173976365476847,-0.591377854347229,0.806206464767456
29.1125302314758,1,-0.483383893966675,-0.527337551116943,0.135928764939308,0.000906657718587667,0.0171327125281096,-0.591206312179565,0.806337833404541
29.1216344833374,1,-0.483784794807434,-0.527499616146088,0.136125326156616,-0.000598278711549938,0.0177706405520439,-0.591189920902252,0.806336402893066
29.1407496929169,1,-0.48357555270195,-0.527238488197327,0.135988041758537,0.000275516998954117,0.0176420714706182,-0.591243803501129,0.806299805641174
29.1599268913269,1,-0.483317494392395,-0.52708113193512,0.135848566889763,0.00113585218787193,0.0175501927733421,-0.591178476810455,0.806349039077759
29.1859271526337,1,-0.483299791812897,-0.527664184570312,0.13610514998436,-0.000552603625692427,0.0162881873548031,-0.590870797634125,0.806601583957672
29.2008805274963,1,-0.4831323325634,-0.527885854244232,0.136018022894859,-0.000688992731738836,0.0153575921431184,-0.591358542442322,0.806262195110321
29.2202649116516,1,-0.483300894498825,-0.527747690677643,0.136017501354218,-0.000961964833550155,0.0155327627435327,-0.591416656970978,0.80621600151062
29.2416279315948,1,-0.483305603265762,-0.527839958667755,0.136078685522079,-0.00160816311836243,0.0154343647882342,-0.591390311717987,0.806236207485199
29.2646231651306,1,-0.483252346515656,-0.527270972728729,0.13586051762104,-0.000138365983730182,0.0163994189351797,-0.591439723968506,0.806182384490967
29.2803905010223,1,-0.483175575733185,-0.527585446834564,0.135989561676979,-0.000943694554734975,0.0158772505819798,-0.591609299182892,0.806067943572998
29.3001000881195,1,-0.483085870742798,-0.527981579303741,0.13597759604454,-0.00156057334970683,0.0152452643960714,-0.591775238513947,0.80595737695694
29.3328936100006,1,-0.48325577378273,-0.527663588523865,0.135812342166901,-0.00092730950564146,0.015947388485074,-0.591688930988312,0.806008100509644
29.3393898010254,1,-0.483396291732788,-0.52777099609375,0.136006429791451,-0.00182073190808296,0.0159357357770205,-0.591661810874939,0.806026756763458
29.3599441051483,1,-0.483478933572769,-0.527458667755127,0.135873794555664,-0.00119000661652535,0.0167388394474983,-0.591761231422424,0.805938601493835
29.3794693946838,1,-0.483122944831848,-0.52738755941391,0.135836765170097,-0.000557669205591083,0.0159067548811436,-0.591571748256683,0.80609530210495
29.4064955711365,1,-0.482975155115128,-0.528050303459167,0.136037349700928,-0.00207503815181553,0.0144694913178682,-0.591344654560089,0.8062863945961
29.4196944236755,1,-0.48295134305954,-0.527917742729187,0.135881140828133,-0.00158992083743215,0.0142445806413889,-0.591119408607483,0.806456744670868
29.4406404495239,1,-0.483020305633545,-0.527857005596161,0.135930433869362,-0.00173432473093271,0.0142285292968154,-0.591066122055054,0.806495726108551
29.4744393825531,1,-0.483311474323273,-0.5279421210289,0.136052072048187,-0.0026653129607439,0.0147768827155232,-0.591041803359985,0.80650120973587
29.4803245067596,1,-0.482973158359528,-0.527473211288452,0.13581882417202,-0.000984380138106644,0.0150448530912399,-0.591144263744354,0.806425034999847
29.4998981952667,1,-0.482966721057892,-0.527521133422852,0.135830849409103,-0.000953649403527379,0.0152835622429848,-0.591049671173096,0.806489825248718
29.5192160606384,1,-0.482887923717499,-0.528143763542175,0.136053845286369,-0.00240238662809134,0.014004472643137,-0.590902507305145,0.806617796421051
29.5414800643921,1,-0.482931286096573,-0.527828991413116,0.135755270719528,-0.00144088396336883,0.0145195536315441,-0.590923726558685,0.80659544467926
29.5591435432434,1,-0.483005464076996,-0.527971148490906,0.136001825332642,-0.00228101713582873,0.0137130469083786,-0.59077125787735,0.806719303131104
29.5846266746521,1,-0.483134716749191,-0.527849674224854,0.135956302285194,-0.00259012053720653,0.0142993507906795,-0.590615034103394,0.806822597980499
29.5996441841125,1,-0.482597887516022,-0.527500033378601,0.135759815573692,-0.000672000751364976,0.0135760577395558,-0.590745151042938,0.806743800640106
29.6233131885529,1,-0.482986688613892,-0.527791798114777,0.135909527540207,-0.00233195233158767,0.0142487389966846,-0.590795695781708,0.806692004203796
29.6384265422821,1,-0.482785373926163,-0.528320491313934,0.135965079069138,-0.00302580278366804,0.012916230596602,-0.590840935707092,0.80667906999588
29.6585745811462,1,-0.482946127653122,-0.52776962518692,0.135702654719353,-0.00170830439310521,0.0140959927812219,-0.590667009353638,0.806790590286255
29.6792285442352,1,-0.482982665300369,-0.528067529201508,0.135972857475281,-0.00272294390015304,0.0136589994654059,-0.590641140937805,0.806814193725586
29.7013745307922,1,-0.483063638210297,-0.527851223945618,0.135736063122749,-0.00208425684832036,0.0145040638744831,-0.5904940366745,0.806908965110779
29.7260529994965,1,-0.482526063919067,-0.527696788311005,0.135746598243713,-0.000954408140387386,0.0136234555393457,-0.590244233608246,0.807109177112579
29.7393758296967,1,-0.48294472694397,-0.528332412242889,0.135860487818718,-0.00310864904895425,0.0136339208111167,-0.59061336517334,0.806833624839783
29.7600107192993,1,-0.482772767543793,-0.527916133403778,0.135615393519402,-0.0016412497498095,0.0136426668614149,-0.590462744235992,0.806947946548462
29.7814400196075,1,-0.482925057411194,-0.527916193008423,0.135642111301422,-0.0023691023234278,0.0139781516045332,-0.590645670890808,0.806806564331055
29.7985711097717,1,-0.483240753412247,-0.527812778949738,0.135729819536209,-0.00324514228850603,0.0149178504943848,-0.590766668319702,0.806697964668274
29.8191902637482,1,-0.482806861400604,-0.527307987213135,0.135464057326317,-0.00167511182371527,0.0150964595377445,-0.591066479682922,0.806479811668396
29.8433628082275,1,-0.48290604352951,-0.527811825275421,0.13554921746254,-0.00324418838135898,0.0147245461121202,-0.591100871562958,0.806456744670868
29.8592617511749,1,-0.482926279306412,-0.528096973896027,0.135605290532112,-0.0040374998934567,0.0142557974904776,-0.591019093990326,0.806521475315094
29.8801498413086,1,-0.482823371887207,-0.527711451053619,0.135343819856644,-0.00268770684488118,0.0148470886051655,-0.590805947780609,0.806672632694244
29.9045746326447,1,-0.483165860176086,-0.527927160263062,0.135628834366798,-0.00421363953500986,0.0149896768853068,-0.590712368488312,0.806731998920441
29.9195649623871,1,-0.482800006866455,-0.527521014213562,0.135373011231422,-0.00235950667411089,0.01517219748348,-0.590858280658722,0.806629240512848
29.9393396377563,1,-0.482957720756531,-0.527881383895874,0.135501459240913,-0.00298011139966547,0.01481260266155,-0.59075665473938,0.806708335876465
29.9788472652435,1,-0.48280856013298,-0.527831077575684,0.135393962264061,-0.00238133268430829,0.0144509207457304,-0.590271711349487,0.807071805000305
29.9828855991364,1,-0.482698857784271,-0.527900159358978,0.135429441928864,-0.00205267267301679,0.013884742744267,-0.590122759342194,0.807191550731659
30.0002503395081,1,-0.483165323734283,-0.527861893177032,0.135544061660767,-0.00313915661536157,0.0150644956156611,-0.589973390102386,0.80727607011795
30.0199494361877,1,-0.48250013589859,-0.527421593666077,0.135244816541672,-0.000803679227828979,0.0147460298612714,-0.590125560760498,0.807176411151886
30.0591716766357,1,-0.482976287603378,-0.527996838092804,0.135377168655396,-0.00273214909248054,0.0150257414206862,-0.590155899524689,0.80714476108551
30.0610201358795,1,-0.482725352048874,-0.527666628360748,0.134865671396255,-0.00131098693236709,0.0150099843740463,-0.589555859565735,0.807587087154388
30.0807693004608,1,-0.482951521873474,-0.527310431003571,0.132812365889549,-0.00179869262501597,0.0167646463960409,-0.590648591518402,0.806752741336823
