timestamp,rb_id,pos_x,pos_y,pos_z,quat_x,quat_y,quat_z,quat_w
53.0763719081879,1,-0.494335174560547,-0.551083147525787,0.154796212911606,0.0290589965879917,0.329364240169525,-0.801768481731415,0.497837364673615
53.0823652744293,1,-0.495417684316635,-0.551068782806396,0.154881715774536,0.0212824400514364,0.33737450838089,-0.806596696376801,0.484899252653122
53.1001000404358,1,-0.4962397813797,-0.550433456897736,0.154848039150238,0.0136425876989961,0.347663074731827,-0.812035858631134,0.468553364276886
53.1199872493744,1,-0.496179074048996,-0.550524950027466,0.154003843665123,0.00708904070779681,0.355336010456085,-0.816746771335602,0.454544723033905
53.1503131389618,1,-0.495840132236481,-0.551455736160278,0.152487903833389,0.000403935322538018,0.360950231552124,-0.820580422878265,0.443128168582916
53.161833524704,1,-0.495562613010406,-0.552780568599701,0.150952786207199,-0.00494594778865576,0.365584850311279,-0.821678340435028,0.437227576971054
53.1808731555939,1,-0.495034575462341,-0.553718209266663,0.149076506495476,-0.00840205699205399,0.367970764636993,-0.824465453624725,0.429864645004272
53.2008726596832,1,-0.494330734014511,-0.554510891437531,0.146866142749786,-0.00919376220554113,0.370384603738785,-0.82556414604187,0.425646185874939
53.2247943878174,1,-0.493719667196274,-0.555902004241943,0.144210189580917,-0.0100900363177061,0.371022820472717,-0.825670480728149,0.424862891435623
53.2403967380524,1,-0.494132548570633,-0.557190716266632,0.142859280109406,-0.0140538178384304,0.374674052000046,-0.825674474239349,0.421525329351425
53.2611465454102,1,-0.494422614574432,-0.557631731033325,0.142159357666969,-0.0176278240978718,0.381229758262634,-0.825102150440216,0.416604816913605
53.2967753410339,1,-0.494926869869232,-0.558385491371155,0.141674533486366,-0.0231484416872263,0.387691855430603,-0.824949026107788,0.410631537437439
53.3010191917419,1,-0.495422810316086,-0.560042262077332,0.140857830643654,-0.0303569436073303,0.391976475715637,-0.82627934217453,0.403354912996292
53.3206639289856,1,-0.495146960020065,-0.559542953968048,0.140711575746536,-0.0324273854494095,0.400219738483429,-0.826265513896942,0.395041674375534
53.3392200469971,1,-0.495179146528244,-0.559881567955017,0.140725582838058,-0.0360232032835484,0.40540337562561,-0.826424300670624,0.389067381620407
53.3686969280243,1,-0.495215207338333,-0.560516595840454,0.140735924243927,-0.0398708134889603,0.409009993076324,-0.826853096485138,0.383973121643066
53.3801214694977,1,-0.495102137327194,-0.560878157615662,0.140787586569786,-0.0432151108980179,0.412235379219055,-0.826858103275299,0.380131781101227
53.4000155925751,1,-0.494454681873322,-0.56001091003418,0.140989020466805,-0.0434382855892181,0.417972326278687,-0.825955092906952,0.375779896974564
53.4193096160889,1,-0.494357317686081,-0.56039023399353,0.140984818339348,-0.0471845902502537,0.420612365007401,-0.826022744178772,0.372216522693634
53.4399285316467,1,-0.494005590677261,-0.560379266738892,0.140812948346138,-0.0488312877714634,0.423537939786911,-0.826755166053772,0.36702486872673
53.4616692066193,1,-0.49389261007309,-0.560774803161621,0.140490517020226,-0.0514971241354942,0.424567192792892,-0.827404379844666,0.363995611667633
53.4800369739532,1,-0.493403792381287,-0.559967219829559,0.140379205346107,-0.0511941835284233,0.42818546295166,-0.827227592468262,0.360181868076324
53.5080056190491,1,-0.493249177932739,-0.559679567813873,0.140074133872986,-0.0526014715433121,0.429845005273819,-0.827080070972443,0.358336508274078
53.5210134983063,1,-0.493250399827957,-0.5594362616539,0.139763951301575,-0.054578173905611,0.431190192699432,-0.827130854129791,0.356301546096802
53.5407285690308,1,-0.493193745613098,-0.55920934677124,0.139336034655571,-0.0564126186072826,0.432650029659271,-0.827778697013855,0.352723747491837
53.5616352558136,1,-0.493355721235275,-0.560822784900665,0.137951731681824,-0.0608056858181953,0.429626166820526,-0.831225216388702,0.347546696662903
53.585125207901,1,-0.489635288715363,-0.546816527843475,0.142165660858154,-0.0677885785698891,0.420158624649048,-0.8638836145401,0.269400268793106
53.6002421379089,1,-0.489850401878357,-0.546291053295135,0.141611248254776,-0.0716194286942482,0.417817801237106,-0.867712438106537,0.259565204381943
53.6206502914429,1,-0.491062223911285,-0.548438191413879,0.140334457159042,-0.0772261619567871,0.41450634598732,-0.868557810783386,0.260437935590744
53.6581861972809,1,-0.491121470928192,-0.548635482788086,0.139294520020485,-0.0777926966547966,0.413902908563614,-0.868813693523407,0.260375589132309
53.6596210002899,1,-0.49053230881691,-0.547742605209351,0.138417527079582,-0.0752804130315781,0.41514453291893,-0.868957161903381,0.258652985095978
53.6784400939941,1,-0.489782810211182,-0.546938359737396,0.137431308627129,-0.0728043615818024,0.415729284286499,-0.86927318572998,0.257357209920883
53.6981613636017,1,-0.489158540964127,-0.54633492231369,0.136829435825348,-0.0710514485836029,0.4161137342453,-0.869467198848724,0.256569415330887
53.7196414470673,1,-0.488406300544739,-0.545476734638214,0.136763587594032,-0.0689630508422852,0.41624790430069,-0.870002150535583,0.255103945732117
53.7436459064484,1,-0.489897429943085,-0.543367564678192,0.140235275030136,-0.0717993751168251,0.422869563102722,-0.866568148136139,0.255119264125824
53.761837720871,1,-0.488640367984772,-0.542031526565552,0.140398114919662,-0.068844236433506,0.424135148525238,-0.866202294826508,0.255075484514236
53.7793424129486,1,-0.488219976425171,-0.541718482971191,0.140560925006866,-0.0682235434651375,0.423552751541138,-0.866843223571777,0.254030555486679
53.7988269329071,1,-0.48789393901825,-0.541564464569092,0.140698090195656,-0.0675704181194305,0.422953993082047,-0.867249727249146,0.253814995288849
53.8262405395508,1,-0.487528741359711,-0.541189312934875,0.140960812568665,-0.0660852044820786,0.423145860433578,-0.867293179035187,0.253737986087799
53.839063167572,1,-0.489325970411301,-0.543223857879639,0.141132205724716,-0.0720729604363441,0.417509704828262,-0.868025720119476,0.25888729095459
53.8607318401337,1,-0.489570677280426,-0.543405473232269,0.141310587525368,-0.0718121156096458,0.416591107845306,-0.867990732192993,0.260551422834396
53.8911218643188,1,-0.489949643611908,-0.543445885181427,0.141550987958908,-0.0709912106394768,0.415919959545135,-0.867720305919647,0.262739986181259
53.8994369506836,1,-0.490145146846771,-0.543215453624725,0.141704574227333,-0.0697230696678162,0.416132003068924,-0.867181956768036,0.264515459537506
53.9200937747955,1,-0.490592241287231,-0.543363869190216,0.141809776425362,-0.069932259619236,0.415943920612335,-0.866829574108124,0.265907317399979
53.9452359676361,1,-0.491084396839142,-0.543195307254791,0.141916707158089,-0.0701576247811317,0.416674137115479,-0.866240680217743,0.266622692346573
53.9648003578186,1,-0.491872519254684,-0.54459285736084,0.141429007053375,-0.0730100646615028,0.413610875606537,-0.867085039615631,0.267879158258438
53.9810080528259,1,-0.492623955011368,-0.546109795570374,0.140855669975281,-0.0761924907565117,0.410175830125809,-0.867532193660736,0.27081087231636
54.0000238418579,1,-0.492549240589142,-0.546033143997192,0.140691623091698,-0.0754655599594116,0.410670459270477,-0.867316067218781,0.27095690369606
54.0363538265228,1,-0.492279022932053,-0.546032786369324,0.140372216701508,-0.0741701573133469,0.410442262887955,-0.867077052593231,0.27242124080658
54.0453994274139,1,-0.491840332746506,-0.545718252658844,0.140213802456856,-0.0723493248224258,0.411280512809753,-0.866618871688843,0.273104131221771
54.0596179962158,1,-0.491215497255325,-0.544961869716644,0.140138357877731,-0.0696113258600235,0.413015633821487,-0.865588068962097,0.274462729692459
54.0798709392548,1,-0.490543305873871,-0.544015884399414,0.140080481767654,-0.0663857981562614,0.41517186164856,-0.864239692687988,0.276251941919327
54.1101453304291,1,-0.490234613418579,-0.543567061424255,0.139955312013626,-0.0645750612020493,0.416304498910904,-0.863134920597076,0.27842190861702
54.1200890541077,1,-0.490545630455017,-0.543749928474426,0.140028730034828,-0.0649052411317825,0.416689395904541,-0.862555503845215,0.279562503099442
54.1398260593414,1,-0.491071373224258,-0.544178009033203,0.140158519148827,-0.0661286041140556,0.416722476482391,-0.861994743347168,0.280952990055084
54.1616821289062,1,-0.491587579250336,-0.544717848300934,0.140220627188683,-0.067554272711277,0.416474729776382,-0.861437261104584,0.282685399055481
54.1814661026001,1,-0.492431193590164,-0.545382618904114,0.140684515237808,-0.07045017182827,0.416809380054474,-0.860344111919403,0.284806489944458
54.1996455192566,1,-0.49263608455658,-0.545776009559631,0.140732049942017,-0.0714792311191559,0.417095988988876,-0.85958331823349,0.286423295736313
54.2201814651489,1,-0.492881834506989,-0.546259224414825,0.140847861766815,-0.0730724334716797,0.417376220226288,-0.85873281955719,0.288158714771271
54.2514090538025,1,-0.493162363767624,-0.546890139579773,0.140882462263107,-0.0748432204127312,0.417221784591675,-0.858092486858368,0.289830774068832
54.2621643543243,1,-0.492968440055847,-0.549307465553284,0.138349592685699,-0.0664039105176926,0.418344646692276,-0.851612269878387,0.308763742446899
54.2803273200989,1,-0.493283629417419,-0.549818873405457,0.138358145952225,-0.0666869133710861,0.418473660945892,-0.850388705730438,0.311884015798569
54.3000848293304,1,-0.493292987346649,-0.549760460853577,0.13842137157917,-0.0664159581065178,0.41857036948204,-0.850177466869354,0.312387615442276
54.3294944763184,1,-0.49332594871521,-0.549756348133087,0.138488844037056,-0.0662567168474197,0.418622702360153,-0.850062310695648,0.312664598226547
54.3404648303986,1,-0.493369102478027,-0.549779534339905,0.138547778129578,-0.0658955201506615,0.41908672451973,-0.849618494510651,0.313324928283691
54.362001657486,1,-0.493413418531418,-0.549737930297852,0.138627931475639,-0.065944530069828,0.418807208538055,-0.849697649478912,0.313473671674728
54.3983271121979,1,-0.493460774421692,-0.549783289432526,0.138691291213036,-0.0656266286969185,0.419214189052582,-0.849223434925079,0.314280360937119
54.4011027812958,1,-0.493470132350922,-0.549753904342651,0.138735130429268,-0.0656930059194565,0.419057369232178,-0.849246382713318,0.314413607120514
54.4203906059265,1,-0.493496775627136,-0.549817323684692,0.138732492923737,-0.0657904967665672,0.418494135141373,-0.849376261234283,0.314792454242706
54.4409773349762,1,-0.493535727262497,-0.549795806407928,0.138800173997879,-0.0647977069020271,0.419016629457474,-0.848523497581482,0.316597670316696
54.4730243682861,1,-0.493576884269714,-0.54983389377594,0.138817518949509,-0.0645344778895378,0.418303370475769,-0.848469495773315,0.317737489938736
54.4834644794464,1,-0.493572890758514,-0.549774289131165,0.138842657208443,-0.0644317045807838,0.417798310518265,-0.848490357398987,0.318366527557373
54.5009150505066,1,-0.493540048599243,-0.54985499382019,0.138673827052116,-0.0649489313364029,0.416296631097794,-0.849284470081329,0.318111091852188
54.5203936100006,1,-0.493537396192551,-0.549750626087189,0.138825416564941,-0.0645422786474228,0.417424261569977,-0.848641693592072,0.318431466817856
54.5481789112091,1,-0.493511170148849,-0.549756050109863,0.13879206776619,-0.064483642578125,0.417277991771698,-0.848673224449158,0.318550944328308
54.5611579418182,1,-0.493477463722229,-0.549726247787476,0.138751074671745,-0.0643534436821938,0.41727539896965,-0.848628640174866,0.318699419498444
54.5816099643707,1,-0.493476182222366,-0.549735546112061,0.138722121715546,-0.0644556358456612,0.417265683412552,-0.848682999610901,0.318546682596207
54.6175277233124,1,-0.493485808372498,-0.549495697021484,0.138749793171883,-0.0641860365867615,0.417948395013809,-0.848303616046906,0.318716585636139
54.623462677002,1,-0.493520140647888,-0.549261689186096,0.138675764203072,-0.064419113099575,0.418030738830566,-0.84845906496048,0.31814768910408
54.6402034759521,1,-0.493543297052383,-0.549341261386871,0.138497650623322,-0.0652940273284912,0.416850477457047,-0.849411725997925,0.31697353720665
54.6603965759277,1,-0.493496298789978,-0.54932963848114,0.138444304466248,-0.0650707259774208,0.417064636945724,-0.849144458770752,0.317453324794769
54.6924302577972,1,-0.49347710609436,-0.54929107427597,0.138449817895889,-0.0651221498847008,0.417289793491364,-0.849100887775421,0.317263334989548
54.7035863399506,1,-0.493412345647812,-0.549223244190216,0.13840925693512,-0.0649591088294983,0.417540222406387,-0.849023401737213,0.3171746134758
54.7201263904572,1,-0.493179887533188,-0.548155009746552,0.138824880123138,-0.062393806874752,0.421791195869446,-0.845934748649597,0.320302754640579
54.7487168312073,1,-0.493034720420837,-0.547934472560883,0.138648673892021,-0.0666483491659164,0.414812713861465,-0.851026594638824,0.315027356147766
54.7698566913605,1,-0.492982983589172,-0.547720789909363,0.138718068599701,-0.0686540007591248,0.411769807338715,-0.85328882932663,0.312459111213684
54.7803957462311,1,-0.493006110191345,-0.547713100910187,0.13877871632576,-0.0689281895756721,0.410983771085739,-0.853604972362518,0.31256964802742
54.8013894557953,1,-0.49309104681015,-0.54776668548584,0.13884761929512,-0.0678156316280365,0.412228316068649,-0.85240364074707,0.314446747303009
54.8204486370087,1,-0.493133902549744,-0.547894954681396,0.138816565275192,-0.0664719790220261,0.413748443126678,-0.850992500782013,0.316552668809891
54.8421149253845,1,-0.493119150400162,-0.547966539859772,0.138773217797279,-0.066230371594429,0.414216548204422,-0.850710809230804,0.316748112440109
54.8604085445404,1,-0.493085145950317,-0.547991394996643,0.138697504997253,-0.0671886876225471,0.413121819496155,-0.851754069328308,0.315168261528015
54.8805723190308,1,-0.493041932582855,-0.547946035861969,0.138676330447197,-0.067799799144268,0.41275218129158,-0.852352261543274,0.313901960849762
54.9115118980408,1,-0.493071973323822,-0.547927975654602,0.138741344213486,-0.0685265883803368,0.412207156419754,-0.852962970733643,0.312799572944641
54.9245548248291,1,-0.493085265159607,-0.547939658164978,0.138759166002274,-0.0687132030725479,0.411778151988983,-0.853383004665375,0.312177330255508
54.9414210319519,1,-0.493166476488113,-0.547953367233276,0.13886097073555,-0.0685200765728951,0.412256091833115,-0.853127300739288,0.312287837266922
54.9599118232727,1,-0.493261337280273,-0.547973155975342,0.138965338468552,-0.0682687163352966,0.412863701581955,-0.852776050567627,0.312499523162842
54.9863696098328,1,-0.493290036916733,-0.54796576499939,0.138990938663483,-0.0679134428501129,0.413138449192047,-0.852555334568024,0.312815874814987
55.0002410411835,1,-0.493329346179962,-0.547940492630005,0.139071464538574,-0.0676193535327911,0.413616091012955,-0.852173447608948,0.313288599252701
55.0218164920807,1,-0.493304580450058,-0.548043012619019,0.138991087675095,-0.0676662102341652,0.413460999727249,-0.85236930847168,0.312950253486633
55.0403521060944,1,-0.493295550346375,-0.548077940940857,0.138994723558426,-0.0681544244289398,0.413250088691711,-0.852755010128021,0.312070816755295
55.0661072731018,1,-0.493262887001038,-0.548193573951721,0.138892501592636,-0.0687313973903656,0.412746220827103,-0.853342235088348,0.311004310846329
55.0797798633575,1,-0.493243098258972,-0.548115372657776,0.138884916901588,-0.0689784586429596,0.412980020046234,-0.853501081466675,0.310202538967133
55.100161075592,1,-0.493214756250381,-0.54810106754303,0.138858944177628,-0.069182313978672,0.413179129362106,-0.853630304336548,0.309535324573517
55.1270294189453,1,-0.493233442306519,-0.54804664850235,0.138913303613663,-0.069763146340847,0.41281470656395,-0.854090869426727,0.308619350194931
55.1402816772461,1,-0.493274688720703,-0.54802280664444,0.139019295573235,-0.0701673179864883,0.412437945604324,-0.854448974132538,0.308039665222168
55.159773349762,1,-0.493363350629807,-0.548066735267639,0.139117896556854,-0.070450983941555,0.411843091249466,-0.854737997055054,0.307968944311142
55.1800510883331,1,-0.493430256843567,-0.548059940338135,0.139232307672501,-0.0699016898870468,0.412368446588516,-0.854157269001007,0.30900040268898
55.2068855762482,1,-0.493413150310516,-0.548164248466492,0.139321833848953,-0.0688938498497009,0.41356685757637,-0.853103637695312,0.310532182455063
55.2197351455688,1,-0.493268042802811,-0.548281073570251,0.139366462826729,-0.0684593096375465,0.413774192333221,-0.852819085121155,0.311133205890656
55.2404952049255,1,-0.493092983961105,-0.548380553722382,0.139390513300896,-0.0684090107679367,0.413682162761688,-0.852785646915436,0.311358153820038
55.2703382968903,1,-0.492912769317627,-0.54819929599762,0.139513283967972,-0.0688043832778931,0.413435250520706,-0.853249609470367,0.310326159000397
55.2804369926453,1,-0.492806017398834,-0.548049867153168,0.139661937952042,-0.069261834025383,0.413411974906921,-0.853514850139618,0.309524983167648
55.2999937534332,1,-0.49273544549942,-0.547916293144226,0.139803737401962,-0.0697702541947365,0.413434356451035,-0.853812456130981,0.308558613061905
55.3211634159088,1,-0.492735356092453,-0.547895789146423,0.139794141054153,-0.070389598608017,0.412827014923096,-0.854327023029327,0.307805985212326
55.3405561447144,1,-0.492851257324219,-0.547894239425659,0.139702767133713,-0.0708877220749855,0.411795228719711,-0.854911684989929,0.307450234889984
55.3612534999847,1,-0.493034362792969,-0.547975420951843,0.139561250805855,-0.0707171931862831,0.410938858985901,-0.855005741119385,0.308372437953949
55.3803780078888,1,-0.493238210678101,-0.547934234142303,0.139590010046959,-0.0696152001619339,0.411480396986008,-0.85405433177948,0.310529977083206
55.4131104946136,1,-0.493393838405609,-0.548038601875305,0.139477431774139,-0.06825852394104,0.411715298891068,-0.853025913238525,0.313333958387375
55.4243218898773,1,-0.493419200181961,-0.548096597194672,0.139464899897575,-0.0673084184527397,0.411830216646194,-0.85229617357254,0.315367758274078
55.4404790401459,1,-0.493393659591675,-0.548044443130493,0.139520347118378,-0.0670575946569443,0.411810606718063,-0.85209059715271,0.316001415252686
55.4593868255615,1,-0.493310809135437,-0.548015415668488,0.139471411705017,-0.0671374276280403,0.41140553355217,-0.852388501167297,0.315708547830582
55.4855782985687,1,-0.493233442306519,-0.548037648200989,0.139362320303917,-0.0674664974212646,0.410979032516479,-0.852812945842743,0.315046966075897
55.4998970031738,1,-0.493112713098526,-0.54812079668045,0.13924252986908,-0.067588783800602,0.410908460617065,-0.853043854236603,0.314487159252167
55.5203452110291,1,-0.493010520935059,-0.547909438610077,0.139391720294952,-0.0674781575798988,0.411593854427338,-0.852918684482574,0.313953727483749
55.5528485774994,1,-0.493036031723022,-0.548072695732117,0.139261305332184,-0.0684894472360611,0.409301668405533,-0.854311645030975,0.312942415475845
55.564041852951,1,-0.493091642856598,-0.548024654388428,0.139354333281517,-0.0684655085206032,0.408992618322372,-0.854429662227631,0.313029527664185
55.5808594226837,1,-0.493159651756287,-0.5480717420578,0.139376401901245,-0.0680422708392143,0.40925794839859,-0.854032337665558,0.313858181238174
55.6015253067017,1,-0.493201494216919,-0.54807984828949,0.139406383037567,-0.0676871687173843,0.409898787736893,-0.853588879108429,0.314304709434509
55.6251618862152,1,-0.493118703365326,-0.548137128353119,0.139239892363548,-0.0674962848424911,0.410095810890198,-0.853404223918915,0.314590036869049
55.6411509513855,1,-0.492968022823334,-0.548169076442719,0.139096528291702,-0.0671372264623642,0.411034017801285,-0.852995872497559,0.31454998254776
55.660089969635,1,-0.492857545614243,-0.548042118549347,0.139027178287506,-0.0674414783716202,0.411144495010376,-0.853215754032135,0.313743084669113
55.6930360794067,1,-0.492792010307312,-0.547851979732513,0.139062657952309,-0.0679363533854485,0.41095569729805,-0.853591084480286,0.312861502170563
55.7012531757355,1,-0.492814779281616,-0.547815978527069,0.139125198125839,-0.0683595836162567,0.410212367773056,-0.853990375995636,0.31265515089035
55.7211747169495,1,-0.492886245250702,-0.547897934913635,0.139125391840935,-0.0679626166820526,0.410148173570633,-0.85361659526825,0.313844382762909
55.741188287735,1,-0.492948472499847,-0.548028171062469,0.139037415385246,-0.0672681108117104,0.410266220569611,-0.853012204170227,0.31547886133194
55.7674152851105,1,-0.492938488721848,-0.54807847738266,0.1390151232481,-0.0670430734753609,0.410367280244827,-0.852871358394623,0.315775841474533
55.7789313793182,1,-0.492910325527191,-0.54803991317749,0.139001414179802,-0.0671299546957016,0.410395830869675,-0.852918446063995,0.31559294462204
55.8058109283447,1,-0.492831349372864,-0.547952651977539,0.139020279049873,-0.0669480413198471,0.411008358001709,-0.852706789970398,0.31540647149086
55.8189969062805,1,-0.492790251970291,-0.547793507575989,0.139067023992538,-0.0670758262276649,0.411091923713684,-0.852803289890289,0.315009236335754
55.8406820297241,1,-0.492763936519623,-0.547804534435272,0.139032647013664,-0.0673949718475342,0.410528481006622,-0.8532634973526,0.3144291639328
55.8585307598114,1,-0.492728352546692,-0.547712206840515,0.139026299118996,-0.0671134144067764,0.41080778837204,-0.853067696094513,0.314655780792236
55.8786737918854,1,-0.49268501996994,-0.547760009765625,0.138923734426498,-0.0670032128691673,0.410731852054596,-0.85302609205246,0.314891129732132
55.901686668396,1,-0.492633074522018,-0.547697186470032,0.138892322778702,-0.0669093728065491,0.410776138305664,-0.852915823459625,0.315151959657669
55.9186096191406,1,-0.492578834295273,-0.547560334205627,0.138910830020905,-0.0668512955307961,0.410991609096527,-0.8527712225914,0.315274626016617
55.9396085739136,1,-0.492483854293823,-0.547440767288208,0.13889642059803,-0.0673210993409157,0.410333901643753,-0.85335510969162,0.314450323581696
55.9599986076355,1,-0.492426574230194,-0.547331869602203,0.138881593942642,-0.0678111165761948,0.409664154052734,-0.853961765766144,0.313570141792297
55.9798073768616,1,-0.492436408996582,-0.547352850437164,0.138893097639084,-0.0683741867542267,0.408411920070648,-0.854753494262695,0.312923729419708
56.0029203891754,1,-0.492535591125488,-0.547499895095825,0.138916283845901,-0.0680170431733131,0.408114790916443,-0.854522824287415,0.314017087221146
56.0188522338867,1,-0.492647916078568,-0.547704637050629,0.13884337246418,-0.0671746283769608,0.408038377761841,-0.853861510753632,0.316090047359467
56.0573766231537,1,-0.49273282289505,-0.547745704650879,0.138929754495621,-0.0669777095317841,0.407992780208588,-0.853648364543915,0.316765457391739
56.0604054927826,1,-0.493004739284515,-0.548681318759918,0.138720691204071,-0.065259076654911,0.410788267850876,-0.851564049720764,0.319112807512283
56.0791535377502,1,-0.492962777614594,-0.54869681596756,0.138667941093445,-0.0654810667037964,0.410557270050049,-0.851735591888428,0.318906605243683
56.0987586975098,1,-0.49279510974884,-0.548510670661926,0.138560637831688,-0.06582872569561,0.409668296575546,-0.852299571037292,0.318471163511276
56.119482755661,1,-0.492690831422806,-0.548316895961761,0.138535290956497,-0.0657953172922134,0.4086774289608,-0.852607309818268,0.318927198648453
56.1394724845886,1,-0.492709666490555,-0.548105239868164,0.138712525367737,-0.0654895305633545,0.406681507825851,-0.852868020534515,0.320838987827301
56.1598510742188,1,-0.492829322814941,-0.54806387424469,0.138866305351257,-0.0649410039186478,0.403784930706024,-0.853168487548828,0.323796510696411
56.1824431419373,1,-0.492874801158905,-0.547266602516174,0.139437973499298,-0.0616241693496704,0.404956817626953,-0.85020649433136,0.330698668956757
56.1996858119965,1,-0.493069112300873,-0.547734618186951,0.139377191662788,-0.0609328150749207,0.400729537010193,-0.850587487220764,0.334968596696854
56.2201118469238,1,-0.493305623531342,-0.547906398773193,0.139596074819565,-0.060564287006855,0.398488819599152,-0.850777089595795,0.337219834327698
56.2470800876617,1,-0.493474185466766,-0.547738015651703,0.139873087406158,-0.0604948252439499,0.396088004112244,-0.851528882980347,0.33816197514534
56.2593200206757,1,-0.493735313415527,-0.547687351703644,0.140271410346031,-0.0602578334510326,0.394054979085922,-0.851929187774658,0.339567899703979
56.2799391746521,1,-0.494032919406891,-0.548622369766235,0.14009428024292,-0.0605426393449306,0.388829708099365,-0.853338181972504,0.34199446439743
56.3104546070099,1,-0.494280576705933,-0.549120426177979,0.140090018510818,-0.0604219995439053,0.38367024064064,-0.854392528533936,0.345195263624191
56.3193666934967,1,-0.494544118642807,-0.54863178730011,0.140692040324211,-0.0600600503385067,0.380868315696716,-0.854872345924377,0.347167879343033
56.3396837711334,1,-0.494648814201355,-0.548745810985565,0.140673145651817,-0.0594851970672607,0.377634644508362,-0.855255544185638,0.349845170974731
56.3724405765533,1,-0.494710743427277,-0.548676371574402,0.140709832310677,-0.0596147477626801,0.373762667179108,-0.856208324432373,0.351645916700363
56.381991147995,1,-0.494810104370117,-0.548820436000824,0.140774339437485,-0.0589811839163303,0.371781378984451,-0.855960786342621,0.354444593191147
56.3997187614441,1,-0.490405023097992,-0.545787572860718,0.137080073356628,-0.0398353524506092,0.367626458406448,-0.857170343399048,0.358500987291336
56.4361803531647,1,-0.490234971046448,-0.546110212802887,0.136895924806595,-0.039628904312849,0.364183157682419,-0.857817709445953,0.360484391450882
56.440806388855,1,-0.490913867950439,-0.548328101634979,0.136704951524734,-0.0428219325840473,0.361840575933456,-0.855182290077209,0.368647366762161
56.4593629837036,1,-0.490290284156799,-0.546602606773376,0.136693209409714,-0.0405224487185478,0.362542778253555,-0.856159567832947,0.365939438343048
56.4843683242798,1,-0.490022748708725,-0.546095550060272,0.136586740612984,-0.0406298041343689,0.362009823322296,-0.857402443885803,0.363537073135376
56.5014698505402,1,-0.489934831857681,-0.545896351337433,0.136541917920113,-0.0413658618927002,0.362053900957108,-0.85799103975296,0.362018436193466
56.5193359851837,1,-0.489826619625092,-0.545882940292358,0.136417508125305,-0.04230922088027,0.362214654684067,-0.858154714107513,0.361359894275665
56.5401880741119,1,-0.4896459877491,-0.545904994010925,0.136210724711418,-0.0428445301949978,0.362247377634048,-0.858040153980255,0.361536234617233
56.5662233829498,1,-0.489707350730896,-0.546013534069061,0.136279612779617,-0.0444035455584526,0.361760526895523,-0.857663750648499,0.362726837396622
56.5794758796692,1,-0.489612609148026,-0.545974433422089,0.136183455586433,-0.0446053519845009,0.360404878854752,-0.8575599193573,0.364293545484543
56.6000285148621,1,-0.489591658115387,-0.546698272228241,0.135901540517807,-0.0451664067804813,0.356021791696548,-0.857703328132629,0.3681760430336
56.6202681064606,1,-0.489408016204834,-0.546388626098633,0.135894566774368,-0.0435633324086666,0.353719234466553,-0.856890916824341,0.372455298900604
56.6435060501099,1,-0.4895099401474,-0.547021329402924,0.13576140999794,-0.0437322854995728,0.348353832960129,-0.856759071350098,0.37775781750679
56.6597418785095,1,-0.489602088928223,-0.546664237976074,0.136042147874832,-0.0409403368830681,0.347860872745514,-0.854614436626434,0.383342027664185
56.6798117160797,1,-0.48971551656723,-0.546326577663422,0.136266767978668,-0.0399578772485256,0.345173895359039,-0.854521572589874,0.386071532964706
56.7074906826019,1,-0.489707052707672,-0.546152472496033,0.13640733063221,-0.0391837693750858,0.342018574476242,-0.854055523872375,0.389970749616623
56.719712972641,1,-0.489701718091965,-0.545687615871429,0.136602804064751,-0.0385526493191719,0.340034902095795,-0.854770243167877,0.390202552080154
56.7407193183899,1,-0.489851653575897,-0.545477032661438,0.136839151382446,-0.0390611402690411,0.337849348783493,-0.855692684650421,0.390028476715088
56.7595300674438,1,-0.489906936883926,-0.544958174228668,0.137097135186195,-0.0389024503529072,0.336040288209915,-0.855775058269501,0.391423940658569
56.7843954563141,1,-0.490054100751877,-0.544497728347778,0.137341499328613,-0.0381339192390442,0.334080159664154,-0.855792880058289,0.393134564161301
56.801100730896,1,-0.490419119596481,-0.544667780399323,0.137604996562004,-0.0381032377481461,0.331038355827332,-0.85528302192688,0.396803110837936
56.8199968338013,1,-0.490670472383499,-0.544732213020325,0.137835875153542,-0.0375771149992943,0.327783763408661,-0.854681313037872,0.400831133127213
56.8414449691772,1,-0.490764021873474,-0.544791579246521,0.137931674718857,-0.0363838523626328,0.324654191732407,-0.853358149528503,0.406270682811737
56.8604888916016,1,-0.490927994251251,-0.54454094171524,0.138199687004089,-0.0357830934226513,0.321575850248337,-0.853242635726929,0.409005761146545
56.8801484107971,1,-0.491358637809753,-0.544883131980896,0.138386100530624,-0.0371661894023418,0.318338125944138,-0.853468954563141,0.410938262939453
56.9000446796417,1,-0.49160447716713,-0.544973909854889,0.138558313250542,-0.0378982350230217,0.315928280353546,-0.85391491651535,0.411803901195526
56.9313914775848,1,-0.491554737091064,-0.544645190238953,0.138690590858459,-0.0368864201009274,0.314208447933197,-0.853911757469177,0.413215637207031
56.9406077861786,1,-0.491562277078629,-0.544639527797699,0.138688504695892,-0.0362237431108952,0.312342911958694,-0.854004979133606,0.414494067430496
56.9601006507874,1,-0.491582125425339,-0.545013725757599,0.138590142130852,-0.0358431115746498,0.309887081384659,-0.854273676872253,0.415814608335495
57.0004353523254,1,-0.491553783416748,-0.544869303703308,0.138604938983917,-0.0348972827196121,0.308811902999878,-0.854156076908112,0.416935086250305
57.0013134479523,1,-0.491840988397598,-0.545331120491028,0.138495787978172,-0.0355646349489689,0.307079166173935,-0.854698717594147,0.417046517133713
57.022114276886,1,-0.492012679576874,-0.545537948608398,0.13844758272171,-0.0358141362667084,0.305335193872452,-0.854541480541229,0.418624877929688
57.040726184845,1,-0.492070376873016,-0.545468151569366,0.138438925147057,-0.0355673059821129,0.303355664014816,-0.853630483150482,0.421930551528931
57.0760657787323,1,-0.491999328136444,-0.545001804828644,0.138517379760742,-0.0346003919839859,0.301571428775787,-0.852477490901947,0.425605028867722
57.0814561843872,1,-0.492012351751328,-0.545643091201782,0.138418599963188,-0.035478413105011,0.296625018119812,-0.851399540901184,0.431130856275558
57.0999512672424,1,-0.492079168558121,-0.545768082141876,0.138485357165337,-0.0356830507516861,0.292059928178787,-0.850425958633423,0.436123251914978
57.1201169490814,1,-0.492250770330429,-0.546311020851135,0.138387098908424,-0.0364142060279846,0.286192148923874,-0.85007905960083,0.440605908632278
57.1508312225342,1,-0.49255707859993,-0.547520995140076,0.13823214173317,-0.0381451547145844,0.278425306081772,-0.850024938583374,0.445513039827347
57.1598975658417,1,-0.492768436670303,-0.548013389110565,0.138341978192329,-0.0386627577245235,0.271394491195679,-0.849762797355652,0.450281351804733
57.1808676719666,1,-0.492675364017487,-0.547758817672729,0.138400450348854,-0.0363084338605404,0.266337364912033,-0.84802120923996,0.456734448671341
57.2004046440125,1,-0.492189317941666,-0.545785188674927,0.138572260737419,-0.0297458730638027,0.264232814311981,-0.844872057437897,0.464206367731094
57.2286810874939,1,-0.492118209600449,-0.544697999954224,0.138776332139969,-0.0256543438881636,0.259677201509476,-0.842236578464508,0.471749126911163
57.2403771877289,1,-0.491896778345108,-0.544143259525299,0.138866245746613,-0.0217941999435425,0.254261523485184,-0.838401257991791,0.48162168264389
57.2607421875,1,-0.491902947425842,-0.544192969799042,0.138896882534027,-0.0202863048762083,0.247213780879974,-0.835718631744385,0.48994705080986
57.2909169197083,1,-0.492063492536545,-0.544210195541382,0.139011666178703,-0.0200144834816456,0.240013405680656,-0.833764553070068,0.49681955575943
57.2987012863159,1,-0.492051035165787,-0.544083476066589,0.139002695679665,-0.0193299483507872,0.233284905552864,-0.831780076026917,0.503335416316986
57.3193953037262,1,-0.492011338472366,-0.543870747089386,0.139066457748413,-0.0183797441422939,0.226012483239174,-0.829154193401337,0.510963618755341
57.3406641483307,1,-0.491932213306427,-0.542869746685028,0.139204308390617,-0.0154888713732362,0.21959462761879,-0.824478626251221,0.521319031715393
57.3586993217468,1,-0.491930276155472,-0.540694177150726,0.139389052987099,-0.00931666605174541,0.21462669968605,-0.816934168338776,0.535226404666901
57.3784527778625,1,-0.492066591978073,-0.538572669029236,0.139556854963303,-0.00283393310382962,0.20896390080452,-0.808427572250366,0.550246357917786
57.3989105224609,1,-0.492583274841309,-0.53619784116745,0.139774322509766,0.0039688553661108,0.203675761818886,-0.798473477363586,0.566516220569611
57.4272735118866,1,-0.492613554000854,-0.543155550956726,0.139511972665787,-0.0043202550150454,0.173962831497192,-0.791232764720917,0.586233019828796
57.438854932785,1,-0.492977261543274,-0.542595624923706,0.13949616253376,0.00023293039703276,0.163726702332497,-0.780210614204407,0.603709280490875
57.4590718746185,1,-0.493595659732819,-0.540225625038147,0.139477416872978,0.00732586812227964,0.15881372988224,-0.768302917480469,0.620028495788574
57.4802923202515,1,-0.493474870920181,-0.541523337364197,0.139520227909088,0.00821676384657621,0.144530549645424,-0.75782710313797,0.636192917823792
57.4987671375275,1,-0.4935282766819,-0.541947484016418,0.139597207307816,0.0103289280086756,0.133633717894554,-0.74859482049942,0.649338960647583
57.519104719162,1,-0.493687093257904,-0.541681110858917,0.139643728733063,0.0131685826927423,0.12533438205719,-0.739433348178864,0.661329209804535
57.5537359714508,1,-0.493721663951874,-0.54167377948761,0.139638513326645,0.0153463557362556,0.1174136698246,-0.731350064277649,0.671643972396851
57.5632619857788,1,-0.493858754634857,-0.541464865207672,0.139685213565826,0.0171127635985613,0.111426189541817,-0.723918378353119,0.680612683296204
57.5811703205109,1,-0.493848115205765,-0.542000830173492,0.139757752418518,0.0175809375941753,0.104501642286777,-0.718515694141388,0.687390387058258
57.599748134613,1,-0.494059860706329,-0.541743159294128,0.139723002910614,0.0185427721589804,0.0996893048286438,-0.712939262390137,0.693855881690979
57.6292817592621,1,-0.494102209806442,-0.541502773761749,0.139730602502823,0.019329009577632,0.0945170968770981,-0.707149088382721,0.700452148914337
57.6406543254852,1,-0.494047075510025,-0.541772902011871,0.139825850725174,0.0192539617419243,0.0878745093941689,-0.701197385787964,0.707269132137299
57.6611406803131,1,-0.494114458560944,-0.54200142621994,0.13982230424881,0.0192584414035082,0.0816696956753731,-0.694721102714539,0.714368104934692
57.6792004108429,1,-0.494305521249771,-0.5415980219841,0.139807537198067,0.0199943892657757,0.0770288184285164,-0.687985360622406,0.72134804725647
57.7098894119263,1,-0.494479894638062,-0.541837632656097,0.139926254749298,0.0195749513804913,0.0702437460422516,-0.680480003356934,0.729129374027252
57.7197110652924,1,-0.494760870933533,-0.541623830795288,0.139944300055504,0.0198570974171162,0.0643080696463585,-0.671491384506226,0.73794960975647
57.7394108772278,1,-0.494694381952286,-0.541735351085663,0.139888539910316,0.0199694447219372,0.0565299093723297,-0.661896884441376,0.747193574905396
57.7597846984863,1,-0.494713693857193,-0.541626393795013,0.139883577823639,0.0197972189635038,0.0493928864598274,-0.653238952159882,0.755279541015625
57.7841057777405,1,-0.495127946138382,-0.541381657123566,0.139845460653305,0.0187442768365145,0.0439602471888065,-0.646031737327576,0.761813044548035
57.8000395298004,1,-0.494948208332062,-0.541647017002106,0.139968499541283,0.0173995681107044,0.0366979315876961,-0.639484584331512,0.767730474472046
57.8198680877686,1,-0.495127618312836,-0.541013777256012,0.139636069536209,0.0179573763161898,0.0333057902753353,-0.634026527404785,0.77238517999649
57.8564693927765,1,-0.495190292596817,-0.541094720363617,0.139729931950569,0.0168365053832531,0.0279340818524361,-0.63059675693512,0.775424957275391
57.8635196685791,1,-0.495053648948669,-0.541391789913177,0.139958068728447,0.0154730957001448,0.0224532354623079,-0.626291930675507,0.779111683368683
57.8797855377197,1,-0.495084911584854,-0.541053116321564,0.139766722917557,0.0162590444087982,0.0198675971478224,-0.62080717086792,0.783542931079865
57.9024016857147,1,-0.495150357484818,-0.541160464286804,0.139838203787804,0.0157691985368729,0.0168426148593426,-0.616738498210907,0.786829948425293
57.9293565750122,1,-0.495403498411179,-0.541046798229218,0.139799401164055,0.0150795308873057,0.015855111181736,-0.613864660263062,0.789107918739319
57.9403102397919,1,-0.495411306619644,-0.541061699390411,0.139771267771721,0.0146987708285451,0.0155986491590738,-0.613625466823578,0.789306282997131
57.9597668647766,1,-0.495245754718781,-0.541217684745789,0.139814674854279,0.0140801407396793,0.0150224454700947,-0.614240884780884,0.788850009441376
57.9798905849457,1,-0.495134174823761,-0.541258096694946,0.139800325036049,0.0136444298550487,0.0153015786781907,-0.615166425704956,0.788130700588226
58.00639295578,1,-0.495274513959885,-0.541240632534027,0.139816790819168,0.0128905009478331,0.0165063608437777,-0.617129862308502,0.786582589149475
58.0201027393341,1,-0.495334148406982,-0.541041374206543,0.139748245477676,0.0128234904259443,0.0181483998894691,-0.618128061294556,0.785763263702393
58.0413112640381,1,-0.495216578245163,-0.540992200374603,0.139698192477226,0.0124976616352797,0.0189688988029957,-0.61816942691803,0.785716593265533
58.0650999546051,1,-0.495215207338333,-0.540954947471619,0.139702811837196,0.0118683567270637,0.0193447265774012,-0.61793577671051,0.785900950431824
58.0815761089325,1,-0.495251804590225,-0.540903210639954,0.139692366123199,0.0107774417847395,0.0203360430896282,-0.619147121906281,0.784937620162964
58.0999436378479,1,-0.495257794857025,-0.541099488735199,0.139707863330841,0.00848941318690777,0.0215717181563377,-0.622934997081757,0.781930148601532
58.1201729774475,1,-0.495326161384583,-0.540996134281158,0.139779552817345,0.00603629043325782,0.0233449134975672,-0.626626312732697,0.778946816921234
58.1525888442993,1,-0.495265811681747,-0.540917158126831,0.139815613627434,0.00442104646936059,0.0248827822506428,-0.629698991775513,0.776428043842316
58.1651372909546,1,-0.495221853256226,-0.540948688983917,0.139809504151344,0.00458919024094939,0.0250813886523247,-0.62953108549118,0.776556789875031
58.1831438541412,1,-0.495210736989975,-0.54091078042984,0.139686062932014,0.00647021317854524,0.0244436580687761,-0.626141667366028,0.779299259185791
58.1997718811035,1,-0.495307356119156,-0.540911614894867,0.139648720622063,0.00899526849389076,0.022384200245142,-0.620869517326355,0.783542633056641
58.2321796417236,1,-0.495198726654053,-0.540989100933075,0.139692842960358,0.0118448212742805,0.0186116080731153,-0.615050196647644,0.788179278373718
58.2422604560852,1,-0.495147824287415,-0.541112124919891,0.139701083302498,0.0124664530158043,0.0163278970867395,-0.614730656147003,0.788469552993774
58.2621786594391,1,-0.495331317186356,-0.540891826152802,0.13963870704174,0.0123187713325024,0.0154365953058004,-0.613922238349915,0.789119362831116
58.2905766963959,1,-0.495497524738312,-0.540849328041077,0.139695078134537,0.0117068625986576,0.0131046622991562,-0.608877301216125,0.793069779872894
58.3102951049805,1,-0.495557248592377,-0.540706753730774,0.139669433236122,0.011564502492547,0.0110991541296244,-0.602654874324799,0.79784095287323
58.3200535774231,1,-0.495324939489365,-0.540916383266449,0.139727801084518,0.0112862139940262,0.00799091812223196,-0.594497919082642,0.803978264331818
58.3396832942963,1,-0.495624780654907,-0.540708184242249,0.139652907848358,0.0114752734079957,0.00723417475819588,-0.586260497570038,0.810009002685547
58.3666515350342,1,-0.495875805616379,-0.540585935115814,0.139564618468285,0.0120091950520873,0.00666720792651176,-0.578598618507385,0.815496742725372
58.3819093704224,1,-0.495909988880157,-0.540586471557617,0.139549016952515,0.0129151483997703,0.0052071139216423,-0.570703506469727,0.82103818655014
58.401349067688,1,-0.495935052633286,-0.540738821029663,0.139654234051704,0.0141432425007224,0.00322077097371221,-0.563716351985931,0.825841009616852
58.4203448295593,1,-0.495667666196823,-0.540984988212585,0.139851659536362,0.0154528124257922,-0.000344737578416243,-0.556957900524139,0.830396950244904
58.4573519229889,1,-0.495983928442001,-0.540950775146484,0.139875501394272,0.0159319899976254,-0.00208954093977809,-0.551571011543274,0.833973169326782
58.4635500907898,1,-0.49643012881279,-0.540829241275787,0.139744535088539,0.0159068368375301,-0.00279458076693118,-0.54800283908844,0.836320638656616
58.4801542758942,1,-0.49622905254364,-0.540952026844025,0.139778673648834,0.0156681258231401,-0.0049560577608645,-0.545105397701263,0.838206470012665
58.5002007484436,1,-0.49604994058609,-0.540947198867798,0.139701798558235,0.0155604658648372,-0.00599222676828504,-0.542312860488892,0.840011179447174
58.5297553539276,1,-0.495969772338867,-0.541059851646423,0.139729887247086,0.0149519024416804,-0.00700463820248842,-0.540430009365082,0.841226994991302
58.5404026508331,1,-0.495926141738892,-0.541092038154602,0.139747604727745,0.0146204261109233,-0.00703361630439758,-0.539314687252045,0.84194803237915
58.56023478508,1,-0.4959497153759,-0.541085362434387,0.139722868800163,0.0145313693210483,-0.00651897536590695,-0.538914918899536,0.842209696769714
58.5824131965637,1,-0.495975196361542,-0.541076838970184,0.139694556593895,0.0145293558016419,-0.00569722196087241,-0.539398968219757,0.84190571308136
58.6019332408905,1,-0.495976060628891,-0.541055798530579,0.139698252081871,0.0146112460643053,-0.00516604725271463,-0.539906859397888,0.841582119464874
58.6202206611633,1,-0.495982795953751,-0.541021108627319,0.139693856239319,0.01477653067559,-0.00483036926016212,-0.539791524410248,0.841655194759369
58.6402587890625,1,-0.496045112609863,-0.541030883789062,0.139665246009827,0.0148789891973138,-0.00480293110013008,-0.538771748542786,0.842306733131409
58.6737203598022,1,-0.496093511581421,-0.540917158126831,0.139647722244263,0.0150019694119692,-0.00496775703504682,-0.53705108165741,0.843401670455933
58.6833572387695,1,-0.49601423740387,-0.540869057178497,0.13969013094902,0.0148583883419633,-0.00571464886888862,-0.535399675369263,0.844448924064636
58.7004179954529,1,-0.495826244354248,-0.540934920310974,0.139785096049309,0.0143693322315812,-0.00675952294841409,-0.533747911453247,0.845494627952576
58.72030210495,1,-0.495840847492218,-0.540899991989136,0.139783442020416,0.0138081479817629,-0.0065466626547277,-0.532784402370453,0.84611302614212
58.7483601570129,1,-0.495855838060379,-0.541033923625946,0.139759451150894,0.0128533570095897,-0.00598673988133669,-0.533678948879242,0.845568239688873
58.7598090171814,1,-0.495863169431686,-0.541041493415833,0.139765188097954,0.012021348811686,-0.00477208290249109,-0.535983026027679,0.844129681587219
58.7813739776611,1,-0.495765924453735,-0.541028320789337,0.139834821224213,0.0115229627117515,-0.00373634067364037,-0.538432240486145,0.842581748962402
58.8192346096039,1,-0.495856583118439,-0.541001319885254,0.139791503548622,0.0110639007762074,-0.00236131576821208,-0.539920926094055,0.841639697551727
58.8215608596802,1,-0.495935380458832,-0.540978968143463,0.139731973409653,0.0107422415167093,-0.00139139068778604,-0.540706276893616,0.841141700744629
58.8408546447754,1,-0.495960384607315,-0.540968477725983,0.13972432911396,0.0104966070502996,-0.00105166283901781,-0.540911376476288,0.841013431549072
58.8599984645844,1,-0.495963871479034,-0.540923595428467,0.139696732163429,0.010473039932549,-0.00109266466461122,-0.540929555892944,0.841001987457275
58.8813817501068,1,-0.495971620082855,-0.540930867195129,0.139693453907967,0.0103415427729487,-0.00123721291311085,-0.541530251502991,0.840616762638092
58.9070761203766,1,-0.49591788649559,-0.540968000888824,0.139700725674629,0.0102277332916856,-0.0015287910355255,-0.542428016662598,0.840038597583771
58.9212551116943,1,-0.495941936969757,-0.540962934494019,0.139670714735985,0.0101008526980877,-0.00140344235114753,-0.543323218822479,0.83946168422699
58.9398260116577,1,-0.495935559272766,-0.540967226028442,0.139668136835098,0.0100221009925008,-0.00126133672893047,-0.544181346893311,0.83890688419342
58.9730889797211,1,-0.496065378189087,-0.540834605693817,0.139583930373192,0.0101832775399089,-0.000300344690913334,-0.544992864131927,0.83837878704071
58.9839284420013,1,-0.496143311262131,-0.540759205818176,0.139543414115906,0.0103062018752098,0.000517148873768747,-0.545991003513336,0.837727546691895
59.0002989768982,1,-0.496161878108978,-0.540668070316315,0.139499858021736,0.0106634441763163,0.00128445017617196,-0.546373546123505,0.837472796440125
59.0201482772827,1,-0.496141821146011,-0.540623307228088,0.139502838253975,0.0108008412644267,0.00199724524281919,-0.546971499919891,0.837079226970673
59.0488426685333,1,-0.496114671230316,-0.540630102157593,0.139503166079521,0.0107071520760655,0.00256081647239625,-0.547844290733337,0.836507856845856
59.0596539974213,1,-0.496039748191833,-0.540633797645569,0.139512807130814,0.0106244497001171,0.00303755328059196,-0.548702836036682,0.835944414138794
59.0793471336365,1,-0.495968788862228,-0.540754675865173,0.1395273655653,0.0103199211880565,0.00341124390251935,-0.549738168716431,0.835266292095184
59.1004178524017,1,-0.49589267373085,-0.540871798992157,0.139557242393494,0.00992813799530268,0.00373937794938684,-0.551046252250671,0.834407329559326
59.1254959106445,1,-0.495862573385239,-0.540924668312073,0.139562636613846,0.00959750078618526,0.00426462898030877,-0.552198648452759,0.833646476268768
59.141450881958,1,-0.495820939540863,-0.540876388549805,0.139558121562004,0.00963769014924765,0.00463641621172428,-0.552470505237579,0.833463847637177
59.1609356403351,1,-0.495830923318863,-0.540815949440002,0.139541283249855,0.00982331205159426,0.00508446246385574,-0.552387654781342,0.833513975143433
59.1794545650482,1,-0.495819211006165,-0.540790796279907,0.139529973268509,0.0101977493613958,0.00529113179072738,-0.55210953950882,0.833692491054535
59.2034423351288,1,-0.495803266763687,-0.540747165679932,0.139492839574814,0.0108607318252325,0.00557006848976016,-0.551714301109314,0.833943843841553
59.2210569381714,1,-0.495909810066223,-0.540691375732422,0.139443024992943,0.0114502729848027,0.00600801128894091,-0.551208257675171,0.834267497062683
59.2404751777649,1,-0.495891392230988,-0.540727198123932,0.139447674155235,0.0120418202131987,0.00590802635997534,-0.550557851791382,0.834689259529114
59.2609372138977,1,-0.495788484811783,-0.540794372558594,0.13949191570282,0.0125562744215131,0.00549933407455683,-0.549639940261841,0.835289180278778
59.2809045314789,1,-0.495596617460251,-0.540993332862854,0.139583572745323,0.0127525730058551,0.00474474113434553,-0.548681497573853,0.835920810699463
59.3015894889832,1,-0.495601892471313,-0.541007280349731,0.139569237828255,0.0127703668549657,0.00513156643137336,-0.548573195934296,0.835989236831665
59.3203692436218,1,-0.495852887630463,-0.540665507316589,0.139431059360504,0.012811366468668,0.00708271143957973,-0.549787402153015,0.835176348686218
59.3469171524048,1,-0.495887011289597,-0.540630340576172,0.139426246285439,0.0120399761945009,0.00790457520633936,-0.55146199464798,0.834075808525085
59.3631565570831,1,-0.495795130729675,-0.540632843971252,0.139466479420662,0.0111557319760323,0.00827275030314922,-0.553086519241333,0.833008050918579
59.3795309066772,1,-0.495722025632858,-0.540747284889221,0.139496698975563,0.0102905938401818,0.00828737579286098,-0.554368436336517,0.832166492938995
59.3995397090912,1,-0.495667219161987,-0.540816187858582,0.139569759368896,0.00962254870682955,0.00820140726864338,-0.555262088775635,0.831579327583313
59.4328961372375,1,-0.495614141225815,-0.54077011346817,0.139566466212273,0.00954589992761612,0.00850680097937584,-0.555568516254425,0.831372439861298
59.4423131942749,1,-0.495548278093338,-0.540784001350403,0.139568507671356,0.00944490637630224,0.00880502536892891,-0.555750966072083,0.831248581409454
59.4613902568817,1,-0.495827585458755,-0.540608465671539,0.139459908008575,0.0092333760112524,0.0106736468151212,-0.556983530521393,0.830403625965118
59.479505777359,1,-0.496269106864929,-0.540247142314911,0.13920234143734,0.00898829940706491,0.014016792178154,-0.559882938861847,0.828404426574707
59.5076570510864,1,-0.495909243822098,-0.54046905040741,0.139302879571915,0.00848287809640169,0.0142526971176267,-0.562789618968964,0.826433837413788
59.5194187164307,1,-0.495555102825165,-0.540550351142883,0.139426276087761,0.00814886577427387,0.0151383625343442,-0.565559566020966,0.824528276920319
59.5407929420471,1,-0.495603442192078,-0.540684580802917,0.139498502016068,0.00725658843293786,0.016812676563859,-0.567335605621338,0.823283016681671
59.5782585144043,1,-0.495544344186783,-0.540976524353027,0.139527127146721,0.00649724109098315,0.0180215165019035,-0.568624913692474,0.822373926639557
59.5813894271851,1,-0.49536544084549,-0.54104346036911,0.139623954892159,0.00629698997363448,0.0190531555563211,-0.569787800312042,0.821546912193298
59.6003262996674,1,-0.495425194501877,-0.540911614894867,0.139603793621063,0.00591129995882511,0.0207892172038555,-0.571041405200958,0.820636749267578
59.6202023029327,1,-0.495434433221817,-0.540990829467773,0.139610350131989,0.00472722016274929,0.0216240510344505,-0.572628438472748,0.819516181945801
59.6511988639832,1,-0.495485454797745,-0.540968656539917,0.139606416225433,0.00368273630738258,0.0219594724476337,-0.573034346103668,0.819228827953339
59.6612067222595,1,-0.495342314243317,-0.541036367416382,0.139667183160782,0.00291736074723303,0.0208934172987938,-0.571884453296661,0.820062935352325
59.6804876327515,1,-0.495466023683548,-0.540967285633087,0.139614075422287,0.0022388850338757,0.0202125832438469,-0.569706737995148,0.821596384048462
59.6993997097015,1,-0.495914310216904,-0.540632128715515,0.139393508434296,0.00185172690544277,0.0204785317182541,-0.567393064498901,0.823190331459045
59.72864985466,1,-0.495950728654861,-0.54062682390213,0.139376685023308,0.00169450812973082,0.0189781952649355,-0.56562215089798,0.82444441318512
59.7404148578644,1,-0.495999693870544,-0.540596604347229,0.139309912919998,0.00192824157420546,0.0174707323312759,-0.563935399055481,0.825631856918335
59.7598693370819,1,-0.496225237846375,-0.540438771247864,0.139220416545868,0.002189981052652,0.0173609554767609,-0.562851130962372,0.826373040676117
59.8022360801697,1,-0.496366113424301,-0.540479838848114,0.139196217060089,0.00200029276311398,0.0175592452287674,-0.563138425350189,0.826173603534698
59.8031411170959,1,-0.496378839015961,-0.540537059307098,0.139319196343422,0.00118503207340837,0.0181197933852673,-0.56441730260849,0.825289964675903
59.8200018405914,1,-0.496198028326035,-0.540413558483124,0.139356717467308,0.000719673873391002,0.0203637182712555,-0.565093636512756,0.824775099754333
59.8402128219604,1,-0.495360821485519,-0.540749192237854,0.139495015144348,2.8198159270687e-05,0.0208580195903778,-0.566143155097961,0.824042975902557
59.8760437965393,1,-0.495346248149872,-0.540680408477783,0.139402091503143,-0.000454311171779409,0.0235762894153595,-0.568771541118622,0.822157442569733
59.8838262557983,1,-0.495340704917908,-0.540597379207611,0.13937346637249,-0.0012130057439208,0.025474414229393,-0.572346448898315,0.819615364074707
59.899786233902,1,-0.495303928852081,-0.540643811225891,0.139446467161179,-0.00272781029343605,0.0261409822851419,-0.575372278690338,0.817469239234924
59.9238386154175,1,-0.495423555374146,-0.540721774101257,0.139437228441238,-0.00434734905138612,0.0267278198152781,-0.57740443944931,0.816009104251862
59.9387881755829,1,-0.495776772499084,-0.540618658065796,0.139441758394241,-0.00585200265049934,0.0272365510463715,-0.579079210758209,0.814795196056366
59.9603304862976,1,-0.495777934789658,-0.540746748447418,0.139547869563103,-0.00711129419505596,0.025545222684741,-0.579103589057922,0.814822733402252
59.9791393280029,1,-0.49581590294838,-0.540612876415253,0.139527082443237,-0.0075806132517755,0.0245474111288786,-0.578154921531677,0.815522491931915
59.9994447231293,1,-0.495627135038376,-0.540769338607788,0.139516606926918,-0.00796839036047459,0.0225375089794397,-0.57677298784256,0.816554665565491
60.0246562957764,1,-0.49572491645813,-0.540656983852386,0.13936984539032,-0.00826047360897064,0.0221483297646046,-0.576453030109406,0.81678831577301
60.0394594669342,1,-0.495865195989609,-0.540431141853333,0.139245018362999,-0.00879638642072678,0.0221651364117861,-0.577473759651184,0.816060900688171
60.0593054294586,1,-0.495791465044022,-0.540499210357666,0.139281556010246,-0.00967550091445446,0.0213087070733309,-0.579065680503845,0.814944982528687
60.0789971351624,1,-0.495613366365433,-0.540676832199097,0.139301508665085,-0.0107284635305405,0.0201868284493685,-0.580599844455719,0.813868045806885
60.0989601612091,1,-0.495058596134186,-0.541070282459259,0.139477148652077,-0.011467925272882,0.0177617929875851,-0.581604361534119,0.813196957111359
60.1188235282898,1,-0.494981735944748,-0.540982961654663,0.139457240700722,-0.0118101323023438,0.0173707418143749,-0.58194100856781,0.812959671020508
60.1430244445801,1,-0.494941800832748,-0.540913701057434,0.139439150691032,-0.0119258742779493,0.0170108545571566,-0.582507729530334,0.812559604644775
60.1601123809814,1,-0.494992256164551,-0.540803194046021,0.139426991343498,-0.0118808439001441,0.0169565193355083,-0.583673715591431,0.811724245548248
60.1792879104614,1,-0.495141893625259,-0.540624976158142,0.139366656541824,-0.0117354076355696,0.0172738190740347,-0.585105538368225,0.810688316822052
60.2089126110077,1,-0.495218187570572,-0.54058837890625,0.139351040124893,-0.0117150982841849,0.0171983018517494,-0.586512386798859,0.809672892093658
60.2191939353943,1,-0.495332449674606,-0.540541052818298,0.139312356710434,-0.0115129398182034,0.0172557383775711,-0.587890684604645,0.808674335479736
60.2399694919586,1,-0.495563089847565,-0.540431678295135,0.139226377010345,-0.0111431004479527,0.0179329998791218,-0.589599788188934,0.807419538497925
60.2765927314758,1,-0.495726525783539,-0.540244042873383,0.139142245054245,-0.0108416611328721,0.0185700338333845,-0.591041386127472,0.806354582309723
60.2806560993195,1,-0.49574288725853,-0.540249109268188,0.139134287834167,-0.0108919013291597,0.0187163930386305,-0.592567324638367,0.805229783058167
60.2994050979614,1,-0.495705425739288,-0.540381908416748,0.139141038060188,-0.0113967973738909,0.0188706032931805,-0.594351530075073,0.803903162479401
60.3217992782593,1,-0.495093584060669,-0.541041970252991,0.139400333166122,-0.0122429933398962,0.0167430117726326,-0.596250534057617,0.802530407905579
60.3515396118164,1,-0.495082855224609,-0.541062891483307,0.139382585883141,-0.01222238317132,0.0171811580657959,-0.59738963842392,0.801673948764801
60.3598268032074,1,-0.4951451420784,-0.541017591953278,0.139357149600983,-0.0116340098902583,0.0171670652925968,-0.596739053726196,0.802167356014252
60.3795564174652,1,-0.49544495344162,-0.540588080883026,0.139237701892853,-0.0103491926565766,0.0179120358079672,-0.594887733459473,0.80354255437851
60.4054424762726,1,-0.495568871498108,-0.540325999259949,0.139146789908409,-0.0087444307282567,0.0174885895103216,-0.592376410961151,0.805424094200134
60.4260010719299,1,-0.495243936777115,-0.54099041223526,0.139329895377159,-0.00813466403633356,0.0141643807291985,-0.591018080711365,0.806492924690247
60.440762758255,1,-0.495577186346054,-0.540568888187408,0.139256566762924,-0.00660667382180691,0.0144084393978119,-0.588807344436646,0.808118045330048
60.4601314067841,1,-0.495940119028091,-0.540558516979218,0.139195367693901,-0.00626028561964631,0.0147487754002213,-0.588518977165222,0.808324635028839
60.4923911094666,1,-0.495857566595078,-0.540641665458679,0.139216974377632,-0.00564755639061332,0.0140323853120208,-0.588067650794983,0.808670282363892
60.5033237934113,1,-0.495757967233658,-0.540722966194153,0.139203324913979,-0.00489632040262222,0.0135700572282076,-0.587673425674438,0.808969616889954
60.5200634002686,1,-0.495672106742859,-0.540778756141663,0.139205321669579,-0.00443488964810967,0.0131354127079248,-0.587459623813629,0.809134721755981
60.5458936691284,1,-0.495610028505325,-0.540854036808014,0.139250487089157,-0.00426144106313586,0.0127974823117256,-0.587785005569458,0.808904767036438
60.5631909370422,1,-0.495610743761063,-0.540726959705353,0.139246851205826,-0.00393865630030632,0.0128530785441399,-0.58821040391922,0.808596253395081
60.5808925628662,1,-0.495547980070114,-0.540612161159515,0.139250800013542,-0.00370047427713871,0.0125211058184505,-0.588448464870453,0.808429360389709
60.6001718044281,1,-0.495585262775421,-0.540574193000793,0.139244198799133,-0.00370317627675831,0.0121127981692553,-0.588565051555634,0.808350682258606
60.6318950653076,1,-0.495639115571976,-0.540591597557068,0.139242917299271,-0.00358345918357372,0.011476737447083,-0.588407337665558,0.808475255966187
60.6427001953125,1,-0.495472818613052,-0.540676534175873,0.139276713132858,-0.00286653055809438,0.0101808803156018,-0.587813854217529,0.808926999568939
60.6589739322662,1,-0.495149523019791,-0.541052877902985,0.139363706111908,-0.00223612342961133,0.0081186480820179,-0.586778342723846,0.809703826904297
60.6799104213715,1,-0.495079576969147,-0.541033029556274,0.139423683285713,-0.00124156125821173,0.00739349890500307,-0.585625052452087,0.810547351837158
60.6991658210754,1,-0.49505090713501,-0.540829658508301,0.139352232217789,6.72639507683925e-05,0.00743504567071795,-0.585397243499756,0.810712516307831
60.723459482193,1,-0.495339870452881,-0.540598392486572,0.139312654733658,0.000714521622285247,0.00852211099117994,-0.585551917552948,0.810589790344238
60.7398791313171,1,-0.495494931936264,-0.540589392185211,0.139269709587097,0.00100122566800565,0.00896256789565086,-0.586274981498718,0.810061991214752
60.7641048431396,1,-0.49557489156723,-0.540766298770905,0.13925176858902,0.000983349978923798,0.00905975699424744,-0.586851179599762,0.809643566608429
60.7803978919983,1,-0.495444267988205,-0.540700078010559,0.139219552278519,0.00143628136720508,0.00873207859694958,-0.586533606052399,0.809876620769501
60.7989780902863,1,-0.49528893828392,-0.540628731250763,0.13926874101162,0.00165031931828707,0.0077532734721899,-0.58616429567337,0.810153424739838
60.8260369300842,1,-0.495348274707794,-0.540472388267517,0.139243304729462,0.00180505844764411,0.00677768839523196,-0.586255431175232,0.810095906257629
60.8395097255707,1,-0.495294898748398,-0.540819466114044,0.139236733317375,0.00142281176522374,0.00512031093239784,-0.586956381797791,0.809601128101349
60.8588166236877,1,-0.495223462581635,-0.541016757488251,0.139256432652473,0.00120350928045809,0.00379408313892782,-0.587301909923553,0.809358179569244
60.8832659721375,1,-0.494966924190521,-0.54109925031662,0.139326348900795,0.00116437510587275,0.00260557257570326,-0.587218165397644,0.809423685073853
60.8994975090027,1,-0.495059549808502,-0.54090940952301,0.13934588432312,0.000976051727775484,0.00227145967073739,-0.58705735206604,0.809541642665863
60.9191555976868,1,-0.495280265808105,-0.541305243968964,0.139358192682266,-0.000433031120337546,0.00173880986403674,-0.587801814079285,0.809002995491028
60.9396615028381,1,-0.494772225618362,-0.541180729866028,0.139410853385925,-0.000385539897251874,0.000657354656141251,-0.588110327720642,0.808780372142792
60.9600076675415,1,-0.49477431178093,-0.540764927864075,0.139372140169144,-0.000598119746427983,0.00109738472383469,-0.589464366436005,0.807793438434601
60.9978513717651,1,-0.495103597640991,-0.540492594242096,0.139255926012993,-0.00111316796392202,0.00206815265119076,-0.591093361377716,0.806599736213684
61.0010983943939,1,-0.495291829109192,-0.540737807750702,0.139204144477844,-0.00177813728805631,0.00177277030888945,-0.592383027076721,0.805652678012848
61.0208194255829,1,-0.49493807554245,-0.540925025939941,0.139201745390892,-0.00150009931530803,0.000647944980300963,-0.592653453350067,0.805455982685089
61.0398139953613,1,-0.494989722967148,-0.540576219558716,0.139281868934631,-0.000630957598332316,0.000563958950806409,-0.592020213603973,0.805922746658325
61.0598442554474,1,-0.495251268148422,-0.540890455245972,0.139278903603554,-0.000441529613453895,0.000639954931102693,-0.591813325881958,0.806074678897858
61.0808544158936,1,-0.494754910469055,-0.54116290807724,0.139296025037766,0.000344362837495282,-0.000133476758492179,-0.591452479362488,0.806339800357819
61.0995864868164,1,-0.494838953018188,-0.540669202804565,0.139229208230972,0.00103128491900861,0.00135041400790215,-0.592167377471924,0.805813193321228
61.1227753162384,1,-0.495107859373093,-0.540835559368134,0.139209941029549,-5.43846581422258e-05,0.00206537544727325,-0.59393972158432,0.804506838321686
61.1394140720367,1,-0.495101124048233,-0.540927469730377,0.139188826084137,-0.000926084583625197,0.00202474510297179,-0.595601201057434,0.803277254104614
61.1593542098999,1,-0.49516761302948,-0.54070770740509,0.139127135276794,-0.00134318752679974,0.00257205800153315,-0.596945822238922,0.802276432514191
61.1828734874725,1,-0.495369553565979,-0.540739119052887,0.139081582427025,-0.00249941158108413,0.00262742885388434,-0.598509132862091,0.801107823848724
61.1999695301056,1,-0.495388686656952,-0.541106939315796,0.139121025800705,-0.00381199945695698,0.00180205202195793,-0.599516749382019,0.800351083278656
61.2200553417206,1,-0.495141476392746,-0.541180491447449,0.139078468084335,-0.00419866200536489,0.00139470922295004,-0.600075781345367,0.799930930137634
61.2471001148224,1,-0.495014995336533,-0.540895819664001,0.139138132333755,-0.00444159097969532,0.00117337191477418,-0.60019862651825,0.79983788728714
61.2592034339905,1,-0.495387852191925,-0.541032135486603,0.139061242341995,-0.00528084253892303,0.00164058641530573,-0.600352466106415,0.799716413021088
61.2792401313782,1,-0.495218634605408,-0.541346311569214,0.139059960842133,-0.00555316591635346,0.00124102353584021,-0.599741399288177,0.800173699855804
61.3095014095306,1,-0.495072275400162,-0.5410236120224,0.139078795909882,-0.00493397936224937,0.00123312510550022,-0.598633766174316,0.801006734371185
61.3193736076355,1,-0.495235085487366,-0.541136145591736,0.139056861400604,-0.00540082110092044,0.00109384919051081,-0.597841024398804,0.801595747470856
61.3393244743347,1,-0.495005339384079,-0.541385769844055,0.139101266860962,-0.00611548777669668,0.000577608414459974,-0.597569227218628,0.801793813705444
61.3721120357513,1,-0.494794279336929,-0.540848195552826,0.139132589101791,-0.00621601799502969,0.000378100870875642,-0.597782850265503,0.801633894443512
61.3829588890076,1,-0.495346903800964,-0.540600061416626,0.13904981315136,-0.00739607959985733,0.00140546879265457,-0.598932206630707,0.800764322280884
61.4001648426056,1,-0.495090216398239,-0.541063725948334,0.139188706874847,-0.00869014859199524,0.000172862302861176,-0.599549472332001,0.800290644168854
61.4373352527618,1,-0.494782388210297,-0.540598392486572,0.139183193445206,-0.00840415991842747,0.000117297473479994,-0.5990269780159,0.800684690475464
61.4421970844269,1,-0.495219379663467,-0.540389001369476,0.139037653803825,-0.00899861287325621,0.00142668921034783,-0.598885059356689,0.800783216953278
61.460328578949,1,-0.495091557502747,-0.540791809558868,0.139061853289604,-0.00973694398999214,0.00130027590785176,-0.598892390727997,0.8007692694664
61.4804425239563,1,-0.494719833135605,-0.540597021579742,0.139026820659637,-0.00949643086642027,0.00136030104476959,-0.5989750623703,0.800710141658783
61.5010890960693,1,-0.495209485292435,-0.540473222732544,0.138943701982498,-0.0102549642324448,0.00270257820375264,-0.599906980991364,0.799999594688416
61.5195710659027,1,-0.495069682598114,-0.540907382965088,0.138981282711029,-0.0111318044364452,0.00218516681343317,-0.600565135478973,0.79949539899826
61.5411996841431,1,-0.494734793901443,-0.540985643863678,0.138993948698044,-0.011827209033072,0.0015913350507617,-0.601243317127228,0.798976898193359
61.5643208026886,1,-0.495010435581207,-0.540974497795105,0.139012798666954,-0.0130672687664628,0.00197236472740769,-0.602133274078369,0.798286199569702
61.5796284675598,1,-0.495046705007553,-0.541072726249695,0.138953611254692,-0.0140982363373041,0.00241139600984752,-0.60259598493576,0.797918260097504
61.6014654636383,1,-0.494960218667984,-0.540708124637604,0.138909250497818,-0.0144697055220604,0.00320279621519148,-0.602741777896881,0.797798752784729
61.6371717453003,1,-0.495235800743103,-0.540580928325653,0.138925388455391,-0.0149712255224586,0.00368428672663867,-0.602931797504425,0.797643780708313
61.6419339179993,1,-0.495336264371872,-0.540717840194702,0.138828203082085,-0.014960378408432,0.00421749334782362,-0.603257656097412,0.797394931316376
61.6605472564697,1,-0.494892746210098,-0.540553867816925,0.138871729373932,-0.0144049981608987,0.00386059447191656,-0.602698266506195,0.797829747200012
61.6803658008575,1,-0.495329707860947,-0.540365517139435,0.138899207115173,-0.0144988913089037,0.00475547090172768,-0.602607488632202,0.797891855239868
61.7006738185883,1,-0.495238661766052,-0.540857195854187,0.138855323195457,-0.0144581375643611,0.00426535634323955,-0.602616190910339,0.79788875579834
61.7214801311493,1,-0.494904577732086,-0.540790736675262,0.138888463377953,-0.0140982521697879,0.00368189555592835,-0.601853370666504,0.798473656177521
61.7394771575928,1,-0.495065212249756,-0.54091876745224,0.139061093330383,-0.0148665243759751,0.00290662911720574,-0.600880920886993,0.799194991588593
61.760422706604,1,-0.495067536830902,-0.54106479883194,0.138972118496895,-0.0152554241940379,0.0025884083006531,-0.600644588470459,0.799366414546967
61.7952244281769,1,-0.494899451732635,-0.540472030639648,0.138777405023575,-0.0149332266300917,0.00327874743379653,-0.601271748542786,0.798898279666901
61.8007848262787,1,-0.495244354009628,-0.540363311767578,0.138831198215485,-0.0162077993154526,0.00388460117392242,-0.601632595062256,0.798599004745483
61.8200418949127,1,-0.495159327983856,-0.54052722454071,0.138719633221626,-0.0166419669985771,0.00398380216211081,-0.601971924304962,0.798333883285522
61.8402106761932,1,-0.495168775320053,-0.540021121501923,0.138633534312248,-0.0156544856727123,0.00483526568859816,-0.601622104644775,0.798612892627716
61.871682882309,1,-0.495453119277954,-0.540613949298859,0.138780027627945,-0.0168120302259922,0.00455278204753995,-0.600983440876007,0.799071729183197
61.8803780078888,1,-0.494921058416367,-0.540874540805817,0.138833284378052,-0.016214232891798,0.00350839039310813,-0.600147664546967,0.799717128276825
61.9004936218262,1,-0.495182245969772,-0.540186762809753,0.138745754957199,-0.0151804182678461,0.00504493108019233,-0.599636077880859,0.800112962722778
61.9195394515991,1,-0.495341390371323,-0.540622234344482,0.138760089874268,-0.0160141121596098,0.00501957815140486,-0.599984049797058,0.799835979938507
61.9465293884277,1,-0.495140939950943,-0.540414452552795,0.138701051473618,-0.016350606456399,0.00566183915361762,-0.600740671157837,0.799256682395935
61.9601237773895,1,-0.49556890130043,-0.540017783641815,0.138596922159195,-0.0166966039687395,0.00726483250036836,-0.60170578956604,0.798510253429413
61.98051404953,1,-0.495080560445786,-0.540317833423615,0.138613775372505,-0.0170242227613926,0.00653293170034885,-0.602503776550293,0.797907710075378
62.0016601085663,1,-0.495229065418243,-0.539984464645386,0.138639718294144,-0.0175770837813616,0.00734821613878012,-0.602912664413452,0.797579646110535
62.0276620388031,1,-0.495427161455154,-0.540238797664642,0.138560384511948,-0.0181486420333385,0.00788386445492506,-0.603342652320862,0.797236621379852
62.0398933887482,1,-0.49506464600563,-0.5401850938797,0.138675674796104,-0.0181718952953815,0.00728601170703769,-0.603943765163422,0.796786487102509
62.0603792667389,1,-0.495485544204712,-0.540563225746155,0.138685509562492,-0.0197164658457041,0.00766571937128901,-0.604668259620667,0.796196460723877
62.0988922119141,1,-0.494768410921097,-0.540856003761292,0.1387779712677,-0.0197704769670963,0.00618491461500525,-0.604599118232727,0.796260595321655
62.0996630191803,1,-0.495488584041595,-0.540699422359467,0.138708651065826,-0.0206237230449915,0.00793228950351477,-0.604122161865234,0.796585321426392
62.1198852062225,1,-0.494888037443161,-0.540813207626343,0.13875912129879,-0.0206593237817287,0.00688085844740272,-0.603997766971588,0.796688497066498
62.1402742862701,1,-0.495556622743607,-0.540494501590729,0.138745963573456,-0.0214886423200369,0.00819965824484825,-0.604980051517487,0.795908451080322
62.1694505214691,1,-0.495028555393219,-0.540649950504303,0.138733550906181,-0.0217178519815207,0.00743973022326827,-0.605404078960419,0.795587122440338
62.1794285774231,1,-0.495591372251511,-0.540537536144257,0.138740316033363,-0.0226345043629408,0.0085401376709342,-0.605772018432617,0.795270442962646
62.1996731758118,1,-0.495198518037796,-0.540311455726624,0.138621971011162,-0.0220500715076923,0.00880400836467743,-0.605437874794006,0.795538306236267
62.2390124797821,1,-0.49559074640274,-0.540300369262695,0.138604119420052,-0.0227727647870779,0.00941550359129906,-0.60524046421051,0.795661270618439
62.2418293952942,1,-0.495075851678848,-0.53996616601944,0.138458445668221,-0.0221449583768845,0.00969152897596359,-0.604680180549622,0.796101450920105
62.2593619823456,1,-0.495435059070587,-0.540344715118408,0.138484835624695,-0.0237223524600267,0.00971774011850357,-0.605098128318787,0.795738101005554
62.2797300815582,1,-0.495165228843689,-0.539458394050598,0.138368800282478,-0.0226282924413681,0.0110914232209325,-0.605020582675934,0.79581093788147
62.3102698326111,1,-0.495095074176788,-0.54021805524826,0.138364315032959,-0.0239373240619898,0.0101920366287231,-0.605087101459503,0.795734107494354
62.3198029994965,1,-0.495625168085098,-0.540039837360382,0.138385713100433,-0.0252866875380278,0.0114365480840206,-0.605590283870697,0.795292615890503
62.3398263454437,1,-0.495375216007233,-0.540483117103577,0.138410776853561,-0.0256581343710423,0.010981903411448,-0.605649173259735,0.795242190361023
62.3799047470093,1,-0.495879590511322,-0.540130198001862,0.138477087020874,-0.0259640067815781,0.0121033815667033,-0.605883061885834,0.795037865638733
62.3809823989868,1,-0.495106607675552,-0.539749503135681,0.138385057449341,-0.0244502536952496,0.0119334673509002,-0.605337679386139,0.795503795146942
62.4001121520996,1,-0.495448887348175,-0.54038393497467,0.138414651155472,-0.0264382045716047,0.0120922215282917,-0.605766773223877,0.795111000537872
62.4197325706482,1,-0.495084792375565,-0.540345132350922,0.138657450675964,-0.027130926027894,0.0115877445787191,-0.606373071670532,0.794632911682129
62.4532887935638,1,-0.494703143835068,-0.541052281856537,0.138867527246475,-0.0279449447989464,0.0108129093423486,-0.607521176338196,0.793738186359406
62.4632523059845,1,-0.495173245668411,-0.540595054626465,0.138779997825623,-0.0275033321231604,0.0129004120826721,-0.608686685562134,0.792828917503357
62.4806532859802,1,-0.494609653949738,-0.539862453937531,0.138574317097664,-0.025175029411912,0.0144904823973775,-0.60862272977829,0.792927980422974
62.4996716976166,1,-0.494568467140198,-0.540599346160889,0.138492226600647,-0.0264544524252415,0.0139195257797837,-0.608711183071136,0.792828619480133
62.526914358139,1,-0.495332300662994,-0.54060435295105,0.138536334037781,-0.02844606526196,0.0161057524383068,-0.609059453010559,0.792450666427612
62.5398406982422,1,-0.494898766279221,-0.541007459163666,0.138633102178574,-0.0283562615513802,0.0156625583767891,-0.608789145946503,0.792670488357544
62.5601103305817,1,-0.495212286710739,-0.540286362171173,0.138435184955597,-0.0267737470567226,0.0182224400341511,-0.609415769577026,0.792189121246338
62.5805258750916,1,-0.494943797588348,-0.539839029312134,0.138334050774574,-0.0248752385377884,0.0201552342623472,-0.610764920711517,0.791164457798004
62.6025342941284,1,-0.495372235774994,-0.540574669837952,0.138456553220749,-0.0262420792132616,0.020919905975461,-0.611510694026947,0.790524184703827
62.6201157569885,1,-0.495751440525055,-0.540258884429932,0.138492181897163,-0.0259434506297112,0.0223461706191301,-0.612028479576111,0.790094256401062
62.6401934623718,1,-0.495163768529892,-0.540123283863068,0.138182610273361,-0.0241603907197714,0.0224542487412691,-0.611756265163422,0.790358483791351
62.6624858379364,1,-0.49522277712822,-0.541009306907654,0.138313859701157,-0.0255387835204601,0.0213987529277802,-0.611692249774933,0.790393948554993
62.6859002113342,1,-0.495624393224716,-0.540700852870941,0.138331443071365,-0.025557778775692,0.023505887016654,-0.612017810344696,0.790081381797791
62.7003314495087,1,-0.495145946741104,-0.541178405284882,0.138531520962715,-0.0246257875114679,0.0229933932423592,-0.611823856830597,0.790276229381561
62.719824552536,1,-0.495461583137512,-0.540120780467987,0.138399392366409,-0.0218226592987776,0.0257204100489616,-0.612041532993317,0.790105998516083
62.7503890991211,1,-0.494488120079041,-0.539829730987549,0.138463318347931,-0.0191931892186403,0.0253390688449144,-0.611515045166016,0.790593981742859
62.7609794139862,1,-0.495242327451706,-0.540646076202393,0.138434693217278,-0.0205083675682545,0.0264394711703062,-0.611575901508331,0.790477871894836
62.7801623344421,1,-0.495780915021896,-0.540336310863495,0.138457357883453,-0.0199525654315948,0.0279362481087446,-0.611367464065552,0.790601849555969
62.7997636795044,1,-0.495191246271133,-0.540674269199371,0.138365343213081,-0.017689311876893,0.0266954526305199,-0.610363602638245,0.791473686695099
62.8325223922729,1,-0.495410323143005,-0.540501177310944,0.138295397162437,-0.0151510667055845,0.0274719316512346,-0.609431266784668,0.792217910289764
62.842188835144,1,-0.494973838329315,-0.540190935134888,0.13836207985878,-0.0115127488970757,0.0279588848352432,-0.608495593070984,0.792981028556824
62.8603074550629,1,-0.495717525482178,-0.540607452392578,0.138402611017227,-0.0103780822828412,0.029669551178813,-0.6077960729599,0.793470859527588
62.8798818588257,1,-0.495725959539413,-0.540087759494781,0.138404697179794,-0.00633641425520182,0.031191349029541,-0.60698390007019,0.794076561927795
62.9101672172546,1,-0.494867920875549,-0.540490686893463,0.138339042663574,-0.00240814103744924,0.0302007421851158,-0.605061411857605,0.795602262020111
62.9213771820068,1,-0.495209634304047,-0.540748417377472,0.138476565480232,-5.27468109794427e-05,0.0314617045223713,-0.603934407234192,0.796412825584412
62.940390586853,1,-0.495086014270782,-0.540635585784912,0.138554722070694,0.00289013446308672,0.0331378318369389,-0.603939354419708,0.796335875988007
62.9598805904388,1,-0.495691686868668,-0.540888905525208,0.138366043567657,0.00501172384247184,0.0359712913632393,-0.604972720146179,0.795417487621307
62.9856028556824,1,-0.495958209037781,-0.54026997089386,0.138358578085899,0.00728063425049186,0.0386509150266647,-0.605043172836304,0.795220613479614
63.0002524852753,1,-0.49499386548996,-0.540482044219971,0.138441368937492,0.00988868251442909,0.0380390360951424,-0.603875517845154,0.796109139919281
63.0197157859802,1,-0.495440691709518,-0.540824890136719,0.13836844265461,0.0101399505510926,0.0395002663135529,-0.603596091270447,0.796246647834778
63.0607097148895,1,-0.495381861925125,-0.540590107440948,0.138526275753975,0.0118915997445583,0.0407688803970814,-0.603195667266846,0.796461880207062
63.0621230602264,1,-0.495419889688492,-0.541125774383545,0.138482049107552,0.013375936076045,0.0411787778139114,-0.602623701095581,0.796850144863129
63.0810663700104,1,-0.49515163898468,-0.540655374526978,0.138584762811661,0.0166351534426212,0.0421419553458691,-0.60252571105957,0.796812474727631
63.1002857685089,1,-0.494937896728516,-0.540759742259979,0.138475403189659,0.0193295069038868,0.0437910780310631,-0.602162897586823,0.796936929225922
63.1369302272797,1,-0.495776385068893,-0.541025042533875,0.138432189822197,0.0203457791358232,0.0467345379292965,-0.602034747600555,0.796841263771057
63.1406178474426,1,-0.495481222867966,-0.541008651256561,0.138595953583717,0.0224132090806961,0.0473393388092518,-0.601596832275391,0.797080874443054
63.1604442596436,1,-0.49529293179512,-0.540996253490448,0.138441562652588,0.0254380982369184,0.0489805564284325,-0.60202431678772,0.796568036079407
63.1798467636108,1,-0.495464324951172,-0.540385067462921,0.138406589627266,0.027427339926362,0.0515716038644314,-0.602378726005554,0.796070337295532
63.2151412963867,1,-0.494740217924118,-0.540678203105927,0.138527855277061,0.0286223944276571,0.0511669218540192,-0.602480411529541,0.795977413654327
63.2244186401367,1,-0.495452165603638,-0.541098892688751,0.138466969132423,0.0276361387223005,0.0524647198617458,-0.602910459041595,0.795602142810822
63.2398519515991,1,-0.495434552431107,-0.540643155574799,0.138548776507378,0.029232032597065,0.0535741299390793,-0.603028833866119,0.795381367206573
63.2598197460175,1,-0.495270788669586,-0.540948987007141,0.138470873236656,0.0303811002522707,0.0529782436788082,-0.60310959815979,0.795317053794861
63.2847304344177,1,-0.495281964540482,-0.540584743022919,0.138471826910973,0.0320137999951839,0.0537350885570049,-0.602676630020142,0.795530438423157
63.2987060546875,1,-0.494963020086288,-0.540951550006866,0.138474002480507,0.0328207239508629,0.0533948726952076,-0.602689921855927,0.795510351657867
63.3194150924683,1,-0.495696783065796,-0.541042864322662,0.138428494334221,0.0326682440936565,0.0552796497941017,-0.603461682796478,0.794802486896515
63.3398044109344,1,-0.495795369148254,-0.540550351142883,0.138372614979744,0.0342228412628174,0.0571181587874889,-0.60427188873291,0.793991029262543
63.358784198761,1,-0.495714724063873,-0.540762662887573,0.138246387243271,0.0352181047201157,0.0578714869916439,-0.605284810066223,0.793120980262756
63.3818378448486,1,-0.495645493268967,-0.540465772151947,0.138280034065247,0.0364379212260246,0.0588019639253616,-0.605639636516571,0.792726397514343
63.3999481201172,1,-0.494976788759232,-0.540928184986115,0.138416171073914,0.0367879942059517,0.0575032867491245,-0.605851411819458,0.79264372587204
63.4269907474518,1,-0.495775550603867,-0.541097462177277,0.138285398483276,0.0357674770057201,0.0588215664029121,-0.607188761234283,0.791569650173187
63.4391345977783,1,-0.495610475540161,-0.54072231054306,0.138492599129677,0.0365265235304832,0.0588930696249008,-0.608634829521179,0.790418326854706
63.4597420692444,1,-0.495213449001312,-0.540891110897064,0.138341769576073,0.0374992564320564,0.0580503791570663,-0.609458386898041,0.789800226688385
63.479674577713,1,-0.49512454867363,-0.54054057598114,0.138368383049965,0.0383874848484993,0.0582590475678444,-0.609847903251648,0.789441466331482
63.4993579387665,1,-0.494876265525818,-0.54076212644577,0.138431340456009,0.0381338149309158,0.0571909099817276,-0.60998147726059,0.789428770542145
63.5223724842072,1,-0.495661973953247,-0.541118681430817,0.13832038640976,0.0362492762506008,0.057391669601202,-0.610191762447357,0.789340317249298
63.5399768352509,1,-0.495681405067444,-0.540801525115967,0.138324484229088,0.0362108126282692,0.0570686310529709,-0.610097110271454,0.789438724517822
63.5605320930481,1,-0.495292544364929,-0.540792107582092,0.138133466243744,0.0363977625966072,0.0559532940387726,-0.609812080860138,0.789730131626129
63.5803508758545,1,-0.495633363723755,-0.540417432785034,0.138221606612206,0.0354810953140259,0.0558964647352695,-0.609663903713226,0.789890229701996
63.5993463993073,1,-0.495436310768127,-0.540294051170349,0.138399302959442,0.0341355986893177,0.0545540750026703,-0.609650671482086,0.79005354642868
63.6283912658691,1,-0.495445191860199,-0.540453374385834,0.138267323374748,0.0326859876513481,0.0529486648738384,-0.60984343290329,0.790075421333313
63.6400194168091,1,-0.495086461305618,-0.54015064239502,0.138267174363136,0.0319731123745441,0.0509767681360245,-0.608907401561737,0.790955722332001
63.6593503952026,1,-0.494686156511307,-0.540793836116791,0.1381965726614,0.0302048772573471,0.0483928620815277,-0.608544230461121,0.791466891765594
63.6833512783051,1,-0.495599806308746,-0.541247963905334,0.138155430555344,0.0274237506091595,0.0481016337871552,-0.608682751655579,0.791479289531708
63.6994664669037,1,-0.495400816202164,-0.540511131286621,0.138216629624367,0.0289632268249989,0.0478388778865337,-0.608293235301971,0.791739940643311
63.7217738628387,1,-0.495130211114883,-0.54061484336853,0.138089686632156,0.0290849488228559,0.0461654327809811,-0.608003318309784,0.792057394981384
63.7403283119202,1,-0.495234996080399,-0.540625035762787,0.138162478804588,0.0276421140879393,0.0450497791171074,-0.607675611972809,0.792424559593201
63.7596154212952,1,-0.495048403739929,-0.540487706661224,0.138228312134743,0.026794882491231,0.043532881885767,-0.607459604740143,0.792704105377197
63.78404712677,1,-0.495551019906998,-0.540387451648712,0.138131111860275,0.0248770751059055,0.0428063720464706,-0.607735872268677,0.792594432830811
63.8008668422699,1,-0.495400249958038,-0.540116012096405,0.138045251369476,0.0240935683250427,0.0411708205938339,-0.608269095420837,0.792296230792999
63.8204905986786,1,-0.495078504085541,-0.540663480758667,0.138079568743706,0.0222439430654049,0.0379065312445164,-0.608560144901276,0.792289674282074
63.8588027954102,1,-0.495349198579788,-0.540902733802795,0.138138666749001,0.0202199220657349,0.0362457446753979,-0.608349144458771,0.792583584785461
63.8619678020477,1,-0.494982331991196,-0.540516018867493,0.138109892606735,0.0202537607401609,0.0343418382108212,-0.607295393943787,0.793475091457367
63.8804154396057,1,-0.495104879140854,-0.540749609470367,0.137924432754517,0.0192793756723404,0.0326024740934372,-0.605549812316895,0.794905602931976
63.9054579734802,1,-0.4955775141716,-0.54032951593399,0.137877330183983,0.018238477408886,0.0324789732694626,-0.603693783283234,0.796345710754395
63.9282393455505,1,-0.495563566684723,-0.540290951728821,0.137898460030556,0.0172505956143141,0.0309786219149828,-0.602585673332214,0.797266125679016
63.9398021697998,1,-0.495518893003464,-0.540407598018646,0.137846797704697,0.01630556024611,0.0283768717199564,-0.601773977279663,0.797995567321777
63.961088180542,1,-0.49525460600853,-0.539940595626831,0.137814030051231,0.0155720459297299,0.0265908688306808,-0.601242542266846,0.798472285270691
63.9984686374664,1,-0.49511930346489,-0.540275812149048,0.137800067663193,0.0134676434099674,0.0238459035754204,-0.601002335548401,0.798777997493744
64.0021257400513,1,-0.495670437812805,-0.540478765964508,0.137819409370422,0.0107451686635613,0.0226582884788513,-0.600902199745178,0.79892909526825
64.0212087631226,1,-0.494994521141052,-0.540483295917511,0.137945860624313,0.0103962384164333,0.0190959572792053,-0.59930431842804,0.800226032733917
64.0398621559143,1,-0.495183914899826,-0.540167629718781,0.13777020573616,0.00984324607998133,0.0182215217500925,-0.597822904586792,0.801360726356506
64.0747637748718,1,-0.494916319847107,-0.540151178836823,0.137899190187454,0.00871730409562588,0.0159246530383825,-0.596697628498077,0.802260875701904
64.0841178894043,1,-0.495396971702576,-0.539983153343201,0.137643739581108,0.00715810619294643,0.0161265321075916,-0.595469415187836,0.803184270858765
64.1013231277466,1,-0.495562791824341,-0.540476500988007,0.137742459774017,0.00464793853461742,0.0133003368973732,-0.594354391098022,0.80407989025116
64.1201009750366,1,-0.494916349649429,-0.540317952632904,0.137734800577164,0.00415646564215422,0.0104549108073115,-0.591872870922089,0.805952787399292
64.1500174999237,1,-0.494848072528839,-0.540737986564636,0.137900471687317,0.00232070684432983,0.0074166264384985,-0.58986359834671,0.807465553283691
64.1616270542145,1,-0.495386242866516,-0.540195286273956,0.137756079435349,0.00177666533272713,0.00763244600966573,-0.588530838489532,0.808436870574951
64.1806418895721,1,-0.495088666677475,-0.540230631828308,0.137835025787354,0.00143551558721811,0.00538176624104381,-0.587141573429108,0.809465169906616
64.1999008655548,1,-0.495606571435928,-0.540318727493286,0.137630715966225,-1.09583152152481e-05,0.00487851491197944,-0.586325585842133,0.810060739517212
64.2304399013519,1,-0.495338290929794,-0.539963662624359,0.137550264596939,-0.000908060115762055,0.00384198199026287,-0.585390567779541,0.81074184179306
64.2403860092163,1,-0.495315670967102,-0.540241003036499,0.137467369437218,-0.00329043250530958,0.00282186223194003,-0.585437476634979,0.81070601940155
64.2596266269684,1,-0.496049970388412,-0.540364384651184,0.137438952922821,-0.00673507340252399,0.00334629160352051,-0.58614456653595,0.810171544551849
64.2838129997253,1,-0.495609819889069,-0.540125072002411,0.137509554624557,-0.0070654028095305,0.00220269593410194,-0.58566552400589,0.810519158840179
64.3060102462769,1,-0.495744407176971,-0.540047824382782,0.137382030487061,-0.00754011329263449,0.00209499639458954,-0.585209429264069,0.810844421386719
64.3206548690796,1,-0.495387226343155,-0.540056467056274,0.137456715106964,-0.00771503197029233,0.000469941471237689,-0.584951758384705,0.811031341552734
64.3405120372772,1,-0.495556145906448,-0.539835155010223,0.137313932180405,-0.00798647664487362,0.0006754050264135,-0.584361433982849,0.811453938484192
64.3666422367096,1,-0.495974332094193,-0.539788424968719,0.137298867106438,-0.00915793050080538,-3.31392584485002e-07,-0.583327651023865,0.812185347080231
64.3829507827759,1,-0.495891630649567,-0.539361000061035,0.137057736515999,-0.00881131179630756,-0.00061981996987015,-0.582099437713623,0.813069581985474
64.4001488685608,1,-0.495655655860901,-0.54016649723053,0.137269735336304,-0.0101112630218267,-0.00448720762506127,-0.58110648393631,0.813752412796021
64.4213378429413,1,-0.495857357978821,-0.54002457857132,0.137299433350563,-0.0101541401818395,-0.0056692105717957,-0.57985907793045,0.814633846282959
64.4430735111237,1,-0.495568543672562,-0.539999425411224,0.137410536408424,-0.00969387404620647,-0.00713581359013915,-0.578279495239258,0.815750062465668
64.4610643386841,1,-0.495867609977722,-0.539860665798187,0.137305483222008,-0.00950977765023708,-0.00665828306227922,-0.577239692211151,0.816492259502411
64.4800269603729,1,-0.495761215686798,-0.53961181640625,0.137299552559853,-0.00921451393514872,-0.00648130662739277,-0.576969683170319,0.816687881946564
64.500346660614,1,-0.495507597923279,-0.539888799190521,0.137371852993965,-0.00991705432534218,-0.00637705065310001,-0.577241778373718,0.816488146781921
64.5405569076538,1,-0.495788514614105,-0.540229320526123,0.137348935008049,-0.0111775286495686,-0.00657330639660358,-0.57778412103653,0.816086709499359
64.5612471103668,1,-0.495419263839722,-0.540123879909515,0.137195095419884,-0.010576743632555,-0.00638674478977919,-0.576676428318024,0.816879212856293
64.5803043842316,1,-0.495881766080856,-0.540088474750519,0.137278750538826,-0.0112307583913207,-0.00595864187926054,-0.576436638832092,0.817042946815491
64.6141240596771,1,-0.49566912651062,-0.539667010307312,0.137192636728287,-0.0101509345695376,-0.00564875500276685,-0.576069116592407,0.817318499088287
64.6220586299896,1,-0.495340973138809,-0.54018223285675,0.137212216854095,-0.0106130829080939,-0.00733603723347187,-0.576025664806366,0.817329823970795
64.6400921344757,1,-0.495965272188187,-0.540048778057098,0.137198120355606,-0.0114262467250228,-0.00600474420934916,-0.57655668258667,0.816955149173737
64.6592390537262,1,-0.495432287454605,-0.539864063262939,0.137213826179504,-0.0104187922552228,-0.00616592634469271,-0.576653301715851,0.816899299621582
64.6814255714417,1,-0.495455503463745,-0.539989054203033,0.137098625302315,-0.0105459140613675,-0.00539416680112481,-0.577280223369598,0.816460251808167
64.6984477043152,1,-0.495844811201096,-0.540216147899628,0.137190505862236,-0.0115531105548143,-0.00453413836658001,-0.57854950428009,0.815552890300751
64.7216136455536,1,-0.495570838451385,-0.539404273033142,0.137096598744392,-0.00959583651274443,-0.00238541164435446,-0.578384101390839,0.815704643726349
64.7382843494415,1,-0.49572080373764,-0.53990626335144,0.13711105287075,-0.0100776422768831,-0.00180559908039868,-0.578865945339203,0.815358519554138
64.7615194320679,1,-0.496006846427917,-0.539778530597687,0.136963337659836,-0.00908272061496973,-0.000671492074616253,-0.578672468662262,0.815509259700775
64.7789640426636,1,-0.495781660079956,-0.539916813373566,0.137067034840584,-0.00907771475613117,-0.00132963946089149,-0.577984809875488,0.815995991230011
64.8021378517151,1,-0.495475769042969,-0.540169477462769,0.137048169970512,-0.00883453339338303,-0.00246265158057213,-0.577071487903595,0.816642224788666
64.8238251209259,1,-0.495520085096359,-0.540098071098328,0.136987596750259,-0.00842385087162256,-0.00285179447382689,-0.575623214244843,0.81766664981842
64.8400981426239,1,-0.496029555797577,-0.539768636226654,0.136976256966591,-0.00836803577840328,-0.00234545953571796,-0.574319422245026,0.818585216999054
64.8791513442993,1,-0.495609164237976,-0.539304614067078,0.136927381157875,-0.00675828056409955,-0.00301435519941151,-0.573213994503021,0.819372296333313
64.8798203468323,1,-0.495383650064468,-0.539778113365173,0.137140601873398,-0.00744975497946143,-0.00468082912266254,-0.572516143321991,0.819846332073212
64.9000227451324,1,-0.4952212870121,-0.539960265159607,0.13700595498085,-0.00713054928928614,-0.00528535526245832,-0.57178783416748,0.82035356760025
64.9215316772461,1,-0.495648056268692,-0.540494322776794,0.137121215462685,-0.00923436507582664,-0.00552539341151714,-0.571594536304474,0.820465624332428
64.9513800144196,1,-0.495509117841721,-0.539994657039642,0.136971607804298,-0.00850907154381275,-0.00440254155546427,-0.571474313735962,0.820564091205597
64.9601192474365,1,-0.495415687561035,-0.539825975894928,0.136876747012138,-0.0082213506102562,-0.00343454186804593,-0.572262585163116,0.82002204656601
64.980268239975,1,-0.495524108409882,-0.539950847625732,0.136880695819855,-0.00855618622153997,-0.00284996372647583,-0.572898745536804,0.819576561450958
65.0176005363464,1,-0.495747148990631,-0.539651930332184,0.136740610003471,-0.00765756238251925,-0.00155303406063467,-0.57334178686142,0.819279074668884
65.0210068225861,1,-0.496245414018631,-0.539973437786102,0.137004613876343,-0.00904510822147131,-0.000696924689691514,-0.574072360992432,0.818754374980927
65.0385918617249,1,-0.49557763338089,-0.539288341999054,0.136796563863754,-0.00579970376566052,-0.000177824855200015,-0.574415683746338,0.818543195724487
65.0589039325714,1,-0.49545881152153,-0.539776086807251,0.136832773685455,-0.00616548443213105,-0.000145086421980523,-0.574357450008392,0.818581402301788
65.0791618824005,1,-0.495446085929871,-0.539989709854126,0.136894375085831,-0.00613856222480536,1.7895681594382e-05,-0.574140608310699,0.818733811378479
65.100994348526,1,-0.495725512504578,-0.539656341075897,0.136569187045097,-0.00508617190644145,0.00156763859558851,-0.574448645114899,0.818523347377777
65.1194133758545,1,-0.496018826961517,-0.540206611156464,0.1369269490242,-0.00734671391546726,0.00124678143765777,-0.574597477912903,0.818402290344238
65.138813495636,1,-0.495587348937988,-0.540051817893982,0.136910572648048,-0.00666590640321374,0.000919578422326595,-0.574400246143341,0.818546950817108
65.159087896347,1,-0.495109975337982,-0.539642214775085,0.136629819869995,-0.00484003126621246,0.000890284718479961,-0.574034810066223,0.818816125392914
65.1785831451416,1,-0.495115637779236,-0.540361523628235,0.13698074221611,-0.00706506939604878,-0.000261079519987106,-0.573153734207153,0.819417357444763
65.2025470733643,1,-0.495483130216599,-0.540242969989777,0.136695459485054,-0.00687007186934352,0.000911033246666193,-0.572976350784302,0.819542646408081
65.2197594642639,1,-0.495857834815979,-0.539357542991638,0.136133775115013,-0.00431190291419625,0.0028068523388356,-0.572960734367371,0.81956672668457
65.239545583725,1,-0.49592113494873,-0.540008544921875,0.136530920863152,-0.00619593961164355,0.00180820794776082,-0.57197117805481,0.820248365402222
65.2587878704071,1,-0.496218174695969,-0.540395438671112,0.136852607131004,-0.00764360791072249,0.00143031589686871,-0.571790456771851,0.820362985134125
65.2814526557922,1,-0.496113955974579,-0.539196014404297,0.136303946375847,-0.00393973803147674,0.00355114392004907,-0.571675419807434,0.820462703704834
65.2993252277374,1,-0.496025800704956,-0.539167940616608,0.13627952337265,-0.00349896517582238,0.0038635975215584,-0.572401106357574,0.819957196712494
65.319548368454,1,-0.495732575654984,-0.539892971515656,0.136606529355049,-0.00547963008284569,0.00256664562039077,-0.571832180023193,0.82034832239151
65.3437275886536,1,-0.495350897312164,-0.540287613868713,0.136810541152954,-0.00602393317967653,0.00118705292697996,-0.572043001651764,0.820200622081757
65.3603758811951,1,-0.495312809944153,-0.539847135543823,0.136676743626595,-0.00470287771895528,0.00191805022768676,-0.572251677513123,0.820062398910522
65.3794255256653,1,-0.495107054710388,-0.53999662399292,0.136786594986916,-0.00452495459467173,0.00116987875662744,-0.572701096534729,0.819751024246216
65.4035105705261,1,-0.4950952231884,-0.540079653263092,0.136923313140869,-0.00485497852787375,0.000948505417909473,-0.572783887386322,0.819691479206085
65.419814825058,1,-0.495215594768524,-0.540035486221313,0.136718839406967,-0.00448089046403766,0.00143144885078073,-0.573203682899475,0.819399416446686
65.4471719264984,1,-0.495456635951996,-0.539712488651276,0.136350572109222,-0.00378712778910995,0.002666175365448,-0.573179423809052,0.819416880607605
65.4631640911102,1,-0.495764583349228,-0.540083348751068,0.136212185025215,-0.00514685269445181,0.0029056693892926,-0.57294487953186,0.819572627544403
65.4798753261566,1,-0.495940029621124,-0.540212571620941,0.136171504855156,-0.00577109353616834,0.00272071268409491,-0.572747945785522,0.819706737995148
65.5081181526184,1,-0.496023446321487,-0.540022611618042,0.135962814092636,-0.00531049119308591,0.00317121739499271,-0.572386264801025,0.81996077299118
65.5192987918854,1,-0.495905160903931,-0.540202617645264,0.136079654097557,-0.00562505656853318,0.00223295274190605,-0.571758568286896,0.820399701595306
65.5443115234375,1,-0.495979905128479,-0.540239334106445,0.136203095316887,-0.00612944737076759,0.00228850194253027,-0.571605503559113,0.820502519607544
65.5683505535126,1,-0.496011137962341,-0.539709329605103,0.136105537414551,-0.00504754669964314,0.00294278189539909,-0.571591019630432,0.820517897605896
65.579327583313,1,-0.496008515357971,-0.539774775505066,0.13616019487381,-0.00529196625575423,0.00321280513890088,-0.57203596830368,0.820205211639404
65.5987153053284,1,-0.496034145355225,-0.539657294750214,0.136163264513016,-0.00510881515219808,0.00351063930429518,-0.572109282016754,0.820154011249542
65.6204235553741,1,-0.495882004499435,-0.539867401123047,0.136214226484299,-0.00515307346358895,0.00308504025451839,-0.572208642959595,0.820086181163788
65.6398990154266,1,-0.495869785547256,-0.539861083030701,0.136281654238701,-0.00480432296171784,0.00271973991766572,-0.571858406066895,0.820333778858185
65.6602473258972,1,-0.495875418186188,-0.539909958839417,0.136317580938339,-0.00451843300834298,0.00268320133909583,-0.572089791297913,0.820174217224121
65.6836800575256,1,-0.495820939540863,-0.53985595703125,0.136238291859627,-0.00380672351457179,0.00207716389559209,-0.571773409843445,0.820400178432465
65.6993610858917,1,-0.495778560638428,-0.540125370025635,0.136304304003716,-0.00433543929830194,0.00137359532527626,-0.571451127529144,0.820623517036438
65.7203657627106,1,-0.495779275894165,-0.540170133113861,0.136260390281677,-0.00459104403853416,0.00105472514405847,-0.571238994598389,0.820770263671875
65.7419166564941,1,-0.495825678110123,-0.540304780006409,0.136183738708496,-0.00493483059108257,0.000813735998235643,-0.571359574794769,0.820684671401978
65.7599420547485,1,-0.495846152305603,-0.539989054203033,0.136097922921181,-0.00429345900192857,0.00116337824147195,-0.571242809295654,0.820769131183624
65.7997531890869,1,-0.495767921209335,-0.540385186672211,0.136145725846291,-0.00508460914716125,6.88733198330738e-05,-0.571036398410797,0.820909023284912
65.8005423545837,1,-0.495829731225967,-0.54025399684906,0.136144503951073,-0.00494875200092793,0.000254816375672817,-0.570613920688629,0.821203470230103
65.8204162120819,1,-0.495782911777496,-0.540401458740234,0.136052966117859,-0.00489619001746178,-4.692749644164e-05,-0.570680558681488,0.821157574653625
65.8396184444427,1,-0.4958336353302,-0.540291666984558,0.13606421649456,-0.00474553275853395,0.000129068022943102,-0.569940984249115,0.821671903133392
65.8670926094055,1,-0.495703667402267,-0.540594518184662,0.136137872934341,-0.00528638623654842,-0.000528956938069314,-0.569601118564606,0.821904122829437
65.8798770904541,1,-0.495693206787109,-0.540200054645538,0.136076271533966,-0.00473983632400632,0.000199913192773238,-0.569357097148895,0.822076678276062
65.9002215862274,1,-0.495698928833008,-0.540482342243195,0.136043563485146,-0.00533935660496354,-3.45651496900246e-05,-0.569695651531219,0.82183849811554
65.9322884082794,1,-0.495671153068542,-0.540335476398468,0.136090129613876,-0.00533863017335534,0.000323053362080827,-0.570063173770905,0.821583449840546
65.9402277469635,1,-0.49575874209404,-0.540231227874756,0.135981664061546,-0.00521805137395859,0.00101519736927003,-0.570637762546539,0.821184694766998
65.9595654010773,1,-0.495730966329575,-0.540153443813324,0.136049345135689,-0.00508069945499301,0.00111738941632211,-0.570659577846527,0.821170270442963
65.9984319210052,1,-0.495941936969757,-0.540033161640167,0.13592554628849,-0.00486460793763399,0.00210301880724728,-0.570754766464233,0.821103513240814
66.0005671977997,1,-0.495646357536316,-0.539984107017517,0.136022046208382,-0.00447904644533992,0.00140968407504261,-0.570153295993805,0.821524918079376
66.0202293395996,1,-0.495784968137741,-0.540100634098053,0.136006623506546,-0.0051222387701273,0.00166644586715847,-0.569776952266693,0.821781694889069
66.0397462844849,1,-0.49576324224472,-0.539881587028503,0.13595774769783,-0.00485932687297463,0.00224675447680056,-0.569912016391754,0.82168835401535
66.0703430175781,1,-0.495796948671341,-0.539930939674377,0.13584315776825,-0.00523214554414153,0.0024046404287219,-0.570162773132324,0.821511566638947
66.0793647766113,1,-0.495706230401993,-0.539927065372467,0.135901510715485,-0.00554335629567504,0.00208381842821836,-0.56955873966217,0.821929275989532
66.1007783412933,1,-0.495705008506775,-0.540017664432526,0.135981053113937,-0.00574242323637009,0.00184554664883763,-0.569241523742676,0.822148323059082
66.1371507644653,1,-0.495679408311844,-0.539675354957581,0.135844856500626,-0.00465754652395844,0.0024527981877327,-0.569135725498199,0.822226762771606
66.13991355896,1,-0.4955974817276,-0.539863884449005,0.135934814810753,-0.004766003228724,0.00154292210936546,-0.568936467170715,0.822366297245026
66.159937620163,1,-0.495650887489319,-0.539689421653748,0.135913461446762,-0.00449953088536859,0.00213757297024131,-0.569100677967072,0.822252750396729
66.1797525882721,1,-0.495638191699982,-0.539942502975464,0.135956451296806,-0.00482619134709239,0.00138325174339116,-0.569225549697876,0.822166085243225
66.2103304862976,1,-0.495661497116089,-0.539636552333832,0.135755524039268,-0.00383123429492116,0.00209673796780407,-0.568867921829224,0.822417318820953
66.2197368144989,1,-0.495655477046967,-0.540206611156464,0.135971918702126,-0.00540648447349668,0.00126915867440403,-0.568769097328186,0.822478532791138
66.2394363880157,1,-0.495731234550476,-0.539721727371216,0.135756820440292,-0.00445537175983191,0.00275159673765302,-0.569016814231873,0.822309255599976
66.2799730300903,1,-0.495767503976822,-0.53979218006134,0.135694146156311,-0.00452436460182071,0.00244500953704119,-0.569433212280273,0.822021543979645
66.2827761173248,1,-0.495791703462601,-0.539691030979156,0.135626882314682,-0.00452530896291137,0.00315366499125957,-0.569100618362427,0.822249412536621
66.3000104427338,1,-0.495639532804489,-0.540081799030304,0.135772287845612,-0.00501524843275547,0.00156988005619496,-0.568540990352631,0.822638094425201
66.3202362060547,1,-0.495716720819473,-0.539886295795441,0.13561837375164,-0.00444168783724308,0.00240572053007782,-0.568022429943085,0.822997629642487
66.3504295349121,1,-0.495725899934769,-0.540080368518829,0.135598063468933,-0.00424750754609704,0.00169869163073599,-0.567289710044861,0.823505640029907
66.3598759174347,1,-0.495986849069595,-0.539836049079895,0.135391607880592,-0.00379314343445003,0.00300460983999074,-0.56650447845459,0.824044525623322
66.3803470134735,1,-0.495997190475464,-0.539869785308838,0.135310858488083,-0.00354602304287255,0.00231891544535756,-0.565588116645813,0.824676990509033
66.4016137123108,1,-0.496130019426346,-0.539732873439789,0.135028675198555,-0.00348720420151949,0.0030366163700819,-0.565494954586029,0.824738800525665
66.4209489822388,1,-0.495732665061951,-0.539712250232697,0.132942885160446,-0.00341162085533142,0.0025099297054112,-0.566600263118744,0.823981940746307
66.4394807815552,1,-0.495194405317307,-0.540035367012024,0.128377541899681,-0.00421097781509161,0.00369392451830208,-0.571580052375793,0.820527136325836
66.4597823619843,1,-0.495407551527023,-0.53939563035965,0.128026232123375,-0.00324774184264243,0.00447575794532895,-0.566012799739838,0.82437789440155
66.488888502121,1,-0.495331823825836,-0.538929343223572,0.127803489565849,-0.00169523630756885,0.00220497720874846,-0.563816964626312,0.825895130634308
66.4999377727509,1,-0.495507597923279,-0.538787305355072,0.127260059118271,-0.00162184576038271,0.000594661454670131,-0.559584021568298,0.828771829605103
66.5221011638641,1,-0.495174884796143,-0.540691673755646,0.127997279167175,-0.0075122844427824,-0.00284386752173305,-0.55808687210083,0.82974374294281
66.5435512065887,1,-0.495563954114914,-0.540707767009735,0.130613073706627,-0.0113026751205325,0.00341484160162508,-0.56439208984375,0.825422465801239
66.5627517700195,1,-0.495079040527344,-0.540240108966827,0.13747701048851,-0.0131037691608071,0.0109370909631252,-0.574911415576935,0.818037629127502
66.5798871517181,1,-0.492315083742142,-0.538505971431732,0.146567776799202,-0.00860184617340565,0.0147704426199198,-0.582808613777161,0.812429666519165
66.6001620292664,1,-0.482748866081238,-0.535780131816864,0.157592684030533,0.00632462138310075,0.00326174031943083,-0.584852933883667,0.811108112335205
66.6317644119263,1,-0.473385393619537,-0.531663596630096,0.167874097824097,0.0245323702692986,-0.00641946587711573,-0.579039037227631,0.814905405044556
66.6404919624329,1,-0.464803844690323,-0.528074562549591,0.178266659379005,0.0413577556610107,-0.0181203372776508,-0.571263790130615,0.819523572921753
66.6603643894196,1,-0.461205303668976,-0.524029433727264,0.187049210071564,0.05429932102561,-0.0177647061645985,-0.567384839057922,0.821468472480774
66.6839258670807,1,-0.461167335510254,-0.522149562835693,0.195402175188065,0.0603581368923187,-0.0151326190680265,-0.567772388458252,0.820830285549164
66.7017486095428,1,-0.462493926286697,-0.521515011787415,0.202600285410881,0.0642281621694565,-0.01045663934201,-0.56903463602066,0.819734692573547
66.7203915119171,1,-0.465046107769012,-0.521927058696747,0.209258496761322,0.0653399750590324,-0.0055983136408031,-0.573449373245239,0.816612064838409
66.740624666214,1,-0.467578649520874,-0.521608471870422,0.214664995670319,0.0676360502839088,0.00204882305115461,-0.578533411026001,0.812847077846527
66.7728295326233,1,-0.468769431114197,-0.520419180393219,0.219352126121521,0.0722709745168686,0.00840588007122278,-0.582911252975464,0.809271693229675
66.7832634449005,1,-0.468171417713165,-0.518235087394714,0.223533362150192,0.080071285367012,0.013656971976161,-0.586123824119568,0.806139528751373
66.799364566803,1,-0.467100560665131,-0.515997111797333,0.227088570594788,0.0891029313206673,0.0187617763876915,-0.58765584230423,0.80397093296051
66.8197519779205,1,-0.466305941343307,-0.513664126396179,0.230012610554695,0.0989262834191322,0.0256545785814524,-0.587911009788513,0.802443861961365
66.8444347381592,1,-0.466055333614349,-0.512712895870209,0.232500702142715,0.107016161084175,0.0318774506449699,-0.58890563249588,0.800450801849365
66.8598651885986,1,-0.467093467712402,-0.512630581855774,0.234584093093872,0.112618267536163,0.0395088270306587,-0.59106981754303,0.797742307186127
66.8800275325775,1,-0.468778848648071,-0.513333737850189,0.236325696110725,0.116614460945129,0.0480781272053719,-0.593771755695343,0.794685304164886
66.9183120727539,1,-0.471026837825775,-0.515375852584839,0.237808719277382,0.117930710315704,0.0568209551274776,-0.597731471061707,0.790936768054962
66.9209201335907,1,-0.473035961389542,-0.518093943595886,0.239105030894279,0.11834117770195,0.064990870654583,-0.60161954164505,0.787289977073669
66.9400432109833,1,-0.474316626787186,-0.521812438964844,0.240364372730255,0.118430934846401,0.0711738467216492,-0.606269598007202,0.783163905143738
66.9595513343811,1,-0.47491529583931,-0.52585631608963,0.24171344935894,0.118951767683029,0.076092891395092,-0.610689759254456,0.779178023338318
66.9937257766724,1,-0.474689990282059,-0.530252695083618,0.243163987994194,0.119691416621208,0.0797989219427109,-0.616294205188751,0.774265825748444
67.0041229724884,1,-0.473816365003586,-0.534673929214478,0.24448299407959,0.121137604117393,0.0835273861885071,-0.621851205825806,0.769187867641449
67.0206136703491,1,-0.472145676612854,-0.539494633674622,0.245701432228088,0.122828476130962,0.0855788215994835,-0.627667248249054,0.763952493667603
67.0398421287537,1,-0.469742178916931,-0.544324636459351,0.246735796332359,0.12563781440258,0.0870510190725327,-0.632252156734467,0.759535789489746
67.0681681632996,1,-0.467342585325241,-0.54877495765686,0.247318848967552,0.129101067781448,0.0898471176624298,-0.636075556278229,0.755425989627838
67.0799853801727,1,-0.464899748563766,-0.553540468215942,0.247730702161789,0.13162899017334,0.0916363224387169,-0.64068329334259,0.750867187976837
67.1014401912689,1,-0.462420552968979,-0.558346807956696,0.24775330722332,0.134500548243523,0.0943877995014191,-0.646433532238007,0.745066583156586
67.137425661087,1,-0.460530400276184,-0.563425004482269,0.247649490833282,0.135665237903595,0.0970474556088448,-0.653014719486237,0.738748013973236
67.1424038410187,1,-0.459497034549713,-0.567945718765259,0.247409090399742,0.136355742812157,0.101116001605988,-0.65886253118515,0.732859373092651
67.160124540329,1,-0.458760052919388,-0.57249641418457,0.247242629528046,0.136640936136246,0.103987939655781,-0.664137721061707,0.727624118328094
67.1797151565552,1,-0.458777666091919,-0.576382339000702,0.247117593884468,0.136777624487877,0.10836348682642,-0.668821752071381,0.722652614116669
67.2128219604492,1,-0.459569603204727,-0.579490661621094,0.247149437665939,0.136279836297035,0.114123247563839,-0.673406064510345,0.717584908008575
67.2228693962097,1,-0.460941702127457,-0.581761240959167,0.24724118411541,0.135536134243011,0.122323371469975,-0.678214848041534,0.711822748184204
67.2403652667999,1,-0.462271451950073,-0.58388090133667,0.24729897081852,0.134126573801041,0.130265787243843,-0.684126079082489,0.704991042613983
67.2598152160645,1,-0.463471323251724,-0.58514940738678,0.247452110052109,0.134329080581665,0.13899864256382,-0.68750661611557,0.699978470802307
67.2908353805542,1,-0.464919328689575,-0.586183845996857,0.24781708419323,0.13461709022522,0.147613599896431,-0.689334750175476,0.696352005004883
67.3005001544952,1,-0.466167956590652,-0.586569309234619,0.248601645231247,0.136554196476936,0.156293943524361,-0.689817070960999,0.693597555160522
67.3200340270996,1,-0.466792792081833,-0.587013959884644,0.25012743473053,0.139502674341202,0.163405552506447,-0.689801931381226,0.691383421421051
67.3422088623047,1,-0.467045426368713,-0.587442636489868,0.252001613378525,0.142146781086922,0.169085368514061,-0.690074682235718,0.689203441143036
67.366504907608,1,-0.467489987611771,-0.5865318775177,0.254351079463959,0.146389991044998,0.178974896669388,-0.690263569355011,0.685619533061981
67.3803544044495,1,-0.467062711715698,-0.585372567176819,0.256721496582031,0.151592016220093,0.186874687671661,-0.688281953334808,0.68437248468399
67.3993883132935,1,-0.466048270463943,-0.584020733833313,0.258992046117783,0.157077625393867,0.193657398223877,-0.684726595878601,0.684816062450409
67.4200389385223,1,-0.463849723339081,-0.583667755126953,0.260873168706894,0.162359461188316,0.197977587580681,-0.68335497379303,0.683717966079712
67.4403991699219,1,-0.46051949262619,-0.583366394042969,0.262581825256348,0.168195188045502,0.201935112476349,-0.685704350471497,0.678779900074005
67.471896648407,1,-0.456092715263367,-0.582861959934235,0.264665365219116,0.176471173763275,0.207375898957253,-0.689994037151337,0.670642614364624
67.4791243076324,1,-0.451204359531403,-0.583652675151825,0.26646414399147,0.184756398200989,0.209719181060791,-0.692652344703674,0.664917886257172
67.4985015392303,1,-0.446690201759338,-0.585169851779938,0.267740190029144,0.191500455141068,0.21056655049324,-0.693808078765869,0.661528289318085
67.5293765068054,1,-0.442897915840149,-0.586848437786102,0.268087685108185,0.196549206972122,0.212324216961861,-0.693154335021973,0.660169661045074
67.539871931076,1,-0.43979623913765,-0.589591443538666,0.267286539077759,0.198032855987549,0.213144749403,-0.69394463300705,0.658629715442657
67.5604298114777,1,-0.436486631631851,-0.594125032424927,0.265513956546783,0.197069749236107,0.210267871618271,-0.696745753288269,0.656883776187897
67.5988140106201,1,-0.433018893003464,-0.59918200969696,0.263355433940887,0.196419820189476,0.206634610891342,-0.69886326789856,0.655981302261353
67.6031391620636,1,-0.429460227489471,-0.604589521884918,0.261204123497009,0.196151003241539,0.201494917273521,-0.700515449047089,0.655898451805115
67.6209926605225,1,-0.425683170557022,-0.609386622905731,0.259340137243271,0.197575151920319,0.196013316512108,-0.700517356395721,0.657128810882568
67.6402716636658,1,-0.422081083059311,-0.613221108913422,0.257902085781097,0.200143247842789,0.192379742860794,-0.700021207332611,0.657953798770905
67.6736536026001,1,-0.417918086051941,-0.616621673107147,0.256455600261688,0.203699916601181,0.189239174127579,-0.70011579990387,0.657672226428986
67.6842346191406,1,-0.413338243961334,-0.620225608348846,0.254441559314728,0.206605091691017,0.185093149542809,-0.702085375785828,0.655843794345856
67.7008473873138,1,-0.408032417297363,-0.624745905399323,0.251385271549225,0.208573415875435,0.177934139966965,-0.704960942268372,0.654115200042725
67.7199051380157,1,-0.403118908405304,-0.629088699817657,0.248226493597031,0.210231795907021,0.170071974396706,-0.70799446105957,0.652397096157074
67.7479734420776,1,-0.399288147687912,-0.632904887199402,0.245116472244263,0.211649432778358,0.163704171776772,-0.709677457809448,0.651738703250885
67.7601928710938,1,-0.396923571825027,-0.635954201221466,0.242618694901466,0.212635561823845,0.159410387277603,-0.710177659988403,0.651937305927277
67.7793109416962,1,-0.396417140960693,-0.638869345188141,0.240398585796356,0.211438283324242,0.157610580325127,-0.711414039134979,0.651416063308716
67.8005557060242,1,-0.397716701030731,-0.641100287437439,0.23823493719101,0.207584634423256,0.160450249910355,-0.715618550777435,0.647344172000885
67.821516752243,1,-0.401152789592743,-0.643538355827332,0.235745295882225,0.196835070848465,0.169545829296112,-0.727606475353241,0.634900748729706
67.8411848545074,1,-0.406539916992188,-0.645153343677521,0.233569771051407,0.180505394935608,0.187083557248116,-0.746133863925934,0.612945199012756
67.8601591587067,1,-0.411596298217773,-0.646292865276337,0.23210534453392,0.165458306670189,0.20395416021347,-0.763622522354126,0.589836359024048
67.8949799537659,1,-0.414918959140778,-0.647798836231232,0.230926498770714,0.154847994446754,0.213993847370148,-0.77602618932724,0.572723388671875
67.9046862125397,1,-0.415607243776321,-0.648182451725006,0.229642152786255,0.155219778418541,0.217390075325966,-0.779872119426727,0.56608110666275
67.9199018478394,1,-0.413511842489243,-0.651336431503296,0.227558121085167,0.160254806280136,0.205519780516624,-0.777053236961365,0.572947084903717
67.9400646686554,1,-0.409444749355316,-0.655929207801819,0.224959045648575,0.169075235724449,0.185695424675941,-0.768741309642792,0.588190078735352
67.9717910289764,1,-0.405083239078522,-0.659473121166229,0.22286656498909,0.177890926599503,0.167539983987808,-0.76150643825531,0.600327551364899
67.980122089386,1,-0.402718186378479,-0.660960912704468,0.221202820539474,0.181610599160194,0.158746227622032,-0.76525491476059,0.596826672554016
67.9998478889465,1,-0.40144094824791,-0.661676645278931,0.219220981001854,0.181567624211311,0.157782882452011,-0.770528554916382,0.590274095535278
68.0434150695801,1,-0.400941282510757,-0.662348687648773,0.216983243823051,0.177521571516991,0.16051709651947,-0.78033310174942,0.577754974365234
68.0457458496094,1,-0.398532062768936,-0.66080766916275,0.214698284864426,0.180209040641785,0.163745328783989,-0.795191049575806,0.555322825908661
68.0598239898682,1,-0.399611830711365,-0.665413320064545,0.21205136179924,0.166831225156784,0.160510987043381,-0.803439855575562,0.548532783985138
68.0804877281189,1,-0.397002965211868,-0.667161107063293,0.209205225110054,0.1675975471735,0.1541428565979,-0.807837605476379,0.543644666671753
68.1143674850464,1,-0.393412292003632,-0.668746411800385,0.206028372049332,0.172841429710388,0.14452189207077,-0.809004187583923,0.542910277843475
68.124840259552,1,-0.390967100858688,-0.670203685760498,0.203056022524834,0.176496833562851,0.134808450937271,-0.809458613395691,0.543555200099945
68.1398932933807,1,-0.389721691608429,-0.671517431735992,0.200301647186279,0.177547886967659,0.127588257193565,-0.811293661594391,0.542218387126923
68.1595442295074,1,-0.389603316783905,-0.672660171985626,0.197522982954979,0.176167562603951,0.122736625373363,-0.815783560276031,0.537026941776276
68.1851851940155,1,-0.39063173532486,-0.673469603061676,0.194777891039848,0.172110736370087,0.121102809906006,-0.822166264057159,0.528918325901031
68.2003028392792,1,-0.392058134078979,-0.673868715763092,0.192191541194916,0.167847618460655,0.121500484645367,-0.829166173934937,0.519180476665497
68.2206437587738,1,-0.393864154815674,-0.674067974090576,0.189622223377228,0.163820773363113,0.123013988137245,-0.836250364780426,0.508641183376312
68.2430403232574,1,-0.395543307065964,-0.67453396320343,0.187225088477135,0.160125628113747,0.122859999537468,-0.84245353937149,0.499537080526352
68.2657806873322,1,-0.396980375051498,-0.675039350986481,0.185162261128426,0.157627314329147,0.121333323419094,-0.847439467906952,0.492217630147934
68.2799966335297,1,-0.398133397102356,-0.676145136356354,0.183307781815529,0.156103625893593,0.116703703999519,-0.85082882642746,0.487957328557968
68.3172662258148,1,-0.399048894643784,-0.676721155643463,0.181803330779076,0.156488493084908,0.112351447343826,-0.852521479129791,0.485896944999695
68.3202962875366,1,-0.400086492300034,-0.677593111991882,0.18048919737339,0.156288951635361,0.106552243232727,-0.853871703147888,0.484895378351212
68.34011054039,1,-0.401514619588852,-0.677682340145111,0.179276496171951,0.156580775976181,0.103720210492611,-0.855350732803345,0.48280394077301
68.3613078594208,1,-0.403624713420868,-0.677442848682404,0.178154498338699,0.15530851483345,0.102848052978516,-0.858705282211304,0.477416753768921
68.3796172142029,1,-0.406279355287552,-0.677124500274658,0.177127912640572,0.152161106467247,0.103968128561974,-0.863269984722137,0.469896465539932
68.3997805118561,1,-0.409009456634521,-0.676380574703217,0.176142171025276,0.149149909615517,0.107382468879223,-0.867818713188171,0.461642771959305
68.4237236976624,1,-0.411855608224869,-0.675354421138763,0.175270035862923,0.145904794335365,0.111701056361198,-0.872309565544128,0.453112423419952
68.4390840530396,1,-0.414290547370911,-0.674670934677124,0.174596175551414,0.143197923898697,0.114515244960785,-0.875698804855347,0.446690291166306
68.4603087902069,1,-0.416367471218109,-0.67363977432251,0.174186110496521,0.141609117388725,0.116456978023052,-0.878077924251556,0.441999882459641
68.486457824707,1,-0.417845547199249,-0.672544240951538,0.173936188220978,0.141440361738205,0.117316819727421,-0.878977417945862,0.440034091472626
68.5002102851868,1,-0.418917089700699,-0.671733975410461,0.173813223838806,0.142132893204689,0.116504870355129,-0.878821492195129,0.440338104963303
