timestamp,rb_id,pos_x,pos_y,pos_z,quat_x,quat_y,quat_z,quat_w
295.392558097839,1,-0.984756767749786,-0.275615215301514,0.12742355465889,-0.716670751571655,-0.181358590722084,0.648484885692596,-0.18154776096344
295.394319534302,1,-0.984697103500366,-0.275604218244553,0.127664923667908,-0.716467142105103,-0.182142466306686,0.648706555366516,-0.180772557854652
295.412570476532,1,-0.98456859588623,-0.275310188531876,0.128038465976715,-0.716667354106903,-0.183653980493546,0.648187816143036,-0.180310100317001
295.433279037476,1,-0.984427154064178,-0.274950921535492,0.128374055027962,-0.717027425765991,-0.184888035058975,0.647453427314758,-0.180256202816963
295.468078136444,1,-0.984274625778198,-0.274979591369629,0.128401637077332,-0.71721887588501,-0.184830352663994,0.647406220436096,-0.179722413420677
295.481549978256,1,-0.984231293201447,-0.274697750806808,0.128715708851814,-0.717804968357086,-0.185296237468719,0.646627426147461,-0.179706588387489
295.493518352509,1,-0.984331130981445,-0.274395942687988,0.128646612167358,-0.717403173446655,-0.185736462473869,0.646895527839661,-0.17989119887352
295.512433767319,1,-0.984448850154877,-0.273903071880341,0.129023119807243,-0.717673301696777,-0.186912789940834,0.646126806735992,-0.180357843637466
295.541450977325,1,-0.984561383724213,-0.273886799812317,0.128976479172707,-0.71718043088913,-0.187093615531921,0.646627604961395,-0.180335879325867
295.56552362442,1,-0.984595954418182,-0.273817121982574,0.129094585776329,-0.71705836057663,-0.187507927417755,0.646654725074768,-0.1802938580513
295.575354814529,1,-0.984557211399078,-0.273691296577454,0.129310369491577,-0.717333853244781,-0.187853783369064,0.646248579025269,-0.180293917655945
295.593303442001,1,-0.984446883201599,-0.273675501346588,0.129393503069878,-0.717580378055573,-0.187579780817032,0.646109700202942,-0.180095791816711
295.612617254257,1,-0.98436838388443,-0.273213773965836,0.129703253507614,-0.718107402324677,-0.18827959895134,0.645206093788147,-0.180503934621811
295.633560419083,1,-0.984334766864777,-0.272870779037476,0.129766896367073,-0.718036532402039,-0.188701093196869,0.645025312900543,-0.180991232395172
295.656185150146,1,-0.984315752983093,-0.272663831710815,0.129987984895706,-0.718307495117188,-0.18901988863945,0.644497215747833,-0.181463927030563
295.672639846802,1,-0.984308242797852,-0.272664040327072,0.130008846521378,-0.718255400657654,-0.18902699649334,0.644595444202423,-0.181314185261726
295.692662000656,1,-0.984323680400848,-0.272721350193024,0.12997730076313,-0.7181516289711,-0.189142599701881,0.644836783409119,-0.180745512247086
295.712935686111,1,-0.984350144863129,-0.272709012031555,0.12992624938488,-0.718019366264343,-0.188915729522705,0.645088493824005,-0.180610075592995
295.754435777664,1,-0.984539866447449,-0.272449553012848,0.129706099629402,-0.71733021736145,-0.189395815134048,0.645604729652405,-0.181000262498856
295.773556947708,1,-0.984746813774109,-0.27213442325592,0.12984211742878,-0.717277109622955,-0.189862623810768,0.645413815975189,-0.181402057409286
295.792962789536,1,-0.984722554683685,-0.27269971370697,0.129120841622353,-0.716240525245667,-0.187971711158752,0.647331416606903,-0.180632799863815
295.818600416183,1,-0.984689891338348,-0.272487491369247,0.129475280642509,-0.716962993144989,-0.187910452485085,0.646547019481659,-0.180639699101448
295.843068122864,1,-0.984744548797607,-0.272159546613693,0.129842132329941,-0.717527985572815,-0.188156113028526,0.645750880241394,-0.180988132953644
295.854430675507,1,-0.984855473041534,-0.271939337253571,0.129947513341904,-0.717467188835144,-0.18844909965992,0.645679593086243,-0.181178718805313
295.872705459595,1,-0.984880089759827,-0.272025406360626,0.129779756069183,-0.716957271099091,-0.188358977437019,0.646291136741638,-0.181110322475433
295.893371105194,1,-0.98486053943634,-0.272123545408249,0.129691541194916,-0.716630876064301,-0.188594534993172,0.646667897701263,-0.180812180042267
295.933299303055,1,-0.984858989715576,-0.272024124860764,0.129848957061768,-0.716740548610687,-0.188887506723404,0.646503984928131,-0.180657684803009
295.936956882477,1,-0.98486602306366,-0.271899521350861,0.130017399787903,-0.717047989368439,-0.188466131687164,0.646279752254486,-0.1806800365448
295.953986644745,1,-0.984846353530884,-0.271727502346039,0.1302809715271,-0.71759033203125,-0.188120648264885,0.645747900009155,-0.180788412690163
295.973324537277,1,-0.984838008880615,-0.271731078624725,0.130307376384735,-0.717739522457123,-0.187659561634064,0.645718812942505,-0.180779099464417
295.993095159531,1,-0.984841167926788,-0.271764546632767,0.130217671394348,-0.717393577098846,-0.187959164381027,0.646080493927002,-0.180548623204231
296.028961896896,1,-0.984846353530884,-0.271766781806946,0.13024665415287,-0.716969311237335,-0.188919112086296,0.646328330039978,-0.180344924330711
296.033591032028,1,-0.984915614128113,-0.272536218166351,0.128632262349129,-0.712728559970856,-0.186689883470535,0.651635825634003,-0.180376768112183
296.052517414093,1,-0.984658181667328,-0.268605798482895,0.136935204267502,-0.72867876291275,-0.200442314147949,0.628983199596405,-0.182291835546494
296.072742462158,1,-0.984600126743317,-0.26766163110733,0.138614684343338,-0.731189370155334,-0.202248737215996,0.625194549560547,-0.183273896574974
296.09358549118,1,-0.984570741653442,-0.267546325922012,0.138800084590912,-0.731233835220337,-0.20053805410862,0.625334978103638,-0.18449367582798
296.119670152664,1,-0.98452752828598,-0.267554998397827,0.138444051146507,-0.73006546497345,-0.197418078780174,0.627104461193085,-0.186468884348869
296.133254289627,1,-0.984683215618134,-0.270410656929016,0.132284134626389,-0.717028558254242,-0.18522347509861,0.645573318004608,-0.186540946364403
296.153535842896,1,-0.98475056886673,-0.271395981311798,0.1302849650383,-0.711524784564972,-0.179500117897987,0.65280818939209,-0.188025876879692
296.193804264069,1,-0.984816014766693,-0.272047221660614,0.129476606845856,-0.708284556865692,-0.176734030246735,0.656957507133484,-0.188427299261093
296.196023702621,1,-0.984883844852448,-0.27228444814682,0.129235073924065,-0.704857349395752,-0.178371444344521,0.660558581352234,-0.187142208218575
296.213385105133,1,-0.984894454479218,-0.271418392658234,0.130027800798416,-0.702915847301483,-0.184181958436966,0.660989463329315,-0.187294811010361
296.232564687729,1,-0.984876215457916,-0.270925998687744,0.130503639578819,-0.700358033180237,-0.188418701291084,0.662675499916077,-0.18670366704464
296.268277645111,1,-0.984932005405426,-0.27139887213707,0.130175411701202,-0.69724053144455,-0.1878821849823,0.66604071855545,-0.186937615275383
296.276576519012,1,-0.984815299510956,-0.270700097084045,0.131227180361748,-0.697268128395081,-0.185571238398552,0.665148735046387,-0.192243590950966
296.293189525604,1,-0.98483544588089,-0.27084881067276,0.130811899900436,-0.694425940513611,-0.179362207651138,0.668270647525787,-0.197525382041931
296.313817024231,1,-0.984729468822479,-0.270142734050751,0.131703272461891,-0.693734526634216,-0.177760347723961,0.667911887168884,-0.202552229166031
296.347387075424,1,-0.984872877597809,-0.271111071109772,0.13044673204422,-0.688055038452148,-0.176536470651627,0.674297988414764,-0.201835438609123
296.353455066681,1,-0.984250724315643,-0.266351312398911,0.135582193732262,-0.694035589694977,-0.188030555844307,0.662160396575928,-0.210956797003746
296.374012708664,1,-0.984074234962463,-0.26501527428627,0.137246981263161,-0.695460140705109,-0.190784618258476,0.658663392066956,-0.214706838130951
296.400788784027,1,-0.98416543006897,-0.266146302223206,0.135942205786705,-0.693305253982544,-0.185555040836334,0.662059426307678,-0.215811267495155
296.424920797348,1,-0.984299421310425,-0.266832202672958,0.134931311011314,-0.692145764827728,-0.180895581841469,0.664158642292023,-0.217035576701164
296.437515735626,1,-0.984350919723511,-0.26728081703186,0.134424120187759,-0.692585825920105,-0.176199570298195,0.664389491081238,-0.218781411647797
296.452671289444,1,-0.984329700469971,-0.267221570014954,0.134644627571106,-0.694618463516235,-0.173484459519386,0.662525296211243,-0.220156118273735
296.478091716766,1,-0.984076917171478,-0.26255601644516,0.142098560929298,-0.711752951145172,-0.186145856976509,0.639909446239471,-0.22197613120079
296.50203704834,1,-0.984160721302032,-0.265199840068817,0.137820854783058,-0.702447175979614,-0.17688949406147,0.653215706348419,-0.220425322651863
296.513952970505,1,-0.984229505062103,-0.266571849584579,0.135701596736908,-0.696386218070984,-0.17416176199913,0.660927772521973,-0.218834206461906
296.533038139343,1,-0.984250545501709,-0.266977727413177,0.135059431195259,-0.693352341651917,-0.174634590744972,0.664326429367065,-0.217797309160233
296.55339717865,1,-0.984310626983643,-0.267115086317062,0.13473279774189,-0.691475987434387,-0.174609988927841,0.666087090969086,-0.218404173851013
296.57311964035,1,-0.984304130077362,-0.266968309879303,0.13483601808548,-0.691250145435333,-0.174648061394691,0.665855228900909,-0.219791039824486
296.596544742584,1,-0.984292328357697,-0.266808122396469,0.134927600622177,-0.691707491874695,-0.173359587788582,0.664921939373016,-0.222184658050537
296.613395690918,1,-0.984216868877411,-0.266176491975784,0.135604798793793,-0.693553268909454,-0.172921672463417,0.66225528717041,-0.224722117185593
296.632914304733,1,-0.984154343605042,-0.265219509601593,0.136694237589836,-0.695837199687958,-0.174299463629723,0.658967316150665,-0.226257622241974
296.662824392319,1,-0.98408168554306,-0.264275223016739,0.137910380959511,-0.6979119181633,-0.176255702972412,0.655983328819275,-0.22702157497406
296.68683719635,1,-0.983965873718262,-0.263591557741165,0.138753727078438,-0.698552072048187,-0.177373856306076,0.654711961746216,-0.22785060107708
296.69720697403,1,-0.983897566795349,-0.262923926115036,0.139442443847656,-0.698636114597321,-0.178507745265961,0.654101490974426,-0.228459671139717
296.713070392609,1,-0.983886897563934,-0.263049066066742,0.139201283454895,-0.697399973869324,-0.177588537335396,0.655651152133942,-0.228511065244675
296.732990980148,1,-0.983884751796722,-0.263286232948303,0.138863638043404,-0.696498334407806,-0.17636701464653,0.656804859638214,-0.228893518447876
296.756618976593,1,-0.983880341053009,-0.263083934783936,0.139074474573135,-0.696930587291718,-0.175997391343117,0.656081199645996,-0.229935050010681
296.778698921204,1,-0.983870625495911,-0.262533664703369,0.139676198363304,-0.698197364807129,-0.17635290324688,0.654118120670319,-0.23140786588192
296.792707204819,1,-0.983870267868042,-0.262150377035141,0.140097707509995,-0.699048697948456,-0.176690280437469,0.652816712856293,-0.232253775000572
296.812557220459,1,-0.984534740447998,-0.269283801317215,0.132930263876915,-0.686337113380432,-0.161816865205765,0.67384946346283,-0.220643848180771
296.833523750305,1,-0.984541237354279,-0.269634902477264,0.132552742958069,-0.685314655303955,-0.161868527531624,0.675107598304749,-0.219936788082123
296.856347560883,1,-0.984594106674194,-0.269960582256317,0.132092714309692,-0.684173762798309,-0.162029638886452,0.67623645067215,-0.219902470707893
296.875674724579,1,-0.984650492668152,-0.269814372062683,0.132041841745377,-0.683824062347412,-0.163193315267563,0.676108717918396,-0.220521166920662
296.892679691315,1,-0.98467355966568,-0.269971072673798,0.131877645850182,-0.683333456516266,-0.163231819868088,0.676578998565674,-0.220571532845497
296.912658452988,1,-0.984696388244629,-0.270056366920471,0.131750166416168,-0.682772994041443,-0.162859901785851,0.677241742610931,-0.220547899603844
296.941780328751,1,-0.984684348106384,-0.270016312599182,0.131823599338531,-0.682626307010651,-0.162559509277344,0.677552759647369,-0.220267847180367
296.965744256973,1,-0.984663248062134,-0.269917041063309,0.131938681006432,-0.682660698890686,-0.162477120757103,0.677496492862701,-0.220395430922508
296.975263595581,1,-0.984683454036713,-0.270039886236191,0.13179138302803,-0.682110726833344,-0.162294998764992,0.678039729595184,-0.220561504364014
296.992612123489,1,-0.98470801115036,-0.270285308361053,0.131541728973389,-0.681270182132721,-0.162255883216858,0.678879082202911,-0.220606237649918
297.012602806091,1,-0.984720647335052,-0.270377784967422,0.131475955247879,-0.680703222751617,-0.162535831332207,0.679325342178345,-0.220776677131653
297.037592411041,1,-0.984653890132904,-0.269969254732132,0.131944805383682,-0.680987238883972,-0.163831576704979,0.678417563438416,-0.221732243895531
297.06220126152,1,-0.984622240066528,-0.269861161708832,0.132220432162285,-0.681001663208008,-0.16463029384613,0.678147971630096,-0.221920982003212
297.074464559555,1,-0.984580457210541,-0.269665330648422,0.132423460483551,-0.680738210678101,-0.164940297603607,0.678023636341095,-0.222877308726311
297.09321808815,1,-0.984563231468201,-0.269500374794006,0.132571905851364,-0.680431842803955,-0.165212452411652,0.677947700023651,-0.22383987903595
297.112723350525,1,-0.984501719474792,-0.269047975540161,0.132991015911102,-0.680513024330139,-0.166713386774063,0.677135467529297,-0.224936172366142
297.133185386658,1,-0.984546422958374,-0.26920810341835,0.1326554864645,-0.67879056930542,-0.1672722697258,0.678682088851929,-0.225064352154732
297.156784772873,1,-0.984530687332153,-0.268833577632904,0.132920533418655,-0.678147852420807,-0.16905502974987,0.67850536108017,-0.226199865341187
297.17259645462,1,-0.984617114067078,-0.269322663545609,0.132266283035278,-0.676031649112701,-0.168329611420631,0.680849015712738,-0.226033225655556
297.192971467972,1,-0.984684646129608,-0.269589334726334,0.131919339299202,-0.674873828887939,-0.167642503976822,0.682049453258514,-0.226384699344635
297.221785068512,1,-0.984673738479614,-0.269540399312973,0.131980076432228,-0.674764931201935,-0.167680859565735,0.682089626789093,-0.226559445261955
297.243717670441,1,-0.984632253646851,-0.26948356628418,0.132090628147125,-0.675202548503876,-0.167601808905602,0.681823372840881,-0.226115092635155
297.258979082108,1,-0.984571278095245,-0.269249737262726,0.132388234138489,-0.676293611526489,-0.167312458157539,0.680658876895905,-0.226577058434486
297.272912025452,1,-0.984519243240356,-0.269199669361115,0.132560104131699,-0.677414119243622,-0.166291028261185,0.67972469329834,-0.226785585284233
297.298525333405,1,-0.984566330909729,-0.269508123397827,0.132291987538338,-0.677846491336823,-0.165109410881996,0.679984509944916,-0.225575059652328
297.324216604233,1,-0.984565258026123,-0.269415944814682,0.132560461759567,-0.679548859596252,-0.165301531553268,0.678626418113708,-0.224398925900459
297.336999177933,1,-0.984546184539795,-0.269502311944962,0.132601052522659,-0.680652379989624,-0.164595201611519,0.677967846393585,-0.223563119769096
297.353004693985,1,-0.984611749649048,-0.269919514656067,0.132087305188179,-0.68048620223999,-0.16313162446022,0.678914070129395,-0.222266435623169
297.373872518539,1,-0.984648525714874,-0.270084470510483,0.131901755928993,-0.680798470973969,-0.162669628858566,0.679137885570526,-0.220961034297943
297.393446683884,1,-0.984631180763245,-0.270230084657669,0.131751254200935,-0.680967748165131,-0.162020608782768,0.67952299118042,-0.219729259610176
297.428574562073,1,-0.984598755836487,-0.270203143358231,0.131742566823959,-0.68111377954483,-0.161381497979164,0.679600238800049,-0.219507843255997
297.43248796463,1,-0.984610438346863,-0.270233541727066,0.131726771593094,-0.681165814399719,-0.161758229136467,0.679734647274017,-0.2186508923769
297.45251750946,1,-0.98458868265152,-0.270130723714828,0.131837546825409,-0.681616544723511,-0.162619695067406,0.679420828819275,-0.217580258846283
297.481123447418,1,-0.984559714794159,-0.270091623067856,0.131904646754265,-0.682233989238739,-0.162823542952538,0.679064273834229,-0.216603472828865
297.505980730057,1,-0.984541714191437,-0.270097821950912,0.1319620013237,-0.682973802089691,-0.162663534283638,0.67862868309021,-0.215755507349968
297.512950897217,1,-0.9844731092453,-0.269693911075592,0.132445275783539,-0.68423867225647,-0.163453325629234,0.677133977413177,-0.215847507119179
297.53276348114,1,-0.984474241733551,-0.269736230373383,0.132413610816002,-0.684043943881989,-0.164002925157547,0.677390098571777,-0.215243384242058
297.560750722885,1,-0.984508574008942,-0.269781082868576,0.132278740406036,-0.682965576648712,-0.165626510977745,0.678359806537628,-0.214368656277657
297.584715127945,1,-0.984513878822327,-0.26971298456192,0.132414430379868,-0.682227492332458,-0.167304590344429,0.678773760795593,-0.214105233550072
297.597446918488,1,-0.984529972076416,-0.270178854465485,0.132052332162857,-0.680695354938507,-0.166623249650002,0.680719137191772,-0.213335707783699
297.613087892532,1,-0.984345078468323,-0.270361453294754,0.131991744041443,-0.680416584014893,-0.165426954627037,0.681345403194427,-0.213156446814537
297.637053966522,1,-0.984466552734375,-0.27017018198967,0.131745755672455,-0.679940581321716,-0.165445491671562,0.681861102581024,-0.213012084364891
297.665845155716,1,-0.984314918518066,-0.270503640174866,0.131785988807678,-0.680972099304199,-0.1619972884655,0.681375920772552,-0.213917672634125
297.677523374557,1,-0.984209597110748,-0.269224107265472,0.132516637444496,-0.682936608791351,-0.163467317819595,0.678316056728363,-0.216248571872711
297.69348692894,1,-0.984044134616852,-0.27001279592514,0.132867738604546,-0.68474930524826,-0.159848764538765,0.677696704864502,-0.215160369873047
297.719007968903,1,-0.984368324279785,-0.269776344299316,0.132152408361435,-0.682970523834229,-0.160214245319366,0.679101705551147,-0.216109916567802
297.739847660065,1,-0.984198093414307,-0.268442749977112,0.132965788245201,-0.684215307235718,-0.163358926773071,0.676126480102539,-0.219126269221306
297.75364613533,1,-0.984463453292847,-0.269144952297211,0.132288858294487,-0.681571841239929,-0.163438722491264,0.67886757850647,-0.218829661607742
297.774331331253,1,-0.984190225601196,-0.268794596195221,0.132737994194031,-0.680063724517822,-0.167469888925552,0.67980945110321,-0.217546328902245
297.809899568558,1,-0.984025418758392,-0.269299387931824,0.131994798779488,-0.675423502922058,-0.169755414128304,0.68471747636795,-0.214821577072144
297.814765930176,1,-0.984145224094391,-0.269337743520737,0.131686970591545,-0.672233104705811,-0.172124996781349,0.68713653087616,-0.215218558907509
297.833235740662,1,-0.98372346162796,-0.265149474143982,0.136017069220543,-0.678530693054199,-0.182367727160454,0.675726175308228,-0.223007187247276
297.852556943893,1,-0.983474671840668,-0.264360368251801,0.137125492095947,-0.68015468120575,-0.183307722210884,0.672923266887665,-0.225748375058174
297.882454872131,1,-0.98328310251236,-0.26483228802681,0.136438891291618,-0.678033232688904,-0.180981010198593,0.675486624240875,-0.226350903511047
297.906030416489,1,-0.983266830444336,-0.265611350536346,0.135705024003983,-0.675190627574921,-0.180299386382103,0.679097235202789,-0.224581494927406
297.913409233093,1,-0.983277082443237,-0.26643231511116,0.135186672210693,-0.672715663909912,-0.179576277732849,0.682303190231323,-0.222863987088203
297.934182167053,1,-0.98336261510849,-0.267577975988388,0.133930966258049,-0.669151186943054,-0.176901966333389,0.687139451503754,-0.220866188406944
297.953030586243,1,-0.983709335327148,-0.268522590398788,0.132411941885948,-0.665697872638702,-0.173316866159439,0.691547989845276,-0.220383748412132
297.982484340668,1,-0.983953952789307,-0.268469274044037,0.132363826036453,-0.665663123130798,-0.173210933804512,0.691670477390289,-0.22018751502037
298.005654573441,1,-0.984074950218201,-0.268428862094879,0.132383689284325,-0.665664970874786,-0.172477498650551,0.691616237163544,-0.220926821231842
298.01834821701,1,-0.983950912952423,-0.268572896718979,0.132232338190079,-0.66503381729126,-0.171079739928246,0.69242388010025,-0.221384361386299
298.033495426178,1,-0.983787894248962,-0.268450379371643,0.132446765899658,-0.664369344711304,-0.171144559979439,0.692902684211731,-0.221830919384956
298.053546667099,1,-0.983882784843445,-0.268600463867188,0.132127553224564,-0.660860002040863,-0.170893460512161,0.696339964866638,-0.221743479371071
298.093540668488,1,-0.98410838842392,-0.270021110773087,0.129922062158585,-0.652310490608215,-0.165922164916992,0.705328226089478,-0.22242546081543
298.094460964203,1,-0.983782172203064,-0.27010315656662,0.130303308367729,-0.649959862232208,-0.166866987943649,0.707668125629425,-0.221164092421532
298.114139556885,1,-0.983525514602661,-0.269773066043854,0.130538314580917,-0.647976100444794,-0.169895231723785,0.709099650382996,-0.220091506838799
298.13325715065,1,-0.983546495437622,-0.270166128873825,0.129878953099251,-0.644646763801575,-0.169867053627968,0.712230384349823,-0.219780892133713
298.157262802124,1,-0.983666598796844,-0.270257860422134,0.129605114459991,-0.643034636974335,-0.169527053833008,0.713449418544769,-0.220809787511826
298.184564352036,1,-0.983689785003662,-0.2705397605896,0.129480391740799,-0.642512619495392,-0.167553260922432,0.714067220687866,-0.221836745738983
298.197078943253,1,-0.984192728996277,-0.27063575387001,0.128906518220901,-0.640895187854767,-0.166364938020706,0.715105593204498,-0.224054038524628
298.21312046051,1,-0.984610676765442,-0.270583689212799,0.128830716013908,-0.640577793121338,-0.166540414094925,0.715080916881561,-0.224908277392387
298.233100175858,1,-0.984504699707031,-0.270145416259766,0.129290118813515,-0.641826272010803,-0.167111665010452,0.713925898075104,-0.224594339728355
298.25556397438,1,-0.98383492231369,-0.26985502243042,0.129905521869659,-0.64429384469986,-0.165627136826515,0.71204149723053,-0.224611088633537
298.278341531754,1,-0.983209729194641,-0.270085632801056,0.1300218552351,-0.646454215049744,-0.162922322750092,0.710967838764191,-0.223781287670135
298.293674945831,1,-0.983234286308289,-0.27044814825058,0.129409655928612,-0.646452665328979,-0.160872519016266,0.711625218391418,-0.223178446292877
298.312757968903,1,-0.983820915222168,-0.271493673324585,0.12814562022686,-0.644631266593933,-0.157269418239594,0.714086592197418,-0.223153114318848
298.333961009979,1,-0.984389066696167,-0.272099524736404,0.127067372202873,-0.643107950687408,-0.155539125204086,0.715878248214722,-0.2230204641819
298.354215860367,1,-0.984918892383575,-0.271899729967117,0.127491056919098,-0.644621729850769,-0.154760107398033,0.714056074619293,-0.225024625658989
298.373390197754,1,-0.984257102012634,-0.271311670541763,0.129069939255714,-0.648910820484161,-0.155107825994492,0.710418164730072,-0.223969534039497
298.392550230026,1,-0.982629060745239,-0.2720787525177,0.129078134894371,-0.65170282125473,-0.151138111948967,0.709816515445709,-0.22045724093914
298.413389921188,1,-0.982552587985992,-0.27323654294014,0.127395287156105,-0.650615096092224,-0.146328896284103,0.712121665477753,-0.219478115439415
298.447340250015,1,-0.985483586788177,-0.273808032274246,0.124925836920738,-0.644998908042908,-0.146155968308449,0.716808676719666,-0.220907613635063
298.461716175079,1,-0.986548244953156,-0.272716343402863,0.125495359301567,-0.648341178894043,-0.146849423646927,0.712499856948853,-0.224572658538818
298.473329305649,1,-0.984434843063354,-0.270096719264984,0.128940582275391,-0.660554885864258,-0.150979787111282,0.703014373779297,-0.215970486402512
298.492844581604,1,-0.982819020748138,-0.271298736333847,0.127785220742226,-0.66163158416748,-0.146834135055542,0.705458283424377,-0.207393601536751
298.515741109848,1,-0.984997391700745,-0.275304347276688,0.122450642287731,-0.651238262653351,-0.136059552431107,0.712803840637207,-0.222007185220718
298.539245843887,1,-0.985829412937164,-0.268639594316483,0.13003371655941,-0.669380843639374,-0.158449158072472,0.688407480716705,-0.230039805173874
298.553358793259,1,-0.984541177749634,-0.266635537147522,0.13315324485302,-0.677373230457306,-0.165032669901848,0.68095874786377,-0.224109247326851
298.572536468506,1,-0.982614874839783,-0.267457515001297,0.132705003023148,-0.677525103092194,-0.163396388292313,0.684684991836548,-0.213231861591339
298.592873334885,1,-0.98161244392395,-0.269008278846741,0.132333636283875,-0.678828477859497,-0.159350723028183,0.683469653129578,-0.216029033064842
298.616509437561,1,-0.983073592185974,-0.268157243728638,0.132656633853912,-0.680191338062286,-0.160421639680862,0.679415941238403,-0.223603844642639
298.633532762527,1,-0.983757555484772,-0.266667425632477,0.134297370910645,-0.684194505214691,-0.163408756256104,0.673693776130676,-0.226521953940392
298.6537733078,1,-0.983136415481567,-0.266618818044662,0.134602382779121,-0.686118006706238,-0.162275776267052,0.672204673290253,-0.225941687822342
298.692501783371,1,-0.982037663459778,-0.266986429691315,0.13491103053093,-0.687900960445404,-0.161503046751022,0.671172082424164,-0.224136620759964
298.693789720535,1,-0.981731295585632,-0.267484575510025,0.134140640497208,-0.686616480350494,-0.161535501480103,0.673233211040497,-0.221858814358711
298.712921619415,1,-0.982398271560669,-0.266512334346771,0.134658008813858,-0.687718749046326,-0.165329098701477,0.670382440090179,-0.2242691218853
298.733045816422,1,-0.983062565326691,-0.265372723340988,0.135452717542648,-0.689309656620026,-0.167637705802917,0.667197644710541,-0.227150022983551
298.757617712021,1,-0.983134806156158,-0.264418035745621,0.136500179767609,-0.691258728504181,-0.169497564435005,0.664448261260986,-0.227904424071312
298.774767875671,1,-0.982308328151703,-0.264905452728271,0.136456400156021,-0.691188514232635,-0.168110936880112,0.665292084217072,-0.226679489016533
298.79287314415,1,-0.981399595737457,-0.265699505805969,0.136261001229286,-0.689926743507385,-0.167563810944557,0.667711675167084,-0.223796159029007
298.813166379929,1,-0.9818155169487,-0.265625149011612,0.135645970702171,-0.686771094799042,-0.169955939054489,0.670379340648651,-0.223723009228706
298.84978222847,1,-0.98289829492569,-0.265325486660004,0.134783059358597,-0.683025300502777,-0.172205552458763,0.672846496105194,-0.22605162858963
298.854194641113,1,-0.982656300067902,-0.264782428741455,0.136307522654533,-0.685810744762421,-0.173341363668442,0.669203758239746,-0.227558448910713
298.873100757599,1,-0.981628894805908,-0.265479654073715,0.136429816484451,-0.686771094799042,-0.170751839876175,0.669324100017548,-0.226262018084526
298.892578601837,1,-0.981649518013,-0.266132146120071,0.134734883904457,-0.683805584907532,-0.168287470936775,0.672966539859772,-0.226285949349403
298.926054954529,1,-0.982790768146515,-0.264783769845963,0.135248512029648,-0.684920608997345,-0.169813722372055,0.669984519481659,-0.230581685900688
298.939056396484,1,-0.982534766197205,-0.263987809419632,0.137157618999481,-0.689418196678162,-0.170207336544991,0.665050387382507,-0.231171220541
298.953442573547,1,-0.981737375259399,-0.265254974365234,0.136180236935616,-0.687529861927032,-0.16620697081089,0.668887376785278,-0.228621453046799
298.974959850311,1,-0.981749176979065,-0.265973031520844,0.134960040450096,-0.683799803256989,-0.164885640144348,0.6737020611763,-0.226618841290474
299.006626605988,1,-0.98236745595932,-0.265893042087555,0.134883478283882,-0.681652843952179,-0.166222155094147,0.67568176984787,-0.226216092705727
299.016587972641,1,-0.982149541378021,-0.266461342573166,0.13470821082592,-0.680827379226685,-0.164419680833817,0.677167534828186,-0.225576043128967
299.033016443253,1,-0.981952786445618,-0.266924947500229,0.133947923779488,-0.679718554019928,-0.162926033139229,0.67855429649353,-0.225836291909218
299.059544801712,1,-0.982362329959869,-0.266503930091858,0.133848696947098,-0.679865539073944,-0.164453431963921,0.677624404430389,-0.227075219154358
299.082427501678,1,-0.982018172740936,-0.266325235366821,0.134461879730225,-0.682165503501892,-0.164582192897797,0.675271034240723,-0.227094918489456
299.095369338989,1,-0.981821060180664,-0.266494035720825,0.134275123476982,-0.682700216770172,-0.163711994886398,0.674925625324249,-0.227143540978432
299.112628936768,1,-0.982127487659454,-0.265815943479538,0.134942829608917,-0.684170663356781,-0.166396871209145,0.672817528247833,-0.227022543549538
299.133558988571,1,-0.981671154499054,-0.265971511602402,0.135303884744644,-0.685742139816284,-0.166452988982201,0.671784281730652,-0.225293189287186
299.174312829971,1,-0.981564700603485,-0.266112387180328,0.135013476014137,-0.685868620872498,-0.166275799274445,0.671900570392609,-0.224691733717918
299.177388429642,1,-0.982261300086975,-0.26532444357872,0.135097965598106,-0.686137735843658,-0.16828216612339,0.670562386512756,-0.22636766731739
299.192779541016,1,-0.981816589832306,-0.265262961387634,0.135749489068985,-0.688679814338684,-0.166822716593742,0.668329954147339,-0.226330578327179
299.21354174614,1,-0.9813192486763,-0.265774339437485,0.135202750563622,-0.688536286354065,-0.163889899849892,0.669498145580292,-0.225455611944199
299.239206314087,1,-0.98192834854126,-0.264772891998291,0.135609403252602,-0.688790500164032,-0.167643442749977,0.66783219575882,-0.226855650544167
299.263003826141,1,-0.982029914855957,-0.263792425394058,0.137043610215187,-0.691332876682281,-0.171411678195,0.66396701335907,-0.227650538086891
299.276379346848,1,-0.981249928474426,-0.264523983001709,0.136835649609566,-0.691232442855835,-0.16918908059597,0.665226697921753,-0.225934192538261
299.293090105057,1,-0.980895042419434,-0.26441279053688,0.13729140162468,-0.692175269126892,-0.170695140957832,0.664169728755951,-0.225022450089455
299.312755584717,1,-0.98174124956131,-0.263669312000275,0.137086734175682,-0.690768361091614,-0.175063401460648,0.66423100233078,-0.225807994604111
299.333708524704,1,-0.982136487960815,-0.263441771268845,0.137016892433167,-0.690247595310211,-0.176788941025734,0.664019346237183,-0.2266765832901
299.360147714615,1,-0.981246650218964,-0.264384120702744,0.136746108531952,-0.690593421459198,-0.173866376280785,0.664871156215668,-0.225383341312408
299.373249053955,1,-0.980942368507385,-0.264952838420868,0.136000618338585,-0.689750134944916,-0.171080216765404,0.666459441184998,-0.225406780838966
299.394379615784,1,-0.981602847576141,-0.264230132102966,0.136068925261497,-0.690030992031097,-0.17254750430584,0.665085196495056,-0.227478235960007
299.413012742996,1,-0.981926918029785,-0.263994365930557,0.136018469929695,-0.690076053142548,-0.17385533452034,0.664606690406799,-0.227744236588478
299.43351817131,1,-0.981031656265259,-0.264273822307587,0.137198343873024,-0.693186700344086,-0.173904865980148,0.662287533283234,-0.224999114871025
299.45835351944,1,-0.980798721313477,-0.264592230319977,0.137403890490532,-0.693701863288879,-0.173726052045822,0.662286758422852,-0.223547026515007
299.473024368286,1,-0.981704831123352,-0.26525291800499,0.134930983185768,-0.688062846660614,-0.172154977917671,0.668436944484711,-0.223884478211403
299.493513584137,1,-0.981898725032806,-0.265037059783936,0.135014966130257,-0.68839293718338,-0.17249970138073,0.668061077594757,-0.223726168274879
299.513917922974,1,-0.981022536754608,-0.264915734529495,0.136667028069496,-0.692698061466217,-0.17315636575222,0.664111435413361,-0.221680611371994
299.550601959229,1,-0.981072664260864,-0.265373975038528,0.135632112622261,-0.690531611442566,-0.173529207706451,0.666753172874451,-0.220213457942009
299.559215784073,1,-0.981638312339783,-0.265343010425568,0.134756863117218,-0.68849390745163,-0.174654006958008,0.668321967124939,-0.22094763815403
299.572519779205,1,-0.981528878211975,-0.265062928199768,0.135681658983231,-0.690780818462372,-0.174334585666656,0.665606498718262,-0.222255140542984
299.593514204025,1,-0.981151461601257,-0.265608847141266,0.135344102978706,-0.690510869026184,-0.171356618404388,0.66688084602356,-0.221588835120201
299.635086774826,1,-0.981334686279297,-0.265906572341919,0.134242132306099,-0.688143730163574,-0.170313701033592,0.669824600219727,-0.220876842737198
299.638671875,1,-0.981431305408478,-0.265784800052643,0.134399488568306,-0.688563466072083,-0.170993626117706,0.669380724430084,-0.220388531684875
299.653151035309,1,-0.98120129108429,-0.265878826379776,0.134739056229591,-0.689518690109253,-0.170932576060295,0.668745517730713,-0.219375386834145
299.673503637314,1,-0.981196761131287,-0.266181737184525,0.134279802441597,-0.688534438610077,-0.170126169919968,0.67008501291275,-0.21900574862957
299.694557666779,1,-0.981393992900848,-0.266309082508087,0.133616536855698,-0.686929941177368,-0.16995458304882,0.671769201755524,-0.21901823580265
299.724916696548,1,-0.981228828430176,-0.266018837690353,0.134242326021194,-0.68841016292572,-0.170906350016594,0.670010268688202,-0.219017907977104
299.738548755646,1,-0.981053233146667,-0.265926897525787,0.134724199771881,-0.689781844615936,-0.170140787959099,0.668586790561676,-0.219647124409676
299.753318548203,1,-0.981296300888062,-0.265994071960449,0.133979260921478,-0.6880903840065,-0.17032565176487,0.670305252075195,-0.219571694731712
299.778479337692,1,-0.98118394613266,-0.265661418437958,0.134689137339592,-0.68941056728363,-0.171571210026741,0.668645441532135,-0.219521686434746
299.802561044693,1,-0.981024861335754,-0.265608668327332,0.135260716080666,-0.690297544002533,-0.171822115778923,0.667634725570679,-0.219614371657372
299.815512418747,1,-0.981030821800232,-0.266068249940872,0.134593203663826,-0.688646137714386,-0.170745834708214,0.66979193687439,-0.219069123268127
299.833022594452,1,-0.981061041355133,-0.266421556472778,0.13398939371109,-0.687429904937744,-0.169379860162735,0.671525895595551,-0.218640401959419
299.856556892395,1,-0.980835437774658,-0.266316652297974,0.134623140096664,-0.689136981964111,-0.169778987765312,0.669900417327881,-0.217942118644714
299.880329370499,1,-0.980994701385498,-0.266785264015198,0.133670121431351,-0.687380790710449,-0.168065205216408,0.672192573547363,-0.217759162187576
299.89403295517,1,-0.98084682226181,-0.267017185688019,0.133718252182007,-0.687835097312927,-0.16718253493309,0.672070443630219,-0.217380627989769
299.912896633148,1,-0.980769038200378,-0.267123162746429,0.133819475769997,-0.688188254833221,-0.167202979326248,0.671873331069946,-0.21685566008091
299.933524131775,1,-0.980916142463684,-0.267518997192383,0.133145228028297,-0.68674498796463,-0.166080370545387,0.673767566680908,-0.216416254639626
299.956353664398,1,-0.981280148029327,-0.267909109592438,0.131631106138229,-0.683240830898285,-0.166115581989288,0.677495777606964,-0.215840443968773
299.972951889038,1,-0.981241106987,-0.268074601888657,0.131592690944672,-0.683083474636078,-0.166614919900894,0.677713394165039,-0.215269774198532
299.99236869812,1,-0.98130214214325,-0.268426060676575,0.131281018257141,-0.682348370552063,-0.165630519390106,0.678627133369446,-0.21548230946064
300.013417482376,1,-0.981460392475128,-0.268652766942978,0.131008505821228,-0.681640803813934,-0.165295034646988,0.67933577299118,-0.215745881199837
300.049971103668,1,-0.981541812419891,-0.268541485071182,0.131281912326813,-0.682050228118896,-0.16642864048481,0.678680062294006,-0.215644180774689
300.05523443222,1,-0.981281697750092,-0.268596291542053,0.132029458880424,-0.683599829673767,-0.166833370923996,0.677291452884674,-0.214788928627968
300.072679281235,1,-0.981123745441437,-0.269223511219025,0.131641879677773,-0.682787895202637,-0.165324494242668,0.67900288105011,-0.213128075003624
300.092682361603,1,-0.981266975402832,-0.269809931516647,0.130336910486221,-0.680328249931335,-0.162756890058517,0.68218719959259,-0.212801203131676
300.132146835327,1,-0.981473803520203,-0.269836902618408,0.12966188788414,-0.679405808448792,-0.161845177412033,0.683136522769928,-0.213397175073624
300.134979486465,1,-0.981548726558685,-0.269474714994431,0.129995852708817,-0.680251955986023,-0.163117676973343,0.681915581226349,-0.21363790333271
300.15394282341,1,-0.981558620929718,-0.269377708435059,0.130697429180145,-0.681548058986664,-0.163821309804916,0.680295646190643,-0.214132279157639
300.172766685486,1,-0.981367647647858,-0.270021468400955,0.130685016512871,-0.681915104389191,-0.161673620343208,0.680496573448181,-0.213957712054253
300.207118988037,1,-0.981364786624908,-0.270493805408478,0.129740446805954,-0.680500209331512,-0.158915281295776,0.682317495346069,-0.214728429913521
300.219770908356,1,-0.98158198595047,-0.270275592803955,0.129092544317245,-0.679733395576477,-0.158629164099693,0.682914912700653,-0.215468317270279
300.232534885406,1,-0.981590569019318,-0.26956769824028,0.130208492279053,-0.682627975940704,-0.160029977560043,0.679590165615082,-0.215793251991272
300.254997253418,1,-0.98137092590332,-0.26936200261116,0.131713271141052,-0.686179339885712,-0.160316497087479,0.676160335540771,-0.215090125799179
300.288070678711,1,-0.981221079826355,-0.269917845726013,0.131009414792061,-0.685078322887421,-0.158098563551903,0.677929520606995,-0.214672148227692
300.29759144783,1,-0.981756865978241,-0.272091746330261,0.127008825540543,-0.675756394863129,-0.15144582092762,0.688602387905121,-0.215044692158699
300.312852144241,1,-0.98212867975235,-0.272726029157639,0.125630587339401,-0.671600759029388,-0.151499047875404,0.692893326282501,-0.214241549372673
300.333504915237,1,-0.982217192649841,-0.273125648498535,0.125952929258347,-0.671070098876953,-0.151340216398239,0.693557560443878,-0.213866710662842
300.354041099548,1,-0.981856048107147,-0.273248195648193,0.126766011118889,-0.672449350357056,-0.150912016630173,0.692457318305969,-0.213401734828949
300.375193119049,1,-0.981695830821991,-0.272979438304901,0.126804411411285,-0.672718107700348,-0.151074513792992,0.691973388195038,-0.214008539915085
300.393073320389,1,-0.981915891170502,-0.2723348736763,0.126509621739388,-0.672407686710358,-0.153116956353188,0.691593647003174,-0.214758813381195
300.412709236145,1,-0.982103705406189,-0.272107809782028,0.126724809408188,-0.672789871692657,-0.154263436794281,0.691018879413605,-0.214591473340988
300.433056116104,1,-0.981966972351074,-0.272342324256897,0.127414032816887,-0.674253880977631,-0.153646692633629,0.689817011356354,-0.214305832982063
300.466900587082,1,-0.981570661067963,-0.272560656070709,0.127714350819588,-0.675342381000519,-0.152182132005692,0.689132511615753,-0.214125424623489
300.479566335678,1,-0.981628000736237,-0.272172570228577,0.1274394094944,-0.6753870844841,-0.1521827429533,0.688714325428009,-0.215326055884361
300.492709159851,1,-0.981863856315613,-0.271753817796707,0.127209812402725,-0.675475180149078,-0.152584850788116,0.688276529312134,-0.216163486242294
300.512898921967,1,-0.982000708580017,-0.271830916404724,0.127414733171463,-0.676221311092377,-0.151794776320457,0.687611699104309,-0.216502234339714
300.536276578903,1,-0.981787264347076,-0.272139757871628,0.127943828701973,-0.677353858947754,-0.150909096002579,0.686942279338837,-0.215704709291458
300.561296224594,1,-0.981479585170746,-0.272258907556534,0.128024533390999,-0.677533447742462,-0.150653094053268,0.687025606632233,-0.215053394436836
300.573092222214,1,-0.981754720211029,-0.271899700164795,0.12728413939476,-0.676190674304962,-0.151828944683075,0.687607705593109,-0.216586992144585
300.593213558197,1,-0.981894075870514,-0.271587759256363,0.12718391418457,-0.67591655254364,-0.153405219316483,0.687382221221924,-0.217046782374382
300.612836122513,1,-0.981877446174622,-0.271612197160721,0.127627819776535,-0.676515460014343,-0.15395675599575,0.686590194702148,-0.217297583818436
300.652500391006,1,-0.981809496879578,-0.27180004119873,0.128236055374146,-0.677265048027039,-0.15401916205883,0.68595689535141,-0.216918125748634
300.653365135193,1,-0.981529176235199,-0.271871596574783,0.128509104251862,-0.677692711353302,-0.154149502515793,0.685700178146362,-0.216300651431084
300.672523736954,1,-0.981513142585754,-0.271579146385193,0.128279581665993,-0.677360594272614,-0.155793964862823,0.685590982437134,-0.216508418321609
300.692554950714,1,-0.9816774725914,-0.270971328020096,0.128227591514587,-0.677139937877655,-0.158449336886406,0.684915363788605,-0.217408031225204
300.721909999847,1,-0.981786608695984,-0.270692199468613,0.12834344804287,-0.677074313163757,-0.159986987709999,0.684627532958984,-0.217393130064011
300.744701385498,1,-0.981843292713165,-0.270668715238571,0.128797501325607,-0.677933812141418,-0.159404575824738,0.68376749753952,-0.217848807573318
300.756473779678,1,-0.981782495975494,-0.271075129508972,0.128968134522438,-0.678714096546173,-0.157611787319183,0.683455884456635,-0.217701286077499
300.772780179977,1,-0.981565713882446,-0.271428525447845,0.128846287727356,-0.679061949253082,-0.156290933489799,0.683413922786713,-0.217700466513634
300.798038482666,1,-0.981433033943176,-0.271222829818726,0.128699108958244,-0.679091095924377,-0.156906992197037,0.682978868484497,-0.218530043959618
300.821832180023,1,-0.981618702411652,-0.270896434783936,0.128360390663147,-0.67824912071228,-0.158211022615433,0.683280348777771,-0.219261154532433
300.836957931519,1,-0.981807827949524,-0.270834773778915,0.128202006220818,-0.677502274513245,-0.158978283405304,0.683923661708832,-0.219009160995483
300.852510452271,1,-0.981843590736389,-0.27097749710083,0.128231778740883,-0.677366197109222,-0.1590346544981,0.684100806713104,-0.218835830688477
300.876950025558,1,-0.981839001178741,-0.271267771720886,0.128264755010605,-0.677303731441498,-0.158691495656967,0.68431031703949,-0.218623355031013
300.899504423141,1,-0.981770634651184,-0.271656513214111,0.128233417868614,-0.677370190620422,-0.157399877905846,0.684544622898102,-0.218617543578148
300.91290307045,1,-0.981607019901276,-0.271972090005875,0.12813326716423,-0.677595853805542,-0.155855759978294,0.684691250324249,-0.21856515109539
300.933338880539,1,-0.981495022773743,-0.271864473819733,0.127975404262543,-0.677828729152679,-0.155421733856201,0.684345006942749,-0.21923540532589
300.954273223877,1,-0.981573760509491,-0.27151557803154,0.127818375825882,-0.677861392498016,-0.156147375702858,0.68391615152359,-0.219956248998642
300.97922205925,1,-0.981780588626862,-0.271369993686676,0.127480119466782,-0.677314341068268,-0.156920626759529,0.684261977672577,-0.220015734434128
300.992873430252,1,-0.981889367103577,-0.271502137184143,0.127296596765518,-0.676848888397217,-0.156929090619087,0.684807896614075,-0.219742923974991
301.012775421143,1,-0.98191899061203,-0.271605253219604,0.127528578042984,-0.676998198032379,-0.157189339399338,0.684732258319855,-0.219332456588745
301.051511287689,1,-0.98186981678009,-0.271965563297272,0.12757420539856,-0.676659166812897,-0.156568482518196,0.685324907302856,-0.218971654772758
301.056535959244,1,-0.98171991109848,-0.272447407245636,0.127351358532906,-0.676057934761047,-0.155530899763107,0.686395764350891,-0.218212351202965
301.073609352112,1,-0.981582701206207,-0.272668123245239,0.127146333456039,-0.675859391689301,-0.154663160443306,0.686783909797668,-0.218223065137863
301.093069076538,1,-0.981569290161133,-0.272436678409576,0.127023488283157,-0.675905168056488,-0.15468430519104,0.686440944671631,-0.219143733382225
301.113529205322,1,-0.981751978397369,-0.271634131669998,0.127005785703659,-0.676734983921051,-0.156787142157555,0.685081362724304,-0.219342723488808
301.140603065491,1,-0.981837391853333,-0.271661072969437,0.126888126134872,-0.676463067531586,-0.156722784042358,0.685341775417328,-0.219413995742798
301.153097629547,1,-0.981851398944855,-0.271756023168564,0.127096369862556,-0.676864743232727,-0.156551793217659,0.685007512569427,-0.219340726733208
301.173528432846,1,-0.981872498989105,-0.271546125411987,0.127314075827599,-0.677851974964142,-0.157271265983582,0.68400251865387,-0.218913182616234
301.197571277618,1,-0.981797635555267,-0.271550208330154,0.127601727843285,-0.678984344005585,-0.156745284795761,0.68299525976181,-0.218926057219505
301.218507289886,1,-0.98169481754303,-0.27160370349884,0.12776754796505,-0.679827094078064,-0.155752122402191,0.682283461093903,-0.219238772988319
301.233104228973,1,-0.981528759002686,-0.272002786397934,0.127687513828278,-0.67977911233902,-0.15411002933979,0.682693362236023,-0.219272315502167
301.252938985825,1,-0.981397926807404,-0.272086203098297,0.127690508961678,-0.679802179336548,-0.153595760464668,0.682690024375916,-0.219571769237518
301.272831678391,1,-0.981441736221313,-0.271825462579727,0.127614736557007,-0.679585576057434,-0.15428626537323,0.682522594928741,-0.220277592539787
301.293436765671,1,-0.981590688228607,-0.271356225013733,0.127643957734108,-0.679628133773804,-0.155784353613853,0.681986629962921,-0.220751270651817
301.316220283508,1,-0.9816934466362,-0.271302729845047,0.127581030130386,-0.679469645023346,-0.156085848808289,0.682164251804352,-0.220477119088173
301.332913637161,1,-0.981748104095459,-0.271617650985718,0.127538695931435,-0.679424464702606,-0.15530951321125,0.682669878005981,-0.219597786664963
301.353114128113,1,-0.981752336025238,-0.271816045045853,0.127647772431374,-0.679682075977325,-0.154422581195831,0.682710826396942,-0.219298765063286
301.391550302505,1,-0.981666028499603,-0.271927416324615,0.127808600664139,-0.680190443992615,-0.153389528393745,0.682271063327789,-0.21981543302536
301.394153594971,1,-0.981519520282745,-0.272225707769394,0.127662196755409,-0.680022597312927,-0.152258425951004,0.682631611824036,-0.220001742243767
301.413567781448,1,-0.981453895568848,-0.272477865219116,0.127231582999229,-0.679048180580139,-0.151996150612831,0.683743238449097,-0.219740584492683
301.432991504669,1,-0.981527090072632,-0.272143393754959,0.127040535211563,-0.678459644317627,-0.15329983830452,0.683877527713776,-0.220234423875809
301.469585180283,1,-0.981648623943329,-0.271824359893799,0.126949042081833,-0.67817884683609,-0.154512941837311,0.683872759342194,-0.220266714692116
301.481594800949,1,-0.981756746768951,-0.271992743015289,0.126754596829414,-0.677846431732178,-0.154149949550629,0.684410870075226,-0.219872191548347
301.492798566818,1,-0.981790900230408,-0.272285640239716,0.126788526773453,-0.678128182888031,-0.153244033455849,0.68447357416153,-0.219441071152687
301.514209985733,1,-0.981715261936188,-0.272142857313156,0.12730772793293,-0.679407298564911,-0.152996063232422,0.683079540729523,-0.220000728964806
301.537938117981,1,-0.981572151184082,-0.271908938884735,0.127821192145348,-0.680580914020538,-0.153583824634552,0.681647121906281,-0.220406278967857
301.564202070236,1,-0.981411993503571,-0.27207025885582,0.12774121761322,-0.680446982383728,-0.153964057564735,0.681929886341095,-0.219678416848183
301.576561927795,1,-0.981353163719177,-0.271999359130859,0.127723917365074,-0.680561721324921,-0.154945835471153,0.681785523891449,-0.219079986214638
301.59269952774,1,-0.981413841247559,-0.271394580602646,0.127921223640442,-0.681102454662323,-0.156532302498817,0.68062424659729,-0.219881281256676
301.61260676384,1,-0.981485068798065,-0.270889580249786,0.128136321902275,-0.68164736032486,-0.157800778746605,0.679543614387512,-0.22062723338604
301.637463092804,1,-0.981527984142303,-0.270795226097107,0.12834495306015,-0.682241857051849,-0.158089578151703,0.678851425647736,-0.220713540911674
301.65372633934,1,-0.981577217578888,-0.271141022443771,0.128312200307846,-0.682280421257019,-0.157146781682968,0.679212749004364,-0.220155254006386
301.672889947891,1,-0.981572449207306,-0.271162033081055,0.128505945205688,-0.682578086853027,-0.156846478581429,0.678918540477753,-0.220354318618774
301.692520141602,1,-0.981465816497803,-0.271088868379593,0.12866173684597,-0.68278306722641,-0.156521826982498,0.678683817386627,-0.220672950148582
301.714380025864,1,-0.981294631958008,-0.271387219429016,0.128634348511696,-0.682924151420593,-0.155380606651306,0.679051160812378,-0.219911426305771
301.74819278717,1,-0.981247544288635,-0.271838337182999,0.128129824995995,-0.682251036167145,-0.153806284070015,0.680287599563599,-0.219285234808922
301.760035991669,1,-0.981355428695679,-0.27167996764183,0.127831757068634,-0.681810021400452,-0.153704538941383,0.680477440357208,-0.220137521624565
301.772454738617,1,-0.981417119503021,-0.271245211362839,0.127850949764252,-0.681803345680237,-0.154873803257942,0.680026113986969,-0.220732524991035
301.792484045029,1,-0.981451570987701,-0.271093249320984,0.127844482660294,-0.681725740432739,-0.155133411288261,0.680073082447052,-0.220645055174828
301.81791639328,1,-0.981526672840118,-0.271349459886551,0.127806484699249,-0.681669116020203,-0.153863310813904,0.680543780326843,-0.220257744193077
301.84238576889,1,-0.981607019901276,-0.271710008382797,0.127624750137329,-0.681278645992279,-0.152713879942894,0.681294739246368,-0.219944044947624
301.856330633163,1,-0.981529951095581,-0.271755754947662,0.127786189317703,-0.68150532245636,-0.152500048279762,0.681027054786682,-0.220219299197197
301.873067378998,1,-0.981423318386078,-0.271730273962021,0.127980291843414,-0.681669354438782,-0.152942851185799,0.680719316005707,-0.220355898141861
301.892816543579,1,-0.981345057487488,-0.27189028263092,0.127808839082718,-0.681057214736938,-0.15319786965847,0.681265532970428,-0.220383241772652
301.932250022888,1,-0.98128867149353,-0.272295027971268,0.12735503911972,-0.680144131183624,-0.152411937713623,0.682508707046509,-0.219901293516159
301.93546628952,1,-0.981173992156982,-0.272317439317703,0.127350464463234,-0.680542469024658,-0.1519785374403,0.682253062725067,-0.219761922955513
301.952517032623,1,-0.981210052967072,-0.271815776824951,0.12750044465065,-0.681182444095612,-0.152611941099167,0.681228220462799,-0.220518127083778
301.973356485367,1,-0.981348931789398,-0.271235823631287,0.127606362104416,-0.681453883647919,-0.15386189520359,0.680403172969818,-0.221356526017189
301.993737459183,1,-0.981453239917755,-0.271137207746506,0.127616345882416,-0.681312441825867,-0.1546930372715,0.680545389652252,-0.220774441957474
302.028867006302,1,-0.981502294540405,-0.27154004573822,0.127407491207123,-0.680642366409302,-0.154176756739616,0.681552529335022,-0.220094606280327
302.040918111801,1,-0.981510043144226,-0.271887481212616,0.127370908856392,-0.6804119348526,-0.153179213404655,0.682096600532532,-0.21981805562973
302.052423000336,1,-0.981393277645111,-0.271953046321869,0.127657398581505,-0.681079804897308,-0.152078315615654,0.681566476821899,-0.22015854716301
302.07303071022,1,-0.981218755245209,-0.271878689527512,0.127989023923874,-0.681991517543793,-0.151261210441589,0.680671691894531,-0.220666393637657
302.093356847763,1,-0.981131553649902,-0.272003084421158,0.127879768610001,-0.681954324245453,-0.150632947683334,0.680874049663544,-0.220586895942688
302.120002508163,1,-0.981047213077545,-0.272228091955185,0.127602845430374,-0.68163400888443,-0.15022087097168,0.681495130062103,-0.219938993453979
302.133568763733,1,-0.980985403060913,-0.272351682186127,0.127396464347839,-0.681414127349854,-0.14979100227356,0.681881904602051,-0.219714641571045
302.153162002563,1,-0.981071591377258,-0.272152155637741,0.127068698406219,-0.680720150470734,-0.150127589702606,0.682381272315979,-0.220085650682449
302.191921710968,1,-0.981171429157257,-0.271686494350433,0.127079665660858,-0.680826485157013,-0.151149719953537,0.681946873664856,-0.220403462648392
302.194848299026,1,-0.981191575527191,-0.271540760993958,0.127079129219055,-0.680912017822266,-0.151676297187805,0.681784927845001,-0.220278024673462
302.213110685349,1,-0.981234312057495,-0.271758913993835,0.12700979411602,-0.680629074573517,-0.151344045996666,0.682173550128937,-0.220177829265594
302.233207941055,1,-0.981305122375488,-0.27202171087265,0.126882076263428,-0.680056691169739,-0.150642320513725,0.682774066925049,-0.220566183328629
302.271095752716,1,-0.981226027011871,-0.272154062986374,0.126994535326958,-0.680199563503265,-0.149854183197021,0.682609736919403,-0.221170291304588
302.27441573143,1,-0.981194317340851,-0.272059708833694,0.12669911980629,-0.680366098880768,-0.150072246789932,0.68257087469101,-0.22062936425209
302.292826652527,1,-0.981087207794189,-0.272071570158005,0.126530185341835,-0.680039525032043,-0.150218948721886,0.6828773021698,-0.220588460564613
302.312974691391,1,-0.980757236480713,-0.271770030260086,0.126718282699585,-0.681295871734619,-0.149280831217766,0.681546807289124,-0.221461564302444
302.3469414711,1,-0.978527069091797,-0.268397808074951,0.129956632852554,-0.689423143863678,-0.155069634318352,0.671026885509491,-0.224437370896339
302.362164258957,1,-0.977063477039337,-0.265727698802948,0.131300896406174,-0.694059491157532,-0.156835526227951,0.663376808166504,-0.231549799442291
302.374417066574,1,-0.974260151386261,-0.265108108520508,0.134795486927032,-0.701617479324341,-0.158159583806992,0.656629979610443,-0.227058708667755
302.393375396729,1,-0.975791156291962,-0.265799105167389,0.134292021393776,-0.697613120079041,-0.162511646747589,0.660164952278137,-0.226071402430534
302.426440477371,1,-0.977592527866364,-0.265018999576569,0.128593295812607,-0.683967053890228,-0.163989499211311,0.672550320625305,-0.230158060789108
302.43915605545,1,-0.976849555969238,-0.267132729291916,0.129743859171867,-0.687967836856842,-0.155269503593445,0.672175526618958,-0.225325837731361
302.452666282654,1,-0.977561712265015,-0.27074408531189,0.129119992256165,-0.687911093235016,-0.142989113926888,0.676330745220184,-0.221154272556305
302.478393316269,1,-0.980414509773254,-0.266544312238693,0.134044334292412,-0.698559582233429,-0.156721889972687,0.660520493984222,-0.226197779178619
302.504511356354,1,-0.982686161994934,-0.264800250530243,0.136276885867119,-0.702099919319153,-0.162930011749268,0.654180526733398,-0.229253843426704
302.51721072197,1,-0.983723104000092,-0.261468470096588,0.142826795578003,-0.714225471019745,-0.174816250801086,0.637413740158081,-0.230271890759468
302.532890796661,1,-0.985402941703796,-0.261474162340164,0.141882002353668,-0.710199773311615,-0.175444051623344,0.641032099723816,-0.232193097472191
302.553997278214,1,-0.986855864524841,-0.261524528264999,0.140903189778328,-0.705949902534485,-0.176488012075424,0.64532995223999,-0.232456505298615
302.578093767166,1,-0.988250851631165,-0.268553853034973,0.13528573513031,-0.6954625248909,-0.163187086582184,0.664528012275696,-0.219327136874199
302.603538513184,1,-0.988554239273071,-0.266379624605179,0.142167150974274,-0.70896703004837,-0.170998439192772,0.648102462291718,-0.219290912151337
302.612694263458,1,-0.989212930202484,-0.267478585243225,0.14407280087471,-0.711783051490784,-0.172204241156578,0.645768165588379,-0.216088160872459
302.633583068848,1,-0.990286946296692,-0.271758615970612,0.139570295810699,-0.70065438747406,-0.163276836276054,0.661446571350098,-0.211926072835922
302.653007268906,1,-0.991243243217468,-0.273027271032333,0.139345020055771,-0.698468387126923,-0.162755936384201,0.664226889610291,-0.210843652486801
302.689132213593,1,-0.992249071598053,-0.274348199367523,0.139046117663383,-0.697018504142761,-0.162958920001984,0.66644150018692,-0.20848360657692
302.694616317749,1,-0.993469417095184,-0.275593847036362,0.137992233037949,-0.694813907146454,-0.162549376487732,0.669119775295258,-0.207581400871277
302.712869167328,1,-0.994511127471924,-0.276389062404633,0.13721975684166,-0.694049000740051,-0.162761375308037,0.670203685760498,-0.206474661827087
302.733484506607,1,-0.995151162147522,-0.276111900806427,0.138136565685272,-0.698444426059723,-0.16704286634922,0.665214240550995,-0.204358011484146
302.754944801331,1,-0.995819449424744,-0.277499616146088,0.135794833302498,-0.696447849273682,-0.166979283094406,0.668455600738525,-0.200612798333168
302.776870965958,1,-0.996225595474243,-0.276862889528275,0.134858265519142,-0.697069227695465,-0.170968011021614,0.666737377643585,-0.200812667608261
302.793485879898,1,-0.996899604797363,-0.277898043394089,0.131839036941528,-0.694517493247986,-0.171483516693115,0.670062243938446,-0.19812998175621
302.812967061996,1,-0.997436046600342,-0.277146875858307,0.130595713853836,-0.694716513156891,-0.174710482358932,0.669043302536011,-0.198056429624557
302.850471735001,1,-0.997663617134094,-0.276986956596375,0.129281982779503,-0.695690035820007,-0.176078110933304,0.668024301528931,-0.196864277124405
302.853481054306,1,-0.997293710708618,-0.276398420333862,0.127887517213821,-0.696076154708862,-0.176411703228951,0.667414486408234,-0.197268635034561
302.873592376709,1,-0.996660590171814,-0.275198251008987,0.127591207623482,-0.698403239250183,-0.179974719882011,0.664172887802124,-0.196764782071114
302.893392801285,1,-0.996393799781799,-0.276043474674225,0.124828942120075,-0.694673836231232,-0.17870132625103,0.66904205083847,-0.194620102643967
302.92551279068,1,-0.996093988418579,-0.276101440191269,0.124245643615723,-0.694642663002014,-0.179825529456139,0.669084906578064,-0.193545252084732
302.939391136169,1,-0.995435357093811,-0.270855307579041,0.131019562482834,-0.706591606140137,-0.192220851778984,0.650447309017181,-0.201736822724342
302.953118801117,1,-0.995912194252014,-0.277243047952652,0.125217095017433,-0.697294473648071,-0.179506570100784,0.667259097099304,-0.190586537122726
302.973901748657,1,-0.995536923408508,-0.277426213026047,0.127175912261009,-0.702086925506592,-0.180610716342926,0.662367403507233,-0.189005896449089
303.009573221207,1,-0.995421171188354,-0.277448713779449,0.127620384097099,-0.703233361244202,-0.181486561894417,0.661089360713959,-0.188378214836121
303.014311552048,1,-0.995543658733368,-0.276960581541061,0.127507925033569,-0.702975809574127,-0.183748304843903,0.660692036151886,-0.188541144132614
303.033309221268,1,-0.995423555374146,-0.272478252649307,0.131265342235565,-0.708842873573303,-0.194041177630424,0.649206221103668,-0.196013212203979
303.053104400635,1,-0.995518386363983,-0.270966529846191,0.131153702735901,-0.708314061164856,-0.197972372174263,0.647936224937439,-0.198184102773666
303.085806846619,1,-0.995295226573944,-0.270444691181183,0.130903214216232,-0.708643674850464,-0.199957221746445,0.646941006183624,-0.198264122009277
303.098476886749,1,-0.994768023490906,-0.270540833473206,0.131286680698395,-0.711192309856415,-0.201471284031868,0.644124150276184,-0.196771159768105
303.113546609879,1,-0.994437694549561,-0.270186215639114,0.131669670343399,-0.712704300880432,-0.202971443533897,0.641997158527374,-0.196710035204887
303.141969442368,1,-0.994359910488129,-0.269917845726013,0.131389155983925,-0.712508380413055,-0.204461768269539,0.641895532608032,-0.19620743393898
303.164902448654,1,-0.994747638702393,-0.275221645832062,0.124577865004539,-0.701376914978027,-0.194313406944275,0.660072267055511,-0.18605749309063
303.179114580154,1,-0.994639992713928,-0.275505930185318,0.124207563698292,-0.701014280319214,-0.194023609161377,0.66082763671875,-0.185042724013329
303.193465709686,1,-0.994461536407471,-0.275126457214355,0.124483808875084,-0.701818287372589,-0.194965302944183,0.659655570983887,-0.18518702685833
303.21817779541,1,-0.994265556335449,-0.274509519338608,0.124657034873962,-0.70259290933609,-0.196310237050056,0.658340632915497,-0.185507848858833
303.239567756653,1,-0.993403673171997,-0.269502520561218,0.134762197732925,-0.72358250617981,-0.213379621505737,0.629204511642456,-0.18708099424839
303.254231214523,1,-0.992721199989319,-0.269674986600876,0.133759409189224,-0.722810804843903,-0.212733566761017,0.630632877349854,-0.185986965894699
303.274403095245,1,-0.992259740829468,-0.271289855241776,0.12749008834362,-0.711061179637909,-0.205030024051666,0.646349668502808,-0.185975387692451
303.29691529274,1,-0.991279363632202,-0.268532156944275,0.131726339459419,-0.721458554267883,-0.214079812169075,0.631470084190369,-0.186850219964981
303.318456411362,1,-0.990283310413361,-0.267734080553055,0.131545290350914,-0.723024308681488,-0.214667454361916,0.629365742206573,-0.187223240733147
303.333263397217,1,-0.98972624540329,-0.270827919244766,0.123126603662968,-0.708591639995575,-0.201911062002182,0.650174736976624,-0.18547947704792
303.353089332581,1,-0.988697230815887,-0.266947150230408,0.128949373960495,-0.721641004085541,-0.21297125518322,0.631206393241882,-0.188298031687737
303.395205020905,1,-0.988002359867096,-0.267130374908447,0.127305120229721,-0.720071732997894,-0.211534217000008,0.633702039718628,-0.187541618943214
303.400208473206,1,-0.98786735534668,-0.269946068525314,0.119705319404602,-0.705610692501068,-0.200588375329971,0.653571784496307,-0.186338022351265
303.4131731987,1,-0.987884998321533,-0.271171689033508,0.116323493421078,-0.69888699054718,-0.195270031690598,0.66231507062912,-0.186454728245735
303.433079242706,1,-0.9878289103508,-0.270954310894012,0.116528920829296,-0.699358105659485,-0.194768860936165,0.66176301240921,-0.187171310186386
303.471651792526,1,-0.987862348556519,-0.270539879798889,0.117827281355858,-0.701782584190369,-0.195169731974602,0.658904016017914,-0.187764763832092
303.483528614044,1,-0.987922787666321,-0.270594090223312,0.11836850643158,-0.702609419822693,-0.19411113858223,0.658311724662781,-0.187847390770912
303.492353439331,1,-0.988036334514618,-0.270979315042496,0.118524864315987,-0.702635288238525,-0.192897826433182,0.65887439250946,-0.187025710940361
303.515616416931,1,-0.987841248512268,-0.266377419233322,0.12827205657959,-0.721657335758209,-0.20911081135273,0.63236129283905,-0.188686341047287
303.534150123596,1,-0.987901568412781,-0.265975892543793,0.129284143447876,-0.722908854484558,-0.211011499166489,0.630421340465546,-0.18827098608017
303.552925825119,1,-0.987823903560638,-0.266539543867111,0.128886640071869,-0.722030103206635,-0.209714367985725,0.632166802883148,-0.187236830592155
303.571957111359,1,-0.987606227397919,-0.266737699508667,0.128834098577499,-0.722111523151398,-0.208761498332024,0.632448375225067,-0.187036454677582
303.597011089325,1,-0.987291514873505,-0.266531646251678,0.129227608442307,-0.723150014877319,-0.209098115563393,0.631058633327484,-0.187342271208763
303.61514878273,1,-0.987237274646759,-0.269647538661957,0.122057512402534,-0.709241569042206,-0.197819605469704,0.650577247142792,-0.185992270708084
303.633328437805,1,-0.987099587917328,-0.270909160375595,0.119032703340054,-0.70335453748703,-0.193390518426895,0.658348500728607,-0.18566058576107
303.654307842255,1,-0.986853063106537,-0.270778089761734,0.118658766150475,-0.703071773052216,-0.193293660879135,0.658496856689453,-0.186305180191994
303.682812213898,1,-0.986642837524414,-0.270608961582184,0.118671387434006,-0.703767001628876,-0.193230837583542,0.657594919204712,-0.186930149793625
303.696009159088,1,-0.986451029777527,-0.270500808954239,0.118590869009495,-0.704156398773193,-0.192771136760712,0.657215893268585,-0.187270760536194
303.712639331818,1,-0.986365079879761,-0.270507246255875,0.118291556835175,-0.703900098800659,-0.192242369055748,0.657684504985809,-0.187132522463799
303.739281415939,1,-0.986308634281158,-0.270529448986053,0.118130974471569,-0.703773319721222,-0.192019268870354,0.657945394515991,-0.186921447515488
303.760677576065,1,-0.986290812492371,-0.270437985658646,0.118295513093472,-0.703979015350342,-0.192471891641617,0.657641708850861,-0.186749801039696
303.772552728653,1,-0.986220359802246,-0.270333796739578,0.118610106408596,-0.704407155513763,-0.19310836493969,0.657003879547119,-0.186723828315735
303.793454885483,1,-0.986102998256683,-0.270274043083191,0.118905372917652,-0.704738557338715,-0.193808406591415,0.656510889530182,-0.18648187816143
303.81324839592,1,-0.986062824726105,-0.27041894197464,0.118748635053635,-0.704355835914612,-0.193880900740623,0.656983494758606,-0.186187848448753
303.832567930222,1,-0.986062943935394,-0.270399272441864,0.118752598762512,-0.704337179660797,-0.194009348750114,0.656955897808075,-0.186221972107887
303.853116035461,1,-0.986077904701233,-0.270474404096603,0.118664279580116,-0.704190313816071,-0.193722605705261,0.65717625617981,-0.186298176646233
303.872976541519,1,-0.986070871353149,-0.270434767007828,0.11875906586647,-0.704514622688293,-0.193677976727486,0.656776785850525,-0.186526775360107
303.896623373032,1,-0.986060261726379,-0.270519495010376,0.118658185005188,-0.704313576221466,-0.193490698933601,0.65710574388504,-0.186321645975113
303.916572809219,1,-0.986065208911896,-0.270417958498001,0.118718899786472,-0.704341769218445,-0.193927064538002,0.656939029693604,-0.186349436640739
303.932987928391,1,-0.986106514930725,-0.270355045795441,0.118753135204315,-0.704185307025909,-0.194527432322502,0.656996190547943,-0.186113297939301
303.953688621521,1,-0.986096620559692,-0.270362734794617,0.11883832514286,-0.704088032245636,-0.195246502757072,0.657048583030701,-0.18554250895977
303.985096693039,1,-0.98591274023056,-0.27032744884491,0.119470961391926,-0.704913973808289,-0.196202859282494,0.656085431575775,-0.184804454445839
303.997257709503,1,-0.985768854618073,-0.270169585943222,0.120209962129593,-0.70590603351593,-0.197208508849144,0.654707133769989,-0.184835284948349
304.012938499451,1,-0.985768854618073,-0.270718812942505,0.120336636900902,-0.705956399440765,-0.196616306900978,0.655064880847931,-0.184004321694374
304.033032417297,1,-0.985867500305176,-0.271493852138519,0.120075434446335,-0.705373287200928,-0.195118635892868,0.656428396701813,-0.182972967624664
304.068153142929,1,-0.985954225063324,-0.271195501089096,0.120863184332848,-0.706421196460724,-0.195442527532578,0.654976963996887,-0.183784201741219
304.079827308655,1,-0.986096918582916,-0.270984143018723,0.121203646063805,-0.706612706184387,-0.195955470204353,0.654523730278015,-0.184116125106812
304.092332601547,1,-0.986248552799225,-0.270629227161407,0.121304586529732,-0.706297397613525,-0.197190523147583,0.654479682445526,-0.184163615107536
304.121280193329,1,-0.986283361911774,-0.270455151796341,0.12124141305685,-0.70601224899292,-0.197892487049103,0.654605984687805,-0.184055060148239
304.145743370056,1,-0.986313462257385,-0.270625054836273,0.120728261768818,-0.70512717962265,-0.197547689080238,0.65579229593277,-0.183594763278961
304.15647816658,1,-0.986331641674042,-0.270579308271408,0.120693407952785,-0.705136597156525,-0.197348117828369,0.65581876039505,-0.183678686618805
304.172476053238,1,-0.986375689506531,-0.270401805639267,0.120759889483452,-0.705340564250946,-0.197301402688026,0.655527114868164,-0.183986842632294
304.200600624084,1,-0.98639178276062,-0.270441293716431,0.120483905076981,-0.704881131649017,-0.197198271751404,0.656124353408813,-0.183729156851768
304.223383903503,1,-0.986353635787964,-0.270456075668335,0.120387464761734,-0.704685747623444,-0.197315722703934,0.656335115432739,-0.183599427342415
304.236541986465,1,-0.986216485500336,-0.270577549934387,0.120415978133678,-0.704849183559418,-0.197268098592758,0.656306087970734,-0.183126553893089
304.252597808838,1,-0.986091375350952,-0.269955337047577,0.121095508337021,-0.705963850021362,-0.198890566825867,0.654445469379425,-0.183735698461533
304.278518438339,1,-0.98607075214386,-0.269895523786545,0.121254719793797,-0.706048190593719,-0.199353337287903,0.654302835464478,-0.183417856693268
304.300016403198,1,-0.986073553562164,-0.270009160041809,0.121343657374382,-0.705990076065063,-0.199141815304756,0.654495894908905,-0.183182045817375
304.314435243607,1,-0.986024081707001,-0.269967526197433,0.121608972549438,-0.706394731998444,-0.199269324541092,0.653982758522034,-0.183316066861153
304.332514286041,1,-0.985891401767731,-0.26983642578125,0.121881954371929,-0.706940650939941,-0.199699997901917,0.6531902551651,-0.183568313717842
304.356535434723,1,-0.985783576965332,-0.2701156437397,0.121635630726814,-0.706592857837677,-0.199338689446449,0.653742671012878,-0.183333486318588
304.381014585495,1,-0.985686659812927,-0.270350784063339,0.121602050960064,-0.706705212593079,-0.199020981788635,0.653822898864746,-0.182959273457527
304.392770290375,1,-0.985687494277954,-0.270286947488785,0.121781259775162,-0.707050383090973,-0.198995992541313,0.653441548347473,-0.183015078306198
304.412655591965,1,-0.985740900039673,-0.27027827501297,0.121790803968906,-0.706925213336945,-0.198821276426315,0.653680562973022,-0.182835012674332
304.437136411667,1,-0.985783874988556,-0.27003002166748,0.121864691376686,-0.706853330135345,-0.199109122157097,0.653600215911865,-0.183087006211281
304.457969903946,1,-0.985740721225739,-0.270027458667755,0.121939234435558,-0.707009017467499,-0.198875740170479,0.653578281402588,-0.182817131280899
304.473294734955,1,-0.985763311386108,-0.269866198301315,0.122136197984219,-0.707353532314301,-0.199441403150558,0.652959942817688,-0.18307788670063
304.492827415466,1,-0.985797643661499,-0.269979655742645,0.121916443109512,-0.706763684749603,-0.199579432606697,0.653579711914062,-0.182994022965431
304.531595945358,1,-0.985791265964508,-0.269894868135452,0.122000455856323,-0.706793367862701,-0.200019463896751,0.653364896774292,-0.183166086673737
304.535544872284,1,-0.985800206661224,-0.269818514585495,0.122092865407467,-0.706822991371155,-0.200404420495033,0.65314769744873,-0.183405175805092
304.552515029907,1,-0.985811531543732,-0.269774973392487,0.12214233726263,-0.706755340099335,-0.200757265090942,0.653098404407501,-0.183455601334572
304.573181390762,1,-0.985808253288269,-0.269786059856415,0.122116222977638,-0.706632852554321,-0.201038658618927,0.653227269649506,-0.183160036802292
304.601290941238,1,-0.985808908939362,-0.269824951887131,0.122086495161057,-0.7065749168396,-0.200703322887421,0.653419315814972,-0.18306627869606
304.626054286957,1,-0.985803604125977,-0.269841551780701,0.122096993029118,-0.706711530685425,-0.20022340118885,0.653430581092834,-0.183024153113365
304.636898756027,1,-0.985814154148102,-0.269927084445953,0.12202125787735,-0.706485033035278,-0.200096949934959,0.653764367103577,-0.182845145463943
304.652537584305,1,-0.985838651657104,-0.269846320152283,0.122042953968048,-0.706359922885895,-0.200611814856529,0.653669595718384,-0.18310272693634
304.672971248627,1,-0.985814571380615,-0.269829928874969,0.122101575136185,-0.706426501274109,-0.200873747467995,0.653516054153442,-0.183106973767281
304.695896863937,1,-0.98581600189209,-0.269793152809143,0.122158795595169,-0.706571578979492,-0.20092585682869,0.653301894664764,-0.183253988623619
304.717740297318,1,-0.985803186893463,-0.269698679447174,0.122320890426636,-0.706885039806366,-0.201018542051315,0.65290778875351,-0.18334849178791
304.733200311661,1,-0.985816478729248,-0.269795149564743,0.122171103954315,-0.706540286540985,-0.200784087181091,0.653399109840393,-0.18318335711956
304.752562046051,1,-0.985861957073212,-0.269718170166016,0.122257024049759,-0.706488132476807,-0.201434597373009,0.653298199176788,-0.183030590415001
304.773220777512,1,-0.986080229282379,-0.270790249109268,0.12029080092907,-0.701997399330139,-0.198314696550369,0.659243524074554,-0.182397857308388
304.809267044067,1,-0.986110985279083,-0.270999908447266,0.120061792433262,-0.701399385929108,-0.197450533509254,0.660101115703583,-0.182534471154213
304.814039468765,1,-0.986032903194427,-0.271049022674561,0.120174385607243,-0.701741337776184,-0.197132781147957,0.659854650497437,-0.182454496622086
304.83322930336,1,-0.985999345779419,-0.271035552024841,0.120183683931828,-0.701851546764374,-0.196988940238953,0.659788548946381,-0.18242484331131
304.852574110031,1,-0.986065149307251,-0.271066904067993,0.120025224983692,-0.701641917228699,-0.196702733635902,0.660125374794006,-0.182321593165398
304.881442785263,1,-0.986053705215454,-0.26989021897316,0.122014775872231,-0.705786287784576,-0.200599864125252,0.654366195201874,-0.182839781045914
304.904450654984,1,-0.986068069934845,-0.269469767808914,0.122441671788692,-0.706569671630859,-0.201800435781479,0.653025388717651,-0.18328645825386
304.916507482529,1,-0.985971987247467,-0.269241183996201,0.122322149574757,-0.706389129161835,-0.202497825026512,0.652963280677795,-0.183434367179871
304.932532310486,1,-0.9859738945961,-0.269278109073639,0.122202605009079,-0.706103980541229,-0.202652588486671,0.653304219245911,-0.183146715164185
304.953611135483,1,-0.985991418361664,-0.269332259893417,0.122154012322426,-0.70599889755249,-0.202451571822166,0.653547048568726,-0.182907730340958
304.973599433899,1,-0.985972702503204,-0.269216537475586,0.12236962467432,-0.70636111497879,-0.202687919139862,0.653062999248505,-0.182976484298706
304.996407747269,1,-0.985962510108948,-0.269234359264374,0.1222984790802,-0.706094980239868,-0.202614605426788,0.653368949890137,-0.182992368936539
305.012971162796,1,-0.98595130443573,-0.269234865903854,0.122367516160011,-0.706163823604584,-0.202920213341713,0.653265535831451,-0.182757526636124
305.033096313477,1,-0.986131727695465,-0.270316600799561,0.120172664523125,-0.701469361782074,-0.199343860149384,0.659487426280975,-0.182425633072853
305.073525190353,1,-0.986136674880981,-0.270382225513458,0.12007138133049,-0.701226532459259,-0.199066430330276,0.659881055355072,-0.182238638401031
305.092942476273,1,-0.986329197883606,-0.270453184843063,0.120367035269737,-0.701091110706329,-0.199308782815933,0.660031914710999,-0.181948184967041
305.112367630005,1,-0.986464202404022,-0.270535588264465,0.120737046003342,-0.70123964548111,-0.199193552136421,0.659928560256958,-0.181876704096794
305.132968187332,1,-0.986579775810242,-0.270671278238297,0.120994865894318,-0.701287090778351,-0.198958829045296,0.65998363494873,-0.181750893592834
305.165721654892,1,-0.986555159091949,-0.270549207925797,0.121391013264656,-0.701823711395264,-0.199366569519043,0.659285306930542,-0.181767180562019
305.178822755814,1,-0.986390948295593,-0.270375311374664,0.121258705854416,-0.701714932918549,-0.199686542153358,0.659240126609802,-0.181999891996384
305.192561388016,1,-0.986270606517792,-0.270584970712662,0.120651111006737,-0.701017618179321,-0.199179723858833,0.660214066505432,-0.18171164393425
305.220249891281,1,-0.986202538013458,-0.270530998706818,0.120628908276558,-0.701450169086456,-0.198316037654877,0.659834504127502,-0.18236455321312
305.242465734482,1,-0.986176609992981,-0.270696699619293,0.120470508933067,-0.701367855072021,-0.197766423225403,0.660171687602997,-0.182057529687881
305.256579637527,1,-0.986199617385864,-0.270581692457199,0.120559193193913,-0.701243340969086,-0.198827892541885,0.660127878189087,-0.181539118289948
305.273009538651,1,-0.986222684383392,-0.270480841398239,0.120571620762348,-0.700851559638977,-0.20001919567585,0.66035383939743,-0.180920600891113
305.29819393158,1,-0.98620468378067,-0.27048671245575,0.120542630553246,-0.700427412986755,-0.200629323720932,0.660738229751587,-0.180483892560005
305.32319688797,1,-0.986191391944885,-0.270470082759857,0.120599389076233,-0.700483620166779,-0.200842678546906,0.660591065883636,-0.18056720495224
305.332846641541,1,-0.986210584640503,-0.270468652248383,0.120597384870052,-0.700485706329346,-0.200603574514389,0.660583138465881,-0.180853202939034
305.352993249893,1,-0.986197113990784,-0.270281404256821,0.12082676589489,-0.70096755027771,-0.200838297605515,0.659902453422546,-0.181210488080978
305.373361587524,1,-0.98618072271347,-0.270428836345673,0.120700970292091,-0.700829446315765,-0.200304135680199,0.660299301147461,-0.180889949202538
305.395162582397,1,-0.98618483543396,-0.270369201898575,0.120741426944733,-0.70089316368103,-0.200261190533638,0.660266220569611,-0.180811479687691
305.413406133652,1,-0.986202359199524,-0.270356804132462,0.120755583047867,-0.700850069522858,-0.200470745563507,0.660361111164093,-0.180399268865585
305.433297634125,1,-0.986202836036682,-0.270382970571518,0.12071667611599,-0.700724601745605,-0.200418323278427,0.660584568977356,-0.180126786231995
305.453603029251,1,-0.986198544502258,-0.270429283380508,0.120714470744133,-0.70074850320816,-0.200216263532639,0.660633206367493,-0.180080160498619
305.476007699966,1,-0.986211001873016,-0.270398736000061,0.120679125189781,-0.700558423995972,-0.200499385595322,0.660705745220184,-0.180238321423531
305.493234157562,1,-0.986191749572754,-0.270415782928467,0.120576374232769,-0.700206220149994,-0.200870245695114,0.661020338535309,-0.180040389299393
305.51259803772,1,-0.986121118068695,-0.270452201366425,0.120608493685722,-0.700339674949646,-0.200902864336967,0.660988211631775,-0.1796023696661
305.53445982933,1,-0.986108779907227,-0.270452260971069,0.120612449944019,-0.700430572032928,-0.200392320752144,0.661081612110138,-0.179474741220474
305.554235935211,1,-0.986097455024719,-0.270443230867386,0.120709508657455,-0.700856268405914,-0.199810788035393,0.660774946212769,-0.179590061306953
305.573224306107,1,-0.986086368560791,-0.270535320043564,0.120616972446442,-0.700836837291718,-0.19932833313942,0.660943269729614,-0.179582685232162
305.593027591705,1,-0.986046671867371,-0.270524561405182,0.12067873030901,-0.701140403747559,-0.198894068598747,0.660656452178955,-0.179934278130531
305.628747224808,1,-0.986028552055359,-0.270429044961929,0.120825342833996,-0.701553404331207,-0.198531001806259,0.660214245319366,-0.180348142981529
305.634004116058,1,-0.986025094985962,-0.270475387573242,0.120831176638603,-0.701622664928436,-0.19831258058548,0.660279631614685,-0.180079713463783
305.65319442749,1,-0.986012995243073,-0.270399332046509,0.120937153697014,-0.701845943927765,-0.198254376649857,0.660030484199524,-0.180186748504639
305.673009157181,1,-0.98606151342392,-0.270470917224884,0.120803363621235,-0.701612949371338,-0.197792395949364,0.660353362560272,-0.18041855096817
305.69718337059,1,-0.986032128334045,-0.270479559898376,0.120813421905041,-0.701632082462311,-0.197781503200531,0.660297572612762,-0.18056046962738
305.718297243118,1,-0.986024141311646,-0.270433604717255,0.120859891176224,-0.701508402824402,-0.198105841875076,0.66034209728241,-0.180522501468658
305.732968091965,1,-0.986008822917938,-0.270448595285416,0.120912134647369,-0.701543748378754,-0.197911769151688,0.66035407781601,-0.18055434525013
305.752577543259,1,-0.985965311527252,-0.270313501358032,0.121166452765465,-0.70186060667038,-0.197482883930206,0.660013020038605,-0.181038737297058
305.773053407669,1,-0.985994815826416,-0.270440071821213,0.121045745909214,-0.701517939567566,-0.196006655693054,0.660719752311707,-0.181393399834633
305.813583612442,1,-0.985951244831085,-0.270382404327393,0.121288970112801,-0.701864123344421,-0.194707155227661,0.660636126995087,-0.181757390499115
305.832529306412,1,-0.9858438372612,-0.269546359777451,0.122484400868416,-0.702792763710022,-0.19559171795845,0.658780515193939,-0.183941766619682
305.853273630142,1,-0.985762655735016,-0.26899391412735,0.123294919729233,-0.703445196151733,-0.195761367678642,0.657451033592224,-0.186012104153633
305.881602525711,1,-0.985733866691589,-0.268892616033554,0.123594462871552,-0.703311324119568,-0.193617448210716,0.657637596130371,-0.188091248273849
305.906586885452,1,-0.985811412334442,-0.269992113113403,0.121944978833199,-0.698767602443695,-0.187890991568565,0.663696944713593,-0.189545124769211
305.918535470963,1,-0.985860526561737,-0.270507752895355,0.121112197637558,-0.695179760456085,-0.18536439538002,0.667245924472809,-0.192738205194473
305.933279752731,1,-0.985919058322906,-0.270270586013794,0.12122119218111,-0.693326056003571,-0.186273321509361,0.667761266231537,-0.196713343262672
305.953055620193,1,-0.985888540744781,-0.270113170146942,0.121160216629505,-0.690918743610382,-0.185175016522408,0.668742299079895,-0.202793940901756
305.977450370789,1,-0.985853612422943,-0.270633459091187,0.120803765952587,-0.688501715660095,-0.181285426020622,0.670555233955383,-0.208462625741959
306.000159025192,1,-0.985861659049988,-0.271007806062698,0.120692573487759,-0.687224626541138,-0.178599044680595,0.671331167221069,-0.212459787726402
306.013078212738,1,-0.985791862010956,-0.270353555679321,0.121540606021881,-0.688227593898773,-0.178608164191246,0.669471800327301,-0.2150569409132
306.032536029816,1,-0.98574423789978,-0.269837856292725,0.122191525995731,-0.689163148403168,-0.177466034889221,0.668642461299896,-0.215585947036743
306.05298614502,1,-0.985767960548401,-0.270208328962326,0.121927462518215,-0.68884289264679,-0.172077000141144,0.670406103134155,-0.21550115942955
306.089359045029,1,-0.985713303089142,-0.270456701517105,0.121877871453762,-0.689332127571106,-0.165904745459557,0.671195089817047,-0.216319411993027
306.093843460083,1,-0.985674321651459,-0.27018803358078,0.122329615056515,-0.690661728382111,-0.163259208202362,0.670227646827698,-0.21708932518959
306.112417936325,1,-0.985610604286194,-0.269125789403915,0.123601570725441,-0.692353785037994,-0.167164117097855,0.66752165555954,-0.217065066099167
306.132565975189,1,-0.985250115394592,-0.265424728393555,0.128948286175728,-0.702127933502197,-0.180978819727898,0.652860462665558,-0.219171702861786
306.161673069,1,-0.985220491886139,-0.264887899160385,0.129501506686211,-0.701842188835144,-0.183856084942818,0.651980519294739,-0.220308870077133
306.185868263245,1,-0.985238671302795,-0.265232235193253,0.128907680511475,-0.699869096279144,-0.182297542691231,0.654282450675964,-0.221055284142494
306.198276996613,1,-0.98551619052887,-0.268119275569916,0.124296084046364,-0.689529001712799,-0.171147704124451,0.668511688709259,-0.219887405633926
306.212314844131,1,-0.985516607761383,-0.268522620201111,0.123813882470131,-0.68801361322403,-0.168018892407417,0.670914649963379,-0.219728246331215
306.232593774796,1,-0.985478162765503,-0.268433332443237,0.123957648873329,-0.687869668006897,-0.167850598692894,0.671230673789978,-0.219342157244682
306.255017995834,1,-0.985479116439819,-0.268316239118576,0.12406911700964,-0.68758898973465,-0.168784230947495,0.671440780162811,-0.218862250447273
306.276911973953,1,-0.985406994819641,-0.269415080547333,0.123031482100487,-0.685463011264801,-0.162171453237534,0.674773335456848,-0.220276683568954
306.292945146561,1,-0.985403954982758,-0.268877476453781,0.123529270291328,-0.686139464378357,-0.161762163043022,0.673584461212158,-0.22210268676281
306.312683582306,1,-0.985205829143524,-0.26869010925293,0.124291621148586,-0.687505483627319,-0.162962600588799,0.672227203845978,-0.221110880374908
306.333645105362,1,-0.985145151615143,-0.268319547176361,0.125085949897766,-0.688530743122101,-0.164253488183022,0.670888304710388,-0.221032172441483
306.373160839081,1,-0.985081076622009,-0.268737137317657,0.124150291085243,-0.685921013355255,-0.16328626871109,0.673855304718018,-0.220837026834488
306.392781019211,1,-0.985313355922699,-0.26822105050087,0.123077593743801,-0.681464374065399,-0.165851518511772,0.677035868167877,-0.222984492778778
306.413203954697,1,-0.984977602958679,-0.264729976654053,0.129419073462486,-0.694040060043335,-0.17965941131115,0.660576820373535,-0.222866073250771
306.442551612854,1,-0.984550416469574,-0.266981422901154,0.126745164394379,-0.688100636005402,-0.17194889485836,0.6695277094841,-0.220644176006317
306.472511291504,1,-0.984827160835266,-0.268797636032104,0.123332366347313,-0.680425345897675,-0.164858013391495,0.678820133209229,-0.221464574337006
306.47335934639,1,-0.984975516796112,-0.268604725599289,0.12311989814043,-0.679577887058258,-0.165420025587082,0.679111778736115,-0.222749724984169
306.493505239487,1,-0.985218584537506,-0.268235087394714,0.122781805694103,-0.677463054656982,-0.167685925960541,0.680474281311035,-0.223338738083839
306.513281106949,1,-0.984996914863586,-0.267760872840881,0.123925395309925,-0.677953481674194,-0.170451879501343,0.679402887821198,-0.223017916083336
306.533630847931,1,-0.984696447849274,-0.26781952381134,0.124377183616161,-0.676834642887115,-0.172040671110153,0.680259704589844,-0.222584113478661
306.556666851044,1,-0.985110104084015,-0.267989367246628,0.123050838708878,-0.671685516834259,-0.173627480864525,0.684208810329437,-0.224834024906158
306.57350230217,1,-0.984973311424255,-0.268610656261444,0.122035749256611,-0.668153345584869,-0.174001172184944,0.687625348567963,-0.224646702408791
306.593481779099,1,-0.984650611877441,-0.268913626670837,0.122403524816036,-0.668499886989594,-0.17409585416317,0.687574088573456,-0.223697111010551
306.631053209305,1,-0.984999179840088,-0.268860340118408,0.121914237737656,-0.666961789131165,-0.172960758209229,0.688837647438049,-0.225276112556458
306.643696784973,1,-0.985151827335358,-0.268615454435349,0.121572621166706,-0.666048228740692,-0.172250136733055,0.689420878887177,-0.226734712719917
306.653106451035,1,-0.98473846912384,-0.267745047807693,0.122905515134335,-0.668621897697449,-0.17441338300705,0.686289548873901,-0.22700546681881
306.673009157181,1,-0.984574556350708,-0.268011808395386,0.123761415481567,-0.669352352619171,-0.175734788179398,0.6861292719841,-0.224302217364311
306.705453157425,1,-0.98493880033493,-0.267621040344238,0.123100072145462,-0.666229546070099,-0.17563970386982,0.688487589359283,-0.22643706202507
306.719671010971,1,-0.984799027442932,-0.267670303583145,0.123380318284035,-0.666201412677765,-0.173879414796829,0.688535630702972,-0.227728694677353
306.733491659164,1,-0.984473824501038,-0.267967075109482,0.123636312782764,-0.666139006614685,-0.171783536672592,0.688961029052734,-0.228214651346207
306.761842727661,1,-0.984604179859161,-0.268568217754364,0.122164383530617,-0.66143673658371,-0.170568242669106,0.693818330764771,-0.228088200092316
306.786349773407,1,-0.98461502790451,-0.268793642520905,0.121924214065075,-0.66032600402832,-0.170402646064758,0.69502979516983,-0.227741271257401
306.796849250793,1,-0.984405040740967,-0.268952608108521,0.122208878397942,-0.661294162273407,-0.169560715556145,0.694028258323669,-0.228613182902336
306.81333065033,1,-0.98460453748703,-0.268958061933517,0.121804788708687,-0.660745620727539,-0.16995757818222,0.694052934646606,-0.22982631623745
306.83586359024,1,-0.9848712682724,-0.268908143043518,0.121130183339119,-0.660046875476837,-0.170116826891899,0.694425284862518,-0.23059070110321
306.867146015167,1,-0.984493255615234,-0.268366277217865,0.122392363846302,-0.665049493312836,-0.170196011662483,0.689492881298065,-0.230959326028824
306.877467632294,1,-0.984156787395477,-0.268028438091278,0.122824035584927,-0.668533980846405,-0.169225037097931,0.686416029930115,-0.230777516961098
306.892821788788,1,-0.983831167221069,-0.264230579137802,0.127918735146523,-0.683758497238159,-0.180888742208481,0.668458640575409,-0.230036318302155
306.915844202042,1,-0.984093427658081,-0.265874326229095,0.125853329896927,-0.682323098182678,-0.174878239631653,0.672300159931183,-0.227739557623863
306.938895463943,1,-0.98413223028183,-0.266688585281372,0.124711446464062,-0.682080209255219,-0.171514898538589,0.674173653125763,-0.225475415587425
306.954649448395,1,-0.983931303024292,-0.262845993041992,0.130206286907196,-0.696943998336792,-0.183392956852913,0.655566930770874,-0.225539609789848
306.972660541534,1,-0.984064221382141,-0.264753341674805,0.127242520451546,-0.692295432090759,-0.177401542663574,0.662482678890228,-0.224438115954399
306.993581056595,1,-0.984095096588135,-0.266629606485367,0.124782927334309,-0.688101232051849,-0.174406290054321,0.6685830950737,-0.22157596051693
307.029314517975,1,-0.984204351902008,-0.26789978146553,0.123270608484745,-0.685727715492249,-0.173942297697067,0.671901524066925,-0.219248861074448
307.034493923187,1,-0.984291553497314,-0.268541842699051,0.122414827346802,-0.684783160686493,-0.174302816390991,0.673108696937561,-0.21820954978466
307.052948236465,1,-0.983887314796448,-0.262734115123749,0.131395637989044,-0.706533432006836,-0.193902313709259,0.644514918327332,-0.2186618745327
307.073028087616,1,-0.983871102333069,-0.261471450328827,0.133247464895248,-0.711288034915924,-0.195591196417809,0.638194680213928,-0.220275044441223
307.099264860153,1,-0.983949720859528,-0.264631897211075,0.12786927819252,-0.700511157512665,-0.184234634041786,0.653862237930298,-0.218645751476288
307.127170562744,1,-0.983929038047791,-0.266929388046265,0.124479800462723,-0.693363904953003,-0.177325293421745,0.664234280586243,-0.215859219431877
307.13948559761,1,-0.983674287796021,-0.267558753490448,0.12380064278841,-0.691722869873047,-0.174772158265114,0.667050123214722,-0.21451872587204
307.152824878693,1,-0.983166217803955,-0.267891943454742,0.123447798192501,-0.691252589225769,-0.173427641391754,0.66836678981781,-0.213022708892822
307.17303276062,1,-0.983492612838745,-0.267419159412384,0.124338150024414,-0.692474365234375,-0.174616441130638,0.666887581348419,-0.212718948721886
307.194180488586,1,-0.984544098377228,-0.267394185066223,0.123889423906803,-0.690160155296326,-0.173996478319168,0.669348478317261,-0.213018611073494
307.219512224197,1,-0.984254539012909,-0.267339706420898,0.123894840478897,-0.689787745475769,-0.171142041683197,0.670527696609497,-0.212828546762466
307.232985019684,1,-0.982638835906982,-0.267908483743668,0.124632522463799,-0.692279458045959,-0.166288360953331,0.670068919658661,-0.210012078285217
307.252742290497,1,-0.982690274715424,-0.268009036779404,0.125075325369835,-0.693094670772552,-0.164623782038689,0.669802844524384,-0.209482625126839
307.27792596817,1,-0.984383642673492,-0.266838639974594,0.125161364674568,-0.691243350505829,-0.168627262115479,0.669686257839203,-0.212762221693993
307.306003570557,1,-0.984457314014435,-0.267274558544159,0.124127835035324,-0.688726246356964,-0.1665108948946,0.672580063343048,-0.213462695479393
307.320898294449,1,-0.982859671115875,-0.268499165773392,0.123669877648354,-0.68924617767334,-0.16025248169899,0.674193024635315,-0.211477637290955
307.332612514496,1,-0.982427954673767,-0.268160998821259,0.124677322804928,-0.692174136638641,-0.159300208091736,0.671262264251709,-0.21195650100708
307.353810548782,1,-0.984170258045197,-0.267132550477982,0.124297589063644,-0.690534055233002,-0.162080496549606,0.671132206916809,-0.215578928589821
307.390020370483,1,-0.984504580497742,-0.266970187425613,0.124083802103996,-0.689586162567139,-0.163471832871437,0.671895027160645,-0.215186029672623
307.39521074295,1,-0.982609987258911,-0.267615020275116,0.125623822212219,-0.693856418132782,-0.160862982273102,0.669266581535339,-0.21158604323864
307.412858247757,1,-0.982142448425293,-0.267940282821655,0.125065684318542,-0.692639350891113,-0.159532904624939,0.670957863330841,-0.211224153637886
307.432433843613,1,-0.983242034912109,-0.267545074224472,0.124119490385056,-0.689282178878784,-0.16129569709301,0.672969043254852,-0.214444518089294
307.45494556427,1,-0.983750224113464,-0.267372280359268,0.124467052519321,-0.688820660114288,-0.163898527622223,0.672713398933411,-0.214755788445473
307.477720022202,1,-0.983098745346069,-0.267782092094421,0.124659739434719,-0.688661456108093,-0.164331629872322,0.673563957214355,-0.212254762649536
307.493467569351,1,-0.982894778251648,-0.268520802259445,0.123587317764759,-0.686288237571716,-0.162647604942322,0.676579117774963,-0.211648255586624
307.513407230377,1,-0.983403861522675,-0.268235206604004,0.123456962406635,-0.686085641384125,-0.163631781935692,0.675752580165863,-0.214171901345253
307.536751270294,1,-0.983597040176392,-0.267960548400879,0.123890429735184,-0.687328994274139,-0.164805322885513,0.673733830451965,-0.215640529990196
307.558195829391,1,-0.983177065849304,-0.268373876810074,0.123861417174339,-0.688091337680817,-0.163287818431854,0.673474848270416,-0.215172454714775
307.572967767715,1,-0.983015298843384,-0.268749088048935,0.123145058751106,-0.687606751918793,-0.160810336470604,0.674544095993042,-0.215237885713577
307.593514204025,1,-0.983170211315155,-0.268689751625061,0.123145051300526,-0.689226090908051,-0.159824699163437,0.673197507858276,-0.215008333325386
307.631300926208,1,-0.983026385307312,-0.267969250679016,0.124083362519741,-0.693340480327606,-0.158727377653122,0.668515801429749,-0.217189624905586
307.636034727097,1,-0.982567012310028,-0.26505634188652,0.12865874171257,-0.705956220626831,-0.165915742516518,0.652858197689056,-0.218801602721214
307.653071880341,1,-0.982799708843231,-0.264717102050781,0.128392085433006,-0.70604807138443,-0.166691988706589,0.652418911457062,-0.219224765896797
307.682012319565,1,-0.983026921749115,-0.264040023088455,0.129289224743843,-0.706990599632263,-0.17011870443821,0.650542438030243,-0.219131246209145
307.707184553146,1,-0.982859551906586,-0.265839576721191,0.126927435398102,-0.700196266174316,-0.166315689682961,0.65961766242981,-0.216723263263702
307.719294071198,1,-0.982836365699768,-0.266849100589752,0.124688148498535,-0.693295776844025,-0.165174722671509,0.667635917663574,-0.215222120285034
307.733016014099,1,-0.982942044734955,-0.266921877861023,0.124232016503811,-0.690764248371124,-0.166730061173439,0.669900238513947,-0.215127140283585
307.758989095688,1,-0.982690513134003,-0.264668792486191,0.128748953342438,-0.700603067874908,-0.175954163074493,0.657173871994019,-0.215216293931007
307.786031484604,1,-0.982620239257812,-0.266430556774139,0.125528275966644,-0.693578958511353,-0.169114828109741,0.666251003742218,-0.215541496872902
307.798718214035,1,-0.98249363899231,-0.267380386590958,0.123753443360329,-0.689912796020508,-0.165197461843491,0.670981764793396,-0.21567040681839
307.813810825348,1,-0.982418119907379,-0.267162293195724,0.124570786952972,-0.692024230957031,-0.165780454874039,0.668658554553986,-0.215673550963402
307.837934970856,1,-0.98269647359848,-0.266781777143478,0.124997012317181,-0.692886352539062,-0.16716568171978,0.66723495721817,-0.216244414448738
307.863181829453,1,-0.982838928699493,-0.266345918178558,0.125282660126686,-0.693206667900085,-0.168799623847008,0.666396737098694,-0.216533198952675
307.87410736084,1,-0.982519090175629,-0.267168939113617,0.124871522188187,-0.692440390586853,-0.166261374950409,0.668501853942871,-0.214450165629387
307.892263174057,1,-0.982230842113495,-0.267153143882751,0.125111490488052,-0.69330906867981,-0.165313556790352,0.668173968791962,-0.213395312428474
307.919068098068,1,-0.982350409030914,-0.267069458961487,0.124929189682007,-0.693414151668549,-0.16478006541729,0.668359160423279,-0.212885692715645
307.931574821472,1,-0.982489109039307,-0.267351239919662,0.124617494642735,-0.693714082241058,-0.16453742980957,0.668556749820709,-0.21147146821022
307.954616308212,1,-0.982381463050842,-0.267267614603043,0.125024735927582,-0.695605516433716,-0.16371950507164,0.666593551635742,-0.212089374661446
307.975608825684,1,-0.982441306114197,-0.266949266195297,0.125220254063606,-0.696687519550323,-0.163251847028732,0.66503781080246,-0.213776081800461
307.991909265518,1,-0.98251473903656,-0.267075479030609,0.124745294451714,-0.695748686790466,-0.164020285010338,0.666161954402924,-0.212742850184441
308.014500141144,1,-0.982337117195129,-0.267006456851959,0.125485807657242,-0.697324812412262,-0.164764612913132,0.664659857749939,-0.211702615022659
308.034644842148,1,-0.982278883457184,-0.267409533262253,0.124851018190384,-0.696193754673004,-0.163303852081299,0.666349172592163,-0.211246013641357
308.05229306221,1,-0.982505679130554,-0.267361909151077,0.124332077801228,-0.695125997066498,-0.163052156567574,0.66736376285553,-0.211753502488136
308.072781562805,1,-0.982466816902161,-0.267186403274536,0.124657720327377,-0.696151673793793,-0.163256525993347,0.666220188140869,-0.211827501654625
308.099022626877,1,-0.982310056686401,-0.267300218343735,0.124829277396202,-0.697239279747009,-0.162068396806717,0.665271937847137,-0.212142661213875
308.115374803543,1,-0.982179403305054,-0.264169663190842,0.129573404788971,-0.707956433296204,-0.171586856245995,0.65078729391098,-0.214083075523376
308.134009122849,1,-0.982114017009735,-0.263530880212784,0.13069312274456,-0.71033376455307,-0.173570111393929,0.647474229335785,-0.214654296636581
308.152680397034,1,-0.982002794742584,-0.266558468341827,0.125832602381706,-0.700271248817444,-0.163742795586586,0.661626994609833,-0.212269172072411
308.189231872559,1,-0.981950163841248,-0.267681866884232,0.12398961186409,-0.696257889270782,-0.160729125142097,0.667247533798218,-0.210170969367027
308.198817491531,1,-0.982150197029114,-0.26770144701004,0.124201744794846,-0.696636378765106,-0.160838961601257,0.6668940782547,-0.209954380989075
308.213995456696,1,-0.98241651058197,-0.267559826374054,0.123906493186951,-0.695563435554504,-0.162068277597427,0.667627573013306,-0.210235059261322
308.233115911484,1,-0.982131958007812,-0.267633557319641,0.124122075736523,-0.695889890193939,-0.162767931818962,0.667386591434479,-0.209378063678741
308.258510351181,1,-0.981837451457977,-0.267524719238281,0.124879010021687,-0.697385489940643,-0.163463249802589,0.665741384029388,-0.209097355604172
308.279459238052,1,-0.982035875320435,-0.267477810382843,0.124642044305801,-0.696539998054504,-0.163767695426941,0.666320145130157,-0.209832802414894
308.293470144272,1,-0.982083201408386,-0.267434895038605,0.124306917190552,-0.695596396923065,-0.163476809859276,0.66707444190979,-0.210790619254112
308.312433719635,1,-0.981794834136963,-0.267325788736343,0.124952234327793,-0.696982085704803,-0.164121687412262,0.665693581104279,-0.210076421499252
308.332752943039,1,-0.98169356584549,-0.267587542533875,0.124766781926155,-0.696582138538361,-0.163714483380318,0.666538119316101,-0.209040224552155
308.371289968491,1,-0.981844186782837,-0.267702490091324,0.124106660485268,-0.695192635059357,-0.162952825427055,0.668029367923737,-0.209500283002853
308.375978946686,1,-0.981947720050812,-0.267394006252289,0.124588549137115,-0.696290075778961,-0.16334579885006,0.666571974754333,-0.210191011428833
308.392706155777,1,-0.982038855552673,-0.267040193080902,0.124998331069946,-0.697004616260529,-0.164278790354729,0.665590524673462,-0.210205465555191
308.413100242615,1,-0.981989026069641,-0.267066776752472,0.124929763376713,-0.696763038635254,-0.164971932768822,0.666144549846649,-0.208703339099884
308.438659191132,1,-0.98188728094101,-0.267532527446747,0.124256104230881,-0.695686936378479,-0.163572311401367,0.667860865592957,-0.207907900214195
308.464537620544,1,-0.981880307197571,-0.267361789941788,0.124633282423019,-0.696792840957642,-0.163467094302177,0.666511237621307,-0.208616927266121
308.477927446365,1,-0.982006907463074,-0.266968607902527,0.124881431460381,-0.697138369083405,-0.164865240454674,0.665658354759216,-0.209085151553154
308.493086099625,1,-0.982000410556793,-0.266811430454254,0.124760583043098,-0.696619212627411,-0.16606068611145,0.666000068187714,-0.20878092944622
308.512724161148,1,-0.981751561164856,-0.267137736082077,0.12477234005928,-0.696789681911469,-0.165488317608833,0.666163146495819,-0.208145141601562
308.537165403366,1,-0.981824398040771,-0.267270594835281,0.124354422092438,-0.69576758146286,-0.165660426020622,0.667114973068237,-0.208378940820694
308.561217784882,1,-0.98202645778656,-0.267508774995804,0.123710796236992,-0.694319665431976,-0.16470131278038,0.668656468391418,-0.209026828408241
308.572668552399,1,-0.982045471668243,-0.26785534620285,0.123108685016632,-0.693523526191711,-0.163184106349945,0.669915616512299,-0.208828240633011
308.593519210815,1,-0.981827139854431,-0.268059223890305,0.123099341988564,-0.694281101226807,-0.162303641438484,0.66958349943161,-0.208060905337334
308.632547855377,1,-0.981764376163483,-0.26778182387352,0.123476222157478,-0.695403099060059,-0.162704885005951,0.668257534503937,-0.208263128995895
308.635006189346,1,-0.981900691986084,-0.267625033855438,0.123441934585571,-0.695259392261505,-0.162753760814667,0.6682408452034,-0.208757594227791
308.653037786484,1,-0.98187243938446,-0.267759829759598,0.123188838362694,-0.694863259792328,-0.161612287163734,0.668863296508789,-0.208969965577126
308.673029661179,1,-0.981613516807556,-0.267629474401474,0.123771205544472,-0.696219027042389,-0.161439478397369,0.667555570602417,-0.208772659301758
308.706109285355,1,-0.981601774692535,-0.267345100641251,0.124000385403633,-0.69646543264389,-0.161876454949379,0.667049825191498,-0.209228530526161
308.719668626785,1,-0.981787085533142,-0.267407953739166,0.123853594064713,-0.695909798145294,-0.161876261234283,0.667520642280579,-0.20957538485527
308.733361244202,1,-0.98169207572937,-0.267417877912521,0.123844355344772,-0.69572526216507,-0.162555545568466,0.667606115341187,-0.209389850497246
308.762609243393,1,-0.981448948383331,-0.267474889755249,0.124114587903023,-0.696389615535736,-0.16231532394886,0.667041480541229,-0.209167152643204
308.783826589584,1,-0.981445491313934,-0.267565786838531,0.123941503465176,-0.696315228939056,-0.161224693059921,0.667234897613525,-0.209640949964523
308.79655957222,1,-0.98152893781662,-0.267234802246094,0.123954847455025,-0.696707785129547,-0.160355806350708,0.666574418544769,-0.211099416017532
308.812571048737,1,-0.980964064598083,-0.264753520488739,0.128960028290749,-0.708665668964386,-0.166607692837715,0.651922821998596,-0.212206274271011
308.832678318024,1,-0.980970919132233,-0.266032576560974,0.127007037401199,-0.704711377620697,-0.161471620202065,0.657713413238525,-0.211475417017937
308.866374015808,1,-0.981244206428528,-0.266820281744003,0.125033602118492,-0.700126767158508,-0.159116327762604,0.663350403308868,-0.210880875587463
308.879955053329,1,-0.981328070163727,-0.266791999340057,0.125041052699089,-0.699693441390991,-0.160263329744339,0.663715660572052,-0.210300475358963
308.892680883408,1,-0.98122376203537,-0.266725987195969,0.12513156235218,-0.69935005903244,-0.161084249615669,0.664044678211212,-0.209776118397713
308.920077085495,1,-0.981241524219513,-0.266613036394119,0.124888628721237,-0.69826465845108,-0.161247164011002,0.664965629577637,-0.21034848690033
308.94236946106,1,-0.981238067150116,-0.266838729381561,0.124513864517212,-0.697371363639832,-0.161311700940132,0.665962100028992,-0.2101099640131
308.956976175308,1,-0.981396853923798,-0.266904383897781,0.124634891748428,-0.697699010372162,-0.161651477217674,0.66551148891449,-0.210188746452332
308.972647190094,1,-0.981502413749695,-0.266982287168503,0.123926222324371,-0.696366548538208,-0.160542339086533,0.666890859603882,-0.211083948612213
309.000426769257,1,-0.980870246887207,-0.26674148440361,0.124011665582657,-0.697296261787415,-0.158157631754875,0.665899455547333,-0.212937027215958
309.026010036469,1,-0.980587542057037,-0.266415446996689,0.125422418117523,-0.700612366199493,-0.159820765256882,0.66233891248703,-0.211912408471107
309.036173343658,1,-0.981035768985748,-0.266597479581833,0.125774949789047,-0.701037406921387,-0.159806832671165,0.661892354488373,-0.211912751197815
309.052453994751,1,-0.981170892715454,-0.267083019018173,0.124184228479862,-0.697091519832611,-0.159509807825089,0.666337251663208,-0.21122233569622
309.075444221497,1,-0.980470776557922,-0.267741143703461,0.124001756310463,-0.69699889421463,-0.159295499324799,0.667439699172974,-0.208186820149422
309.098349094391,1,-0.980636239051819,-0.267710268497467,0.124865055084229,-0.698504507541656,-0.160678803920746,0.665667474269867,-0.207751303911209
309.112626314163,1,-0.981562733650208,-0.267824828624725,0.122949540615082,-0.693775177001953,-0.162181735038757,0.669935524463654,-0.208709165453911
309.13254070282,1,-0.981449365615845,-0.267896473407745,0.12276491522789,-0.693779170513153,-0.162417873740196,0.669922471046448,-0.208553954958916
309.155547142029,1,-0.98032808303833,-0.268528878688812,0.123667851090431,-0.697388648986816,-0.159504607319832,0.667273163795471,-0.207253485918045
309.17759346962,1,-0.980392873287201,-0.268109947443008,0.123708978295326,-0.698230862617493,-0.159166619181633,0.665776014328003,-0.209480285644531
309.192887544632,1,-0.981009483337402,-0.267266660928726,0.124069482088089,-0.69925445318222,-0.161047980189323,0.663415312767029,-0.212101176381111
309.212546825409,1,-0.980718791484833,-0.267441093921661,0.124488145112991,-0.700311958789825,-0.161195784807205,0.662641882896423,-0.210914224386215
309.25176525116,1,-0.98013174533844,-0.267486214637756,0.124939985573292,-0.700784981250763,-0.161782965064049,0.662360370159149,-0.209774747490883
309.254332780838,1,-0.980521738529205,-0.266443580389023,0.125063374638557,-0.69965523481369,-0.165600761771202,0.66181081533432,-0.212286189198494
309.27254319191,1,-0.981070756912231,-0.26583531498909,0.124569311738014,-0.697646081447601,-0.168003633618355,0.662642478942871,-0.214405387639999
309.292796611786,1,-0.980835318565369,-0.26574781537056,0.12470218539238,-0.697644889354706,-0.167680412530899,0.662608981132507,-0.214765787124634
309.330597877502,1,-0.980015993118286,-0.261676400899887,0.12890462577343,-0.704713940620422,-0.174221053719521,0.650851786136627,-0.222300231456757
309.333615064621,1,-0.979970633983612,-0.259761184453964,0.130257427692413,-0.706707239151001,-0.177143320441246,0.64651346206665,-0.226286485791206
309.35245347023,1,-0.97918438911438,-0.260295480489731,0.128548324108124,-0.70408684015274,-0.173257797956467,0.650593340396881,-0.225769326090813
309.372572660446,1,-0.977814078330994,-0.256387710571289,0.135179296135902,-0.719731509685516,-0.183204412460327,0.629965245723724,-0.227082818746567
309.398541212082,1,-0.977676033973694,-0.258312433958054,0.13280376791954,-0.71312415599823,-0.179093435406685,0.639858484268188,-0.223518624901772
309.422175884247,1,-0.977546513080597,-0.261025279760361,0.128351658582687,-0.702371060848236,-0.172602206468582,0.654359877109528,-0.220672935247421
309.433243989944,1,-0.977404713630676,-0.261382222175598,0.12776392698288,-0.70028156042099,-0.171208754181862,0.656701922416687,-0.221440657973289
309.452493190765,1,-0.977387487888336,-0.255208045244217,0.138102754950523,-0.721782386302948,-0.190590217709541,0.626124262809753,-0.225108817219734
309.473048448563,1,-0.978009343147278,-0.257223188877106,0.133154392242432,-0.711037158966064,-0.183655679225922,0.640110671520233,-0.225732430815697
309.511611700058,1,-0.979412972927094,-0.257000505924225,0.132728442549706,-0.708513021469116,-0.18549120426178,0.641476213932037,-0.228277519345284
309.514348506927,1,-0.981113851070404,-0.265744507312775,0.124936386942863,-0.694440007209778,-0.169986933469772,0.665686547756195,-0.213820099830627
309.532881975174,1,-0.98247617483139,-0.267066419124603,0.125180691480637,-0.694747447967529,-0.170750513672829,0.666069686412811,-0.211001440882683
309.552466392517,1,-0.984104037284851,-0.26815789937973,0.123681500554085,-0.690827786922455,-0.171058490872383,0.670384407043457,-0.209954127669334
309.575957536697,1,-0.984757304191589,-0.268640965223312,0.124451071023941,-0.692798495292664,-0.173210635781288,0.66837877035141,-0.208082124590874
309.614111661911,1,-0.984546065330505,-0.270404279232025,0.125408887863159,-0.695763945579529,-0.170666515827179,0.667039752006531,-0.204556629061699
309.632910966873,1,-0.985787153244019,-0.272493422031403,0.126040399074554,-0.696392357349396,-0.171554520726204,0.666839897632599,-0.202315151691437
309.652584552765,1,-0.986667633056641,-0.274847567081451,0.125967502593994,-0.695582985877991,-0.169564560055733,0.668937504291534,-0.199836939573288
309.675958871841,1,-0.987339377403259,-0.27638453245163,0.127523124217987,-0.697879791259766,-0.169765964150429,0.666950941085815,-0.198292374610901
309.698652505875,1,-0.988256752490997,-0.278374284505844,0.128388434648514,-0.698798835277557,-0.170647218823433,0.666844427585602,-0.194623351097107
309.712852478027,1,-0.989228844642639,-0.280289828777313,0.12897627055645,-0.699338734149933,-0.173852846026421,0.666992962360382,-0.18926402926445
309.732969045639,1,-0.990083873271942,-0.282626986503601,0.129077553749084,-0.699754536151886,-0.176083967089653,0.667629897594452,-0.183326050639153
309.753219842911,1,-0.991056501865387,-0.284392327070236,0.129867836833,-0.701978445053101,-0.178886935114861,0.665526568889618,-0.179722473025322
309.773530244827,1,-0.992511034011841,-0.28731369972229,0.12912929058075,-0.701493203639984,-0.179675698280334,0.667258858680725,-0.174326092004776
309.793618917465,1,-0.994092583656311,-0.289499640464783,0.128838196396828,-0.701420426368713,-0.182420194149017,0.667686820030212,-0.170078158378601
309.813026428223,1,-0.995489835739136,-0.2909876704216,0.129529654979706,-0.703299999237061,-0.186967000365257,0.665037453174591,-0.167742818593979
309.853036642075,1,-0.996626973152161,-0.293631762266159,0.129410624504089,-0.703914523124695,-0.189622282981873,0.664650022983551,-0.163670763373375
309.856154918671,1,-0.997505307197571,-0.297164559364319,0.129443570971489,-0.704543232917786,-0.193114146590233,0.664643406867981,-0.156763985753059
309.873170614243,1,-0.997742593288422,-0.299629837274551,0.132121086120605,-0.709486842155457,-0.200521096587181,0.658408403396606,-0.151387616991997
309.89341211319,1,-0.998448610305786,-0.304863005876541,0.131414651870728,-0.708512306213379,-0.200397744774818,0.661646008491516,-0.141688734292984
309.927628040314,1,-0.998760640621185,-0.310301870107651,0.134002819657326,-0.712730884552002,-0.20109435915947,0.658895075321198,-0.13203427195549
309.940919399261,1,-0.999586760997772,-0.316928446292877,0.136691674590111,-0.716144263744354,-0.1995899528265,0.657636165618896,-0.121721230447292
309.95415520668,1,-1.0004734992981,-0.323475688695908,0.141682311892509,-0.722740948200226,-0.198046758770943,0.652399480342865,-0.113127797842026
309.973547697067,1,-1.00137567520142,-0.330693274736404,0.146893113851547,-0.729363024234772,-0.194727018475533,0.647525787353516,-0.104026108980179
310.013937234879,1,-1.00237989425659,-0.338708221912384,0.152620509266853,-0.736250877380371,-0.191346779465675,0.642355561256409,-0.0932767167687416
310.01541519165,1,-1.00310695171356,-0.346107989549637,0.159116938710213,-0.744240581989288,-0.189157694578171,0.635010302066803,-0.0841869413852692
310.032790899277,1,-1.00379300117493,-0.353790014982224,0.164573729038239,-0.750243782997131,-0.186516270041466,0.629966795444489,-0.0740794241428375
310.05241894722,1,-1.00436365604401,-0.361276030540466,0.169141098856926,-0.754528284072876,-0.184539556503296,0.626507103443146,-0.0641952380537987
310.077345132828,1,-1.00485575199127,-0.368679940700531,0.17412281036377,-0.760613203048706,-0.182233348488808,0.620688498020172,-0.054810781031847
310.101790904999,1,-1.00558078289032,-0.37626925110817,0.177380099892616,-0.763663470745087,-0.178054496645927,0.618895769119263,-0.0456380993127823
310.116168737411,1,-1.00656521320343,-0.383428245782852,0.180342301726341,-0.766585767269135,-0.174807503819466,0.616832256317139,-0.0361452735960484
310.133562088013,1,-1.00782513618469,-0.389718115329742,0.184146970510483,-0.771427631378174,-0.173380687832832,0.611578822135925,-0.0284608770161867
310.155770778656,1,-1.00941801071167,-0.394925594329834,0.187652572989464,-0.77590811252594,-0.172123864293098,0.606462955474854,-0.0232957452535629
310.18016076088,1,-1.0117621421814,-0.399057030677795,0.189353063702583,-0.777350187301636,-0.171645835042,0.604871869087219,-0.0198638997972012
310.194001674652,1,-1.01397216320038,-0.402573436498642,0.190756544470787,-0.778210401535034,-0.172162711620331,0.603747248649597,-0.0154249370098114
310.21345281601,1,-1.01632821559906,-0.405588537454605,0.192163482308388,-0.779627799987793,-0.172640457749367,0.601858258247375,-0.011937896721065
310.237394332886,1,-1.01874947547913,-0.407833784818649,0.192813128232956,-0.779981195926666,-0.174821764230728,0.600832581520081,-0.00818145088851452
310.254539012909,1,-1.02121210098267,-0.409112960100174,0.192866712808609,-0.779172658920288,-0.178947016596794,0.600703537464142,-0.00482649588957429
310.273190259933,1,-1.02381753921509,-0.40996715426445,0.192268431186676,-0.777505338191986,-0.182599157094955,0.601777613162994,-0.0025950837880373
310.293417453766,1,-1.02653133869171,-0.410227507352829,0.192398935556412,-0.7774778008461,-0.186669439077377,0.600568294525146,-0.000804628187324852
310.331549406052,1,-1.0292444229126,-0.409724742174149,0.19204118847847,-0.776708900928497,-0.190710812807083,0.600293755531311,-0.0001547270512674
310.335249185562,1,-1.03184986114502,-0.407817274332047,0.190631613135338,-0.774108588695526,-0.195789530873299,0.602009952068329,-0.00252667255699635
310.352773427963,1,-1.0343519449234,-0.404771775007248,0.188870385289192,-0.770722806453705,-0.204733431339264,0.603360116481781,-0.00521421758458018
310.372964382172,1,-1.03707993030548,-0.401278346776962,0.186173796653748,-0.76505434513092,-0.21864053606987,0.605675637722015,-0.00672935368493199
310.406538248062,1,-1.03955137729645,-0.398664355278015,0.185158669948578,-0.762526392936707,-0.231013625860214,0.604219973087311,-0.0102198291569948
310.419041156769,1,-1.04130494594574,-0.397963106632233,0.182952836155891,-0.758614122867584,-0.240125373005867,0.605575978755951,-0.0110634453594685
310.432907819748,1,-1.04223668575287,-0.397926986217499,0.181661784648895,-0.756791532039642,-0.252161741256714,0.602999925613403,-0.00850027613341808
310.45396399498,1,-1.04297971725464,-0.39828222990036,0.178783133625984,-0.752256512641907,-0.266394942998886,0.602608501911163,-0.00261103315278888
310.490869522095,1,-1.04379105567932,-0.398233622312546,0.174449771642685,-0.745175719261169,-0.283820450305939,0.603428900241852,0.00571777625009418
310.493544578552,1,-1.04419720172882,-0.397482365369797,0.170502036809921,-0.738994956016541,-0.302823662757874,0.601692914962769,0.012242385186255
310.51337480545,1,-1.04483282566071,-0.396163493394852,0.166432961821556,-0.733121514320374,-0.319473206996918,0.600166797637939,0.016416285187006
310.542370796204,1,-1.04576230049133,-0.393630981445312,0.162518531084061,-0.727110028266907,-0.337796121835709,0.597346186637878,0.019553616642952
310.564142942429,1,-1.04709577560425,-0.390314072370529,0.158739253878593,-0.721410572528839,-0.355600386857986,0.593902826309204,0.0198642928153276
310.577980518341,1,-1.04830598831177,-0.386582165956497,0.154611587524414,-0.716193020343781,-0.371593296527863,0.590435087680817,0.0193022098392248
310.592552423477,1,-1.04886877536774,-0.383077353239059,0.14907443523407,-0.71138209104538,-0.381810575723648,0.589776754379272,0.017877759411931
310.613099575043,1,-1.04900646209717,-0.380012392997742,0.142396792769432,-0.705511510372162,-0.387847900390625,0.592911005020142,0.0168553348630667
310.633685350418,1,-1.048184633255,-0.378013074398041,0.136956006288528,-0.703837454319,-0.389798283576965,0.593596994876862,0.017685241997242
310.654961109161,1,-1.04756021499634,-0.376446217298508,0.131525561213493,-0.700657367706299,-0.390969604253769,0.596553206443787,0.0186092313379049
310.672798871994,1,-1.04694068431854,-0.375253021717072,0.127652943134308,-0.699235439300537,-0.391580134630203,0.597789764404297,0.0195544399321079
310.692305326462,1,-1.04641377925873,-0.374596387147903,0.124766618013382,-0.699031114578247,-0.390366584062576,0.598792374134064,0.0204232297837734
310.713847637177,1,-1.04598927497864,-0.3743497133255,0.123248279094696,-0.700260281562805,-0.388295352458954,0.598695158958435,0.0206488650292158
310.747206926346,1,-1.04553735256195,-0.374674826860428,0.122452579438686,-0.702442824840546,-0.384478271007538,0.598606586456299,0.0205133911222219
310.754816055298,1,-1.0444370508194,-0.375689506530762,0.121880888938904,-0.705767631530762,-0.377428352832794,0.599194943904877,0.0201334320008755
310.772949695587,1,-1.04234623908997,-0.377297520637512,0.119955718517303,-0.707334637641907,-0.366569191217422,0.604069113731384,0.0201305989176035
310.792861938477,1,-1.03927361965179,-0.379419237375259,0.117505297064781,-0.708008706569672,-0.354356229305267,0.610523581504822,0.0204059444367886
310.819568157196,1,-1.03525042533875,-0.38152539730072,0.115636311471462,-0.708035349845886,-0.343518674373627,0.616677224636078,0.0197496395558119
310.844619512558,1,-1.03142762184143,-0.384009122848511,0.113037839531898,-0.705527901649475,-0.334703415632248,0.624328672885895,0.0204405002295971
310.857173204422,1,-1.02666258811951,-0.388873130083084,0.111118212342262,-0.704350054264069,-0.322740644216537,0.631778359413147,0.0241989474743605
310.872629642487,1,-1.0218209028244,-0.395909458398819,0.11061055958271,-0.705259561538696,-0.310706913471222,0.636432766914368,0.0319933369755745
310.893027544022,1,-1.01698637008667,-0.405553311109543,0.111434355378151,-0.70695823431015,-0.299037426710129,0.639352381229401,0.0448911264538765
310.935606241226,1,-1.01262164115906,-0.41530242562294,0.113213539123535,-0.709457755088806,-0.290320068597794,0.639466226100922,0.0588817968964577
310.938851118088,1,-1.00844538211823,-0.42486697435379,0.116163432598114,-0.713340163230896,-0.284895479679108,0.636051714420319,0.0736120790243149
310.954213142395,1,-1.00505387783051,-0.433129101991653,0.118379175662994,-0.716463387012482,-0.281385749578476,0.63247162103653,0.0864980220794678
310.973140954971,1,-1.00292456150055,-0.440442681312561,0.116339825093746,-0.71248334646225,-0.279123246669769,0.635506510734558,0.102904617786407
311.002988815308,1,-1.00054728984833,-0.444965571165085,0.115188837051392,-0.71200305223465,-0.280048668384552,0.633730173110962,0.114063434302807
311.026609182358,1,-0.998948991298676,-0.447595864534378,0.112358458340168,-0.709780752658844,-0.279648303985596,0.634784877300262,0.122704014182091
311.039774417877,1,-0.998582124710083,-0.448385179042816,0.109027951955795,-0.706585168838501,-0.279386341571808,0.637466013431549,0.127741202712059
311.054251909256,1,-0.998978912830353,-0.446857690811157,0.106827564537525,-0.704605877399445,-0.281157404184341,0.638786137104034,0.128192767500877
311.079538106918,1,-1.00009214878082,-0.44325977563858,0.105332225561142,-0.701522648334503,-0.287993520498276,0.639212846755981,0.127799808979034
311.101718187332,1,-1.00127649307251,-0.437261760234833,0.105327107012272,-0.698469221591949,-0.300023913383484,0.637870848178864,0.123479649424553
311.1158015728,1,-1.00213408470154,-0.430804371833801,0.107782170176506,-0.69852477312088,-0.314229875802994,0.631994187831879,0.117924280464649
311.132789611816,1,-1.00408399105072,-0.425778180360794,0.106597408652306,-0.691583335399628,-0.32248193025589,0.636029481887817,0.114823438227177
311.158181428909,1,-1.00600326061249,-0.421901136636734,0.106349267065525,-0.686248362064362,-0.330094218254089,0.638304829597473,0.112552270293236
311.182361364365,1,-1.00753712654114,-0.419150471687317,0.106712058186531,-0.682437181472778,-0.336715817451477,0.639046430587769,0.111900463700294
311.194609642029,1,-1.00872421264648,-0.416987508535385,0.107360385358334,-0.679158270359039,-0.343362808227539,0.638963341712952,0.112124539911747
311.213021755219,1,-1.0093766450882,-0.415758073329926,0.108065403997898,-0.677074611186981,-0.348405331373215,0.638290822505951,0.112998388707638
311.235105752945,1,-1.00976777076721,-0.415677785873413,0.10868875682354,-0.675378203392029,-0.351562708616257,0.638005912303925,0.114962726831436
311.266274452209,1,-1.00994920730591,-0.416520476341248,0.109069481492043,-0.674250781536102,-0.352828055620193,0.638083815574646,0.117249429225922
311.273087501526,1,-1.01007950305939,-0.418147146701813,0.10970588773489,-0.673887193202972,-0.353299587965012,0.637735188007355,0.11978867650032
311.293399333954,1,-1.01052963733673,-0.420412451028824,0.11083746701479,-0.673009216785431,-0.355601519346237,0.636554479598999,0.124114997684956
311.31455206871,1,-1.01081216335297,-0.422181904315948,0.114302240312099,-0.674394249916077,-0.362243115901947,0.630477905273438,0.128335222601891
311.335602045059,1,-1.01139688491821,-0.424221217632294,0.117901474237442,-0.674489855766296,-0.369669944047928,0.625126481056213,0.132757470011711
311.354067802429,1,-1.01187002658844,-0.428026795387268,0.122838087379932,-0.677184283733368,-0.375849962234497,0.616943180561066,0.139783382415771
311.375324726105,1,-1.0125629901886,-0.433536857366562,0.128510534763336,-0.68038547039032,-0.38111138343811,0.608017563819885,0.148810207843781
311.410574436188,1,-1.01353585720062,-0.4401034116745,0.134732767939568,-0.68473094701767,-0.384649455547333,0.59864330291748,0.157526284456253
311.415055036545,1,-1.0147852897644,-0.446304082870483,0.141434356570244,-0.689245820045471,-0.387682288885117,0.589549243450165,0.164543181657791
311.43353509903,1,-1.01704943180084,-0.451196610927582,0.14934815466404,-0.69239467382431,-0.395279049873352,0.579305589199066,0.169555604457855
311.454034805298,1,-1.01947116851807,-0.455575615167618,0.159064993262291,-0.696304857730865,-0.407269358634949,0.564772307872772,0.174136310815811
311.475520133972,1,-1.0206743478775,-0.459916442632675,0.16566313803196,-0.697660148143768,-0.416391402482986,0.554907381534576,0.178791299462318
311.501426458359,1,-1.01971364021301,-0.464144736528397,0.171363443136215,-0.699347376823425,-0.426185548305511,0.543407618999481,0.184356793761253
311.513604640961,1,-1.0176078081131,-0.468575298786163,0.172552645206451,-0.695810317993164,-0.434056758880615,0.538902878761292,0.192422494292259
311.533577203751,1,-1.01530742645264,-0.472087174654007,0.16669599711895,-0.68084591627121,-0.440030217170715,0.549347460269928,0.202582776546478
311.573577165604,1,-1.01106023788452,-0.477001667022705,0.157027274370193,-0.667339324951172,-0.43983182311058,0.56203281879425,0.212897449731827
311.578535318375,1,-1.00626730918884,-0.483311295509338,0.153140127658844,-0.664180278778076,-0.443893432617188,0.557736873626709,0.225284025073051
311.593561887741,1,-1.00279402732849,-0.488040655851364,0.14554937183857,-0.653467357158661,-0.447829514741898,0.561865150928497,0.238194689154625
311.614231348038,1,-1.00045740604401,-0.491551846265793,0.137693226337433,-0.64354544878006,-0.448142856359482,0.569465637207031,0.246426820755005
311.633396148682,1,-0.998354136943817,-0.493185371160507,0.132247060537338,-0.637268960475922,-0.447413444519043,0.577417016029358,0.24555891752243
311.663115978241,1,-0.995689749717712,-0.496105372905731,0.130143448710442,-0.641128182411194,-0.445592075586319,0.575562477111816,0.243167102336884
311.67911529541,1,-0.992758214473724,-0.494144141674042,0.12150589376688,-0.634760558605194,-0.439311802387238,0.590643167495728,0.234999507665634
311.692939043045,1,-0.988763272762299,-0.495326638221741,0.111461274325848,-0.630383491516113,-0.427329748868942,0.604973316192627,0.232407793402672
311.71853852272,1,-0.984644412994385,-0.498497128486633,0.100656174123287,-0.628681898117065,-0.408986777067184,0.619408905506134,0.231995075941086
311.740031957626,1,-0.981712341308594,-0.503249645233154,0.09139683842659,-0.630831241607666,-0.386624395847321,0.6314297914505,0.232099235057831
311.754063367844,1,-0.980223894119263,-0.507351160049438,0.0835613012313843,-0.630355596542358,-0.371108800172806,0.641312479972839,0.231621488928795
311.773362874985,1,-0.979186177253723,-0.511505484580994,0.0781699419021606,-0.630171060562134,-0.360449552536011,0.64750212430954,0.231736049056053
311.79314494133,1,-0.977929532527924,-0.518539786338806,0.0769715905189514,-0.637641549110413,-0.347330212593079,0.647002220153809,0.232729882001877
311.816309213638,1,-0.977956533432007,-0.525862693786621,0.0773475021123886,-0.64066743850708,-0.3398677110672,0.646578371524811,0.236583083868027
311.840406179428,1,-0.978279769420624,-0.531786978244781,0.0792537182569504,-0.642643094062805,-0.337241768836975,0.644687533378601,0.240116447210312
311.852596521378,1,-0.978483974933624,-0.538403630256653,0.0844179913401604,-0.650787889957428,-0.331670761108398,0.639423012733459,0.240016430616379
311.874489307404,1,-0.981973767280579,-0.546365261077881,0.0865631401538849,-0.653249442577362,-0.315013974905014,0.645989298820496,0.238178953528404
311.893579244614,1,-0.983851492404938,-0.554665386676788,0.0962411314249039,-0.673781275749207,-0.294047445058823,0.638222515583038,0.228532150387764
311.915359020233,1,-0.985031962394714,-0.560788154602051,0.111540429294109,-0.704132676124573,-0.274539619684219,0.620317399501801,0.209837093949318
311.933887720108,1,-0.988614976406097,-0.563310444355011,0.12204597145319,-0.722086250782013,-0.255550891160965,0.613945424556732,0.190673306584358
311.953537464142,1,-0.992231011390686,-0.56392377614975,0.131489247083664,-0.737123131752014,-0.239413723349571,0.608148455619812,0.171714887022972
311.9739818573,1,-0.995964050292969,-0.563372611999512,0.139270976185799,-0.74960857629776,-0.220937564969063,0.605065166950226,0.152215912938118
311.996952295303,1,-0.999624967575073,-0.563772976398468,0.147892534732819,-0.764823853969574,-0.20330074429512,0.596046328544617,0.135802373290062
312.013403892517,1,-1.00345015525818,-0.562924146652222,0.154537662863731,-0.775921583175659,-0.185925215482712,0.590757727622986,0.119928374886513
312.033529996872,1,-1.00677525997162,-0.561217725276947,0.160050481557846,-0.784387409687042,-0.170971378684044,0.58697646856308,0.104708902537823
312.05304479599,1,-1.00982320308685,-0.559668242931366,0.165908709168434,-0.79385781288147,-0.156118288636208,0.580759048461914,0.0901990830898285
312.089948892593,1,-1.01272630691528,-0.558170855045319,0.170773610472679,-0.801082372665405,-0.141581431031227,0.576389789581299,0.0774379894137383
312.094906568527,1,-1.01530992984772,-0.556788563728333,0.175517752766609,-0.80780416727066,-0.1277966350317,0.571726620197296,0.0651863887906075
312.113016366959,1,-1.01780104637146,-0.556332051753998,0.179706126451492,-0.813286423683167,-0.11236409842968,0.568335235118866,0.0541725605726242
312.133144855499,1,-1.02036917209625,-0.55709570646286,0.184320241212845,-0.819137573242188,-0.0948923975229263,0.563905656337738,0.0449398681521416
312.161144971848,1,-1.02303218841553,-0.55839204788208,0.189325243234634,-0.824718117713928,-0.0767340138554573,0.559163093566895,0.035898819565773
312.187615156174,1,-1.02593183517456,-0.559522211551666,0.195749208331108,-0.83171284198761,-0.0605769045650959,0.551270008087158,0.0261822696775198
312.199304819107,1,-1.0289181470871,-0.560223281383514,0.202313601970673,-0.837706685066223,-0.0448259897530079,0.544067561626434,0.0151272788643837
312.213206768036,1,-1.03214979171753,-0.561104536056519,0.20996530354023,-0.844650745391846,-0.0279098562896252,0.534581482410431,0.00296931923367083
312.232985973358,1,-1.0355019569397,-0.562867164611816,0.217663466930389,-0.850670158863068,-0.0064581404440105,0.525577545166016,-0.00931894406676292
312.253976345062,1,-1.03898537158966,-0.565256237983704,0.225840866565704,-0.856777727603912,0.0170793626457453,0.514965236186981,-0.0212428979575634
312.277405738831,1,-1.04211390018463,-0.567075431346893,0.233844369649887,-0.861698687076569,0.038450937718153,0.504837334156036,-0.0337078683078289
312.29301905632,1,-1.04466235637665,-0.568703293800354,0.240754976868629,-0.86465460062027,0.0581912845373154,0.496875882148743,-0.0458319000899792
312.313051939011,1,-1.0465339422226,-0.570394694805145,0.24704185128212,-0.86633563041687,0.0781285092234612,0.489880591630936,-0.0581004656851292
312.340736150742,1,-1.04791903495789,-0.572364389896393,0.252705127000809,-0.866959869861603,0.0985714420676231,0.483498871326447,-0.0699523240327835
312.36746764183,1,-1.04873752593994,-0.574155628681183,0.258432298898697,-0.867455661296844,0.119652010500431,0.475730180740356,-0.0829756930470467
312.377284765244,1,-1.04905426502228,-0.577413201332092,0.262135028839111,-0.864980697631836,0.142842754721642,0.472050875425339,-0.0925870835781097
312.393188476562,1,-1.04852437973022,-0.580257058143616,0.265369236469269,-0.861659944057465,0.165899962186813,0.468185067176819,-0.104030348360538
312.420979976654,1,-1.04711890220642,-0.583913862705231,0.266603350639343,-0.855331301689148,0.189517512917519,0.46837967634201,-0.114507980644703
312.444849967957,1,-1.04488146305084,-0.586410999298096,0.266935527324677,-0.849097073078156,0.207436352968216,0.469015777111053,-0.126603409647942
312.459477901459,1,-1.04184854030609,-0.588009178638458,0.26567217707634,-0.841784119606018,0.220821842551231,0.472074717283249,-0.14065146446228
312.473482608795,1,-1.03850626945496,-0.589718580245972,0.263189643621445,-0.833454132080078,0.232213452458382,0.476976901292801,-0.154674500226974
312.496788263321,1,-1.03548145294189,-0.592497229576111,0.261064887046814,-0.824780642986298,0.248093843460083,0.479848504066467,-0.167128339409828
312.525892019272,1,-1.0329327583313,-0.597498178482056,0.258726000785828,-0.813128173351288,0.27373269200325,0.482196271419525,-0.177143633365631
312.540135622025,1,-1.03066611289978,-0.602345645427704,0.256523638963699,-0.800775408744812,0.301618605852127,0.48229643702507,-0.18755042552948
312.552332639694,1,-1.02866327762604,-0.606601655483246,0.253041714429855,-0.787721812725067,0.324477195739746,0.484827280044556,-0.197867780923843
312.582419872284,1,-1.02669727802277,-0.609315514564514,0.248235285282135,-0.775447309017181,0.340355068445206,0.488515615463257,-0.210220128297806
312.606790304184,1,-1.02513337135315,-0.609401702880859,0.242329776287079,-0.764683306217194,0.348868131637573,0.491867452859879,-0.227193728089333
312.618712663651,1,-1.02504324913025,-0.609548389911652,0.237065374851227,-0.755345106124878,0.358360350131989,0.492693513631821,-0.241422310471535
312.633197546005,1,-1.02596282958984,-0.609144747257233,0.233517736196518,-0.747195720672607,0.37184926867485,0.487425148487091,-0.256599724292755
312.652854919434,1,-1.02798676490784,-0.610130488872528,0.230753213167191,-0.737079679965973,0.39279493689537,0.479791104793549,-0.268749117851257
312.69025683403,1,-1.03066682815552,-0.610727310180664,0.228679716587067,-0.72749525308609,0.413893640041351,0.469830423593521,-0.280538886785507
312.703811168671,1,-1.03350949287415,-0.610807776451111,0.227018028497696,-0.719314217567444,0.431397169828415,0.459719926118851,-0.291789501905441
312.712833166122,1,-1.03719353675842,-0.612099945545197,0.225499361753464,-0.712744057178497,0.445219129323959,0.452732563018799,-0.298008471727371
312.733002185822,1,-1.04128897190094,-0.614144623279572,0.224252760410309,-0.708248615264893,0.455110847949982,0.448249727487564,-0.300549924373627
312.772611379623,1,-1.04579615592957,-0.616909146308899,0.223782539367676,-0.705895483493805,0.462733894586563,0.444902330636978,-0.299417525529861
312.77631354332,1,-1.0507138967514,-0.620613813400269,0.223787695169449,-0.704407513141632,0.469123303890228,0.443137407302856,-0.295571625232697
312.792940378189,1,-1.05581474304199,-0.624638676643372,0.224172800779343,-0.703525543212891,0.473628759384155,0.442343473434448,-0.291650295257568
312.812849521637,1,-1.06099104881287,-0.629104554653168,0.223993346095085,-0.70323634147644,0.474624693393707,0.444778650999069,-0.286987781524658
312.847323179245,1,-1.06577050685883,-0.633648276329041,0.222499996423721,-0.703427791595459,0.469724178314209,0.451507836580276,-0.284058570861816
312.86029458046,1,-1.06934607028961,-0.637828588485718,0.219680279493332,-0.70226788520813,0.460867583751678,0.4619380235672,-0.284664988517761
312.872851371765,1,-1.07276034355164,-0.643481254577637,0.215752854943275,-0.700258076190948,0.449520975351334,0.477517813444138,-0.282039612531662
312.893805980682,1,-1.07556641101837,-0.649530470371246,0.210454732179642,-0.699709415435791,0.429661005735397,0.498936235904694,-0.277237772941589
312.91422867775,1,-1.07817375659943,-0.657083868980408,0.203746467828751,-0.699880123138428,0.402603924274445,0.526711046695709,-0.265807330608368
312.934635162354,1,-1.08043491840363,-0.663714408874512,0.196688294410706,-0.703717947006226,0.364443123340607,0.555963516235352,-0.250732779502869
312.953119277954,1,-1.08297526836395,-0.670185983181,0.190397292375565,-0.707606673240662,0.324422538280487,0.583084106445312,-0.232499122619629
312.972709417343,1,-1.08632397651672,-0.678109467029572,0.187361970543861,-0.709898114204407,0.300951451063156,0.599765598773956,-0.213902488350868
312.993123292923,1,-1.09060418605804,-0.687568485736847,0.185657277703285,-0.70992124080658,0.290565311908722,0.612185716629028,-0.191865339875221
313.029862642288,1,-1.09460628032684,-0.697003662586212,0.185841992497444,-0.7099529504776,0.28791555762291,0.617342352867126,-0.178773552179337
313.036906480789,1,-1.09766292572021,-0.706537544727325,0.187542915344238,-0.710139453411102,0.291228443384171,0.616238832473755,-0.176458612084389
313.053143501282,1,-1.10024058818817,-0.714103162288666,0.186076179146767,-0.707524418830872,0.287002921104431,0.622526168823242,-0.171754866838455
313.073259353638,1,-1.10191822052002,-0.721757352352142,0.184726297855377,-0.704390943050385,0.283922404050827,0.627963781356812,-0.169950217008591
313.099606990814,1,-1.10396337509155,-0.732037425041199,0.184107393026352,-0.700609624385834,0.284702152013779,0.633565843105316,-0.163355961441994
313.121960639954,1,-1.1058943271637,-0.743066847324371,0.183811351656914,-0.698789715766907,0.281517177820206,0.639656007289886,-0.152581870555878
313.135578632355,1,-1.10776829719543,-0.755031168460846,0.183095499873161,-0.698059618473053,0.27098286151886,0.648441016674042,-0.137132927775383
313.153213500977,1,-1.10887575149536,-0.766462743282318,0.182002872228622,-0.697852551937103,0.256141036748886,0.657407820224762,-0.123322755098343
313.173011302948,1,-1.10934376716614,-0.778232336044312,0.180336028337479,-0.697583615779877,0.239333659410477,0.666360855102539,-0.10981747508049
313.196398019791,1,-1.10951292514801,-0.790856778621674,0.17866650223732,-0.695253193378448,0.226201862096786,0.674886465072632,-0.099919818341732
313.220172166824,1,-1.10904312133789,-0.803631186485291,0.177221521735191,-0.693673610687256,0.213591337203979,0.681505620479584,-0.0935189351439476
313.232933044434,1,-1.10934591293335,-0.819264531135559,0.175381779670715,-0.68867826461792,0.209322288632393,0.688860714435577,-0.0858916714787483
313.252244710922,1,-1.11010909080505,-0.836946606636047,0.175603210926056,-0.686262190341949,0.210907950997353,0.691883385181427,-0.0765470117330551
313.281161308289,1,-1.11214637756348,-0.856976389884949,0.177545294165611,-0.6851806640625,0.219206511974335,0.691430032253265,-0.066337376832962
313.306488990784,1,-1.11522257328033,-0.879441499710083,0.180450662970543,-0.687432706356049,0.227308690547943,0.688181638717651,-0.0466170869767666
313.32105922699,1,-1.11710059642792,-0.901283919811249,0.183566808700562,-0.69323742389679,0.228293120861053,0.683048129081726,-0.0273771937936544
313.333133935928,1,-1.12009131908417,-0.92510998249054,0.180425554513931,-0.69013112783432,0.22149495780468,0.688935279846191,0.00521840993314981
313.361596822739,1,-1.12673997879028,-0.949907779693604,0.170646488666534,-0.671496629714966,0.215113773941994,0.707329988479614,0.0500267185270786
313.391899585724,1,-1.12719106674194,-0.968419373035431,0.166667684912682,-0.667842090129852,0.198631152510643,0.713614940643311,0.072707511484623
313.400529384613,1,-1.12660419940948,-0.985600650310516,0.165734365582466,-0.671786189079285,0.179966360330582,0.7125363945961,0.0927757248282433
313.413026094437,1,-1.12594211101532,-1.00230872631073,0.166929915547371,-0.680069625377655,0.161839842796326,0.706175565719604,0.112379655241966
313.432916641235,1,-1.12713098526001,-1.01885330677032,0.16243876516819,-0.68147224187851,0.139606580138206,0.703678786754608,0.144712910056114
313.456633806229,1,-1.1295268535614,-1.03397369384766,0.154701843857765,-0.674464464187622,0.121598295867443,0.706679821014404,0.17582730948925
313.478549718857,1,-1.12978637218475,-1.04619014263153,0.147747397422791,-0.66765022277832,0.103515945374966,0.710692822933197,0.196069926023483
313.495511054993,1,-1.12979352474213,-1.05701768398285,0.140866100788116,-0.659224152565002,0.0879785716533661,0.715760588645935,0.213002637028694
313.51252412796,1,-1.1264728307724,-1.06747925281525,0.140586152672768,-0.667872250080109,0.071913979947567,0.70697283744812,0.221279338002205
313.533448457718,1,-1.12561690807343,-1.07844376564026,0.139860779047012,-0.67191219329834,0.0651400089263916,0.700472056865692,0.231580957770348
313.569609642029,1,-1.12600195407867,-1.0885865688324,0.136910974979401,-0.669934451580048,0.0594465620815754,0.698645710945129,0.244025081396103
313.58288526535,1,-1.12447595596313,-1.09651446342468,0.134090512990952,-0.667729258537292,0.0541481859982014,0.699246764183044,0.249518871307373
313.592948436737,1,-1.12237441539764,-1.10375916957855,0.129042223095894,-0.662811458110809,0.0445635281503201,0.70208203792572,0.256468087434769
313.612954139709,1,-1.11975014209747,-1.11127483844757,0.124744415283203,-0.658635437488556,0.0396905206143856,0.70513927936554,0.259620189666748
313.645463466644,1,-1.11785042285919,-1.11994969844818,0.121259219944477,-0.655345141887665,0.0410731546580791,0.707253754138947,0.261969268321991
313.658538579941,1,-1.11646389961243,-1.12944304943085,0.118634723126888,-0.653972923755646,0.0464895218610764,0.70800507068634,0.262463450431824
313.673406600952,1,-1.11372077465057,-1.13825857639313,0.116847515106201,-0.655061423778534,0.0518064424395561,0.708376169204712,0.257709056138992
313.703236103058,1,-1.1098313331604,-1.1459436416626,0.114588938653469,-0.656230270862579,0.0535646378993988,0.709542691707611,0.251081585884094
313.724927425385,1,-1.1066175699234,-1.15386199951172,0.110301487147808,-0.653635621070862,0.0516868010163307,0.712712824344635,0.249257862567902
313.737488269806,1,-1.10310173034668,-1.16244971752167,0.107146225869656,-0.654829919338226,0.0484174974262714,0.711893856525421,0.249120205640793
313.753268718719,1,-1.10036671161652,-1.17180192470551,0.10417066514492,-0.655646920204163,0.0469738021492958,0.710693299770355,0.250670582056046
313.779031991959,1,-1.09767174720764,-1.18093061447144,0.101529501378536,-0.656258463859558,0.0452541299164295,0.709576308727264,0.252543956041336
313.802915811539,1,-1.09438681602478,-1.18962132930756,0.100181356072426,-0.660244643688202,0.0374067425727844,0.704707026481628,0.257032632827759
313.814213037491,1,-1.09188330173492,-1.19756293296814,0.0971143841743469,-0.65977543592453,0.0279707759618759,0.702895879745483,0.264294147491455
313.83251619339,1,-1.08891355991364,-1.20584845542908,0.0946613103151321,-0.660324692726135,0.01994046010077,0.700251817703247,0.270594120025635
313.855385303497,1,-1.08762001991272,-1.21557402610779,0.0916018113493919,-0.658904790878296,0.0155325019732118,0.697470307350159,0.281315624713898
313.876548528671,1,-1.0870041847229,-1.22527825832367,0.0895085111260414,-0.657452762126923,0.016282707452774,0.695182859897614,0.29019233584404
313.893642425537,1,-1.08614683151245,-1.2344628572464,0.0892449617385864,-0.659211158752441,0.0189277585595846,0.691068172454834,0.295816153287888
313.913285017014,1,-1.08511579036713,-1.24248969554901,0.0890749916434288,-0.661071240901947,0.01703792065382,0.686604976654053,0.302106469869614
313.935039758682,1,-1.08413517475128,-1.24856662750244,0.0872164070606232,-0.658916294574738,0.00922985374927521,0.684868514537811,0.310965210199356
313.957800388336,1,-1.08174264431,-1.25329267978668,0.0849485695362091,-0.657993853092194,-0.00558247417211533,0.681271135807037,0.32075309753418
313.972416877747,1,-1.08012306690216,-1.25781011581421,0.0801202207803726,-0.652391195297241,-0.0218269359320402,0.679186224937439,0.335582315921783
313.99254822731,1,-1.07835495471954,-1.26211023330688,0.0743437334895134,-0.645218431949615,-0.036230280995369,0.678032994270325,0.350216895341873
314.029504537582,1,-1.0766327381134,-1.26670074462891,0.0690724775195122,-0.639691174030304,-0.0438446775078773,0.677642643451691,0.360101789236069
314.033971071243,1,-1.07514941692352,-1.27169442176819,0.0649238973855972,-0.637075662612915,-0.0423127301037312,0.678597927093506,0.363110512495041
314.052654504776,1,-1.0736380815506,-1.27565455436707,0.0617987066507339,-0.636080682277679,-0.0413485988974571,0.679236531257629,0.363771289587021
314.073205471039,1,-1.07179927825928,-1.27811253070831,0.0583315715193748,-0.634462952613831,-0.045393954962492,0.679695725440979,0.365253239870071
314.100738525391,1,-1.06977331638336,-1.27911770343781,0.0547782592475414,-0.632049560546875,-0.0536031164228916,0.679839134216309,0.368047267198563
314.127647161484,1,-1.0680912733078,-1.27945446968079,0.0513829290866852,-0.629194438457489,-0.061811126768589,0.680499374866486,0.370424777269363
314.139416217804,1,-1.06683504581451,-1.28039002418518,0.0489510670304298,-0.628539502620697,-0.0657180547714233,0.680740475654602,0.370420932769775
314.152550458908,1,-1.06578207015991,-1.28147494792938,0.0477604642510414,-0.629827260971069,-0.0669474378228188,0.680180907249451,0.369038939476013
314.174026727676,1,-1.06468653678894,-1.2822003364563,0.0469870083034039,-0.631837725639343,-0.0706447213888168,0.678140699863434,0.368667393922806
314.194054841995,1,-1.0613272190094,-1.28406500816345,0.0494269579648972,-0.644324004650116,-0.078587032854557,0.666426241397858,0.366806238889694
314.21965098381,1,-1.05957281589508,-1.28502011299133,0.0499893724918365,-0.65001255273819,-0.0887920707464218,0.658534169197083,0.368690192699432
314.232528209686,1,-1.05817341804504,-1.28339445590973,0.0494868010282516,-0.649087727069855,-0.102551192045212,0.654537975788116,0.373829334974289
314.252577543259,1,-1.05781507492065,-1.28435003757477,0.047498594969511,-0.64865243434906,-0.107868939638138,0.652661979198456,0.376359909772873
314.281970739365,1,-1.05780243873596,-1.28496742248535,0.0446810647845268,-0.645647525787354,-0.109594248235226,0.654455602169037,0.377910405397415
314.306822776794,1,-1.05759692192078,-1.28563928604126,0.041758269071579,-0.642488598823547,-0.108967423439026,0.657470285892487,0.378242403268814
314.320581674576,1,-1.05709969997406,-1.28696322441101,0.0393719524145126,-0.640823900699615,-0.108336322009563,0.658620059490204,0.379246264696121
314.333062410355,1,-1.05679059028625,-1.28775858879089,0.0366539806127548,-0.637366712093353,-0.11030712723732,0.660354197025299,0.381481915712357
314.353105783463,1,-1.05590510368347,-1.28896367549896,0.0353397652506828,-0.637416839599609,-0.11409704387188,0.658531486988068,0.383429408073425
314.378637313843,1,-1.05529594421387,-1.28937411308289,0.0335241109132767,-0.635028004646301,-0.120020784437656,0.657942771911621,0.38658219575882
314.401524782181,1,-1.05459988117218,-1.29020047187805,0.0315332785248756,-0.633361399173737,-0.125992223620415,0.65670645236969,0.389507532119751
314.415225744247,1,-1.05417430400848,-1.2912712097168,0.0285058915615082,-0.629466772079468,-0.129052475094795,0.657766461372375,0.393014639616013
314.43294095993,1,-1.05346989631653,-1.29264998435974,0.0256884470582008,-0.626375675201416,-0.130854427814484,0.658335387706757,0.396390408277512
314.452661514282,1,-1.05287218093872,-1.29384684562683,0.0225905198603868,-0.62219911813736,-0.132149189710617,0.65980327129364,0.400080740451813
314.492808103561,1,-1.05286574363708,-1.29370498657227,0.018508106470108,-0.613354802131653,-0.134439408779144,0.663951575756073,0.40606677532196
314.493823766708,1,-1.05122995376587,-1.29414677619934,0.0167429596185684,-0.612256050109863,-0.137368202209473,0.6642986536026,0.406177192926407
314.513211965561,1,-1.05107271671295,-1.29354643821716,0.0128008211031556,-0.60448831319809,-0.140373647212982,0.669389426708221,0.408420115709305
314.532970428467,1,-1.04922389984131,-1.29417943954468,0.0108195692300797,-0.603908181190491,-0.144615232944489,0.668713808059692,0.408905059099197
314.569468259811,1,-1.05003130435944,-1.29318475723267,0.00531331449747086,-0.59126889705658,-0.149570003151894,0.67474102973938,0.4156374335289
314.574207782745,1,-1.05284011363983,-1.29190242290497,-0.00141489645466208,-0.572699189186096,-0.150974780321121,0.685457170009613,0.423521786928177
314.593534708023,1,-1.05277502536774,-1.29283833503723,-0.00445502391085029,-0.567418813705444,-0.154409497976303,0.68547397851944,0.429323971271515
314.613098859787,1,-1.05244290828705,-1.29516637325287,-0.00608223536983132,-0.566990375518799,-0.155309438705444,0.68315601348877,0.433242201805115
