timestamp,rb_id,pos_x,pos_y,pos_z,quat_x,quat_y,quat_z,quat_w
23.3624975681305,1,-0.495597779750824,-0.518307268619537,0.125210180878639,0.0491737611591816,0.336010426282883,-0.633646726608276,0.695104956626892
23.3754217624664,1,-0.495198398828506,-0.518512070178986,0.125011876225471,0.0518090724945068,0.335352540016174,-0.63615870475769,0.692933320999146
23.3899505138397,1,-0.49488291144371,-0.518671274185181,0.125170722603798,0.0537827052175999,0.335056006908417,-0.638642191886902,0.69063812494278
23.4093766212463,1,-0.495257496833801,-0.517701148986816,0.126091778278351,0.056499008089304,0.338913649320602,-0.640313327312469,0.686981976032257
23.4448757171631,1,-0.495525240898132,-0.517381846904755,0.126673445105553,0.0577603951096535,0.340545296669006,-0.641712069511414,0.684761464595795
23.4560804367065,1,-0.495838552713394,-0.517133712768555,0.127032935619354,0.0585581213235855,0.341865241527557,-0.643416166305542,0.682433068752289
23.4705746173859,1,-0.49593648314476,-0.517001032829285,0.126991540193558,0.0592989586293697,0.342248469591141,-0.645307123661041,0.680388450622559
23.489476442337,1,-0.495868444442749,-0.516698181629181,0.126817420125008,0.0609119608998299,0.342540740966797,-0.646494030952454,0.678970575332642
23.5128164291382,1,-0.495511829853058,-0.516309797763824,0.126700863242149,0.063401848077774,0.342234313488007,-0.646931707859039,0.67848014831543
23.5332753658295,1,-0.495061814785004,-0.515732228755951,0.126748532056808,0.0664062574505806,0.342230081558228,-0.647238492965698,0.677902042865753
23.549569606781,1,-0.494792520999908,-0.515220105648041,0.126820832490921,0.0685029402375221,0.342781782150269,-0.64765202999115,0.677019119262695
23.5694885253906,1,-0.494723558425903,-0.514903664588928,0.126826912164688,0.0695798397064209,0.343571364879608,-0.648275196552277,0.675911784172058
23.6128764152527,1,-0.494616001844406,-0.514706969261169,0.126812383532524,0.0704432502388954,0.344431906938553,-0.648733735084534,0.674943625926971
23.6140415668488,1,-0.494440585374832,-0.514619708061218,0.126754343509674,0.0712247863411903,0.344646543264389,-0.648753046989441,0.674733579158783
23.629777431488,1,-0.494458764791489,-0.514479994773865,0.126721233129501,0.0719881281256676,0.344960600137711,-0.648516237735748,0.67471969127655
23.6494052410126,1,-0.494586020708084,-0.514360904693604,0.126545816659927,0.0726967081427574,0.344717293977737,-0.64784961938858,0.675408124923706
23.6694304943085,1,-0.49480801820755,-0.514183163642883,0.126267403364182,0.0733932852745056,0.344539195299149,-0.647318542003632,0.675932705402374
23.7061295509338,1,-0.494963198900223,-0.514010787010193,0.125918626785278,0.0738584846258163,0.343816846609116,-0.646692514419556,0.676848411560059
23.7137167453766,1,-0.4948990046978,-0.513833940029144,0.12557490170002,0.0745507776737213,0.342714190483093,-0.64676296710968,0.677264213562012
23.7292931079865,1,-0.494849413633347,-0.513508379459381,0.125474512577057,0.0753241553902626,0.342096358537674,-0.646683394908905,0.677566885948181
23.7489864826202,1,-0.49486568570137,-0.513164579868317,0.125571131706238,0.075896754860878,0.341992139816284,-0.646827697753906,0.677417874336243
23.7829306125641,1,-0.494801431894302,-0.513171136379242,0.125497236847878,0.0759128853678703,0.34134641289711,-0.647164404392242,0.677420198917389
23.7949948310852,1,-0.49485194683075,-0.513155341148376,0.125398218631744,0.0759004950523376,0.341215431690216,-0.647285282611847,0.67737203836441
23.8089110851288,1,-0.494898617267609,-0.513140738010406,0.125383481383324,0.075753778219223,0.341233283281326,-0.647403359413147,0.677266657352448
23.8289730548859,1,-0.494875252246857,-0.51334536075592,0.125297576189041,0.0756010636687279,0.341126084327698,-0.646787106990814,0.677926182746887
23.8491928577423,1,-0.494930058717728,-0.513488411903381,0.125141739845276,0.075171947479248,0.340655982494354,-0.647219657897949,0.677797496318817
23.8752481937408,1,-0.495099425315857,-0.513560116291046,0.124890491366386,0.074673555791378,0.340413719415665,-0.647730886936188,0.677485823631287
23.8890013694763,1,-0.494799762964249,-0.513759613037109,0.124627090990543,0.0745074301958084,0.338448941707611,-0.647643744945526,0.678570985794067
23.9093980789185,1,-0.495443731546402,-0.513335525989532,0.124678552150726,0.0742590427398682,0.340387046337128,-0.647592782974243,0.677676796913147
23.9477863311768,1,-0.495626837015152,-0.513233661651611,0.124703034758568,0.0738579332828522,0.34035125374794,-0.647851824760437,0.677491068840027
23.9535808563232,1,-0.495668053627014,-0.513246595859528,0.124634400010109,0.0731842368841171,0.339931070804596,-0.64827686548233,0.677368581295013
23.9703159332275,1,-0.495751768350601,-0.513301432132721,0.124457195401192,0.0723192989826202,0.339410215616226,-0.648873865604401,0.677151024341583
23.9898891448975,1,-0.495967030525208,-0.513201355934143,0.124369919300079,0.0716300383210182,0.33934012055397,-0.64886474609375,0.677268028259277
24.029036283493,1,-0.496081620454788,-0.513070046901703,0.124367326498032,0.0714280158281326,0.339292049407959,-0.648454785346985,0.677705943584442
24.0309312343597,1,-0.496038138866425,-0.513192534446716,0.124322474002838,0.0710205361247063,0.338522881269455,-0.648340046405792,0.678242981433868
24.0490176677704,1,-0.496003150939941,-0.513319313526154,0.124273583292961,0.0704430118203163,0.337772339582443,-0.64857941865921,0.678448498249054
24.0689766407013,1,-0.496096193790436,-0.513022243976593,0.124348700046539,0.0701197162270546,0.338137656450272,-0.64908093214035,0.677820146083832
24.0890033245087,1,-0.496164053678513,-0.512705862522125,0.124437287449837,0.069754496216774,0.338417202234268,-0.650664806365967,0.676197826862335
24.1210353374481,1,-0.496224105358124,-0.512442469596863,0.124530479311943,0.0698589310050011,0.338778138160706,-0.65107250213623,0.675613582134247
24.1301829814911,1,-0.496270924806595,-0.512598156929016,0.124473236501217,0.0696786269545555,0.338526427745819,-0.650907874107361,0.675917029380798
24.1489231586456,1,-0.496286869049072,-0.512762665748596,0.124407202005386,0.0697966143488884,0.338118672370911,-0.650110423564911,0.676875650882721
24.1691827774048,1,-0.49626037478447,-0.512912571430206,0.124341852962971,0.0699845477938652,0.337335973978043,-0.649587631225586,0.677748203277588
24.1981556415558,1,-0.496128737926483,-0.513284385204315,0.124187014997005,0.0701166242361069,0.336208909749985,-0.648968398571014,0.678886830806732
24.2094559669495,1,-0.496121615171432,-0.513400614261627,0.124150343239307,0.0699853152036667,0.335703521966934,-0.649136602878571,0.67898964881897
24.2305459976196,1,-0.496202349662781,-0.513119637966156,0.124237783253193,0.0697715505957603,0.336016893386841,-0.650034129619598,0.677997291088104
24.249470949173,1,-0.496240228414536,-0.512959420681,0.12426970154047,0.0692351907491684,0.336182236671448,-0.650465130805969,0.677556753158569
24.2768397331238,1,-0.496238768100739,-0.51291811466217,0.124255985021591,0.0683608427643776,0.335860103368759,-0.650851130485535,0.67743456363678
24.2892105579376,1,-0.49622243642807,-0.512993395328522,0.124199576675892,0.0675672590732574,0.334850937128067,-0.651478469371796,0.677410840988159
24.3092093467712,1,-0.496172815561295,-0.51304566860199,0.124129459261894,0.0669799745082855,0.333401143550873,-0.652205646038055,0.677484452724457
24.3381712436676,1,-0.49612683057785,-0.513059139251709,0.124048545956612,0.0666271075606346,0.331963896751404,-0.653094887733459,0.677368342876434
24.3592703342438,1,-0.496068626642227,-0.513032138347626,0.123973175883293,0.066499263048172,0.330476671457291,-0.653836607933044,0.677392542362213
24.3697063922882,1,-0.496030777692795,-0.512948513031006,0.123907133936882,0.0664371103048325,0.329012751579285,-0.654152750968933,0.677805960178375
24.3903067111969,1,-0.495934724807739,-0.513139963150024,0.123738080263138,0.0661003142595291,0.326630860567093,-0.654949367046356,0.678221464157104
24.4101958274841,1,-0.495845675468445,-0.513274192810059,0.123599842190742,0.0658639147877693,0.323743045330048,-0.655534029006958,0.67906379699707
24.4450681209564,1,-0.495793670415878,-0.513292610645294,0.123475506901741,0.0655777230858803,0.320777654647827,-0.656623423099518,0.679446041584015
24.4565861225128,1,-0.495579957962036,-0.513701558113098,0.123156771063805,0.0643438473343849,0.315789759159088,-0.658426105976105,0.680155754089355
24.4689450263977,1,-0.495175123214722,-0.514268338680267,0.122829839587212,0.0627216547727585,0.309657424688339,-0.659704089164734,0.681886315345764
24.489675283432,1,-0.494788140058517,-0.514967978000641,0.122416540980339,0.0605430342257023,0.302156180143356,-0.661128342151642,0.684065520763397
24.5100114345551,1,-0.494551092386246,-0.515326321125031,0.122111201286316,0.0582763031125069,0.294837921857834,-0.662050724029541,0.686559081077576
24.5358741283417,1,-0.494821339845657,-0.514682829380035,0.12213708460331,0.0579997561872005,0.290886700153351,-0.661731541156769,0.688572704792023
24.5490391254425,1,-0.494952917098999,-0.514589905738831,0.121949151158333,0.0565694943070412,0.285363107919693,-0.66160774230957,0.691117286682129
24.569149017334,1,-0.494941800832748,-0.51489269733429,0.12163919210434,0.0545739829540253,0.278516709804535,-0.662161231040955,0.693536400794983
24.5935747623444,1,-0.494679689407349,-0.515233993530273,0.121301636099815,0.0531982630491257,0.270939946174622,-0.662724673748016,0.696101725101471
24.6154265403748,1,-0.494528532028198,-0.515297889709473,0.121057875454426,0.0524193793535233,0.263856947422028,-0.66289746761322,0.698712229728699
24.6292140483856,1,-0.494177430868149,-0.515973091125488,0.120630025863647,0.0516071990132332,0.254393339157104,-0.663682520389557,0.70153135061264
24.6499397754669,1,-0.494275450706482,-0.515769898891449,0.120403930544853,0.0521210357546806,0.247451230883598,-0.663276374340057,0.704354822635651
24.6696848869324,1,-0.494197875261307,-0.515853822231293,0.120078720152378,0.0527972131967545,0.238948881626129,-0.662965834140778,0.707525432109833
24.701226234436,1,-0.493965685367584,-0.516082286834717,0.119788341224194,0.0529221333563328,0.229433223605156,-0.662697196006775,0.710909307003021
24.7160520553589,1,-0.493687003850937,-0.51619029045105,0.119468010962009,0.0534685961902142,0.220084831118584,-0.662471413612366,0.714027583599091
24.7290711402893,1,-0.493270397186279,-0.516966223716736,0.119058065116405,0.0532898753881454,0.209400281310081,-0.662607073783875,0.717121779918671
24.7496674060822,1,-0.493241876363754,-0.516399145126343,0.118874877691269,0.0544366836547852,0.202884316444397,-0.662886917591095,0.718648433685303
24.7857511043549,1,-0.493210434913635,-0.516028642654419,0.118675917387009,0.054038792848587,0.196631669998169,-0.665023148059845,0.718442797660828
24.7897288799286,1,-0.493051648139954,-0.516173005104065,0.11842630058527,0.0519949346780777,0.189639806747437,-0.667254269123077,0.718404531478882
24.8108539581299,1,-0.492640465497971,-0.51676732301712,0.118203543126583,0.049738883972168,0.181399717926979,-0.669836223125458,0.718289375305176
24.8298914432526,1,-0.492268562316895,-0.517205715179443,0.117953039705753,0.0477188117802143,0.173126801848412,-0.671231031417847,0.719165444374084
24.8679881095886,1,-0.491995334625244,-0.517635762691498,0.117697462439537,0.0462138503789902,0.164890393614769,-0.670811295509338,0.721586883068085
24.8709437847137,1,-0.491906374692917,-0.517949938774109,0.117543071508408,0.0453044548630714,0.157317593693733,-0.668615221977234,0.725363612174988
24.8909890651703,1,-0.491906583309174,-0.518348872661591,0.117315553128719,0.0442945063114166,0.150211334228516,-0.667183697223663,0.728244781494141
24.9094908237457,1,-0.491704970598221,-0.518642365932465,0.117140546441078,0.0438460260629654,0.143600761890411,-0.666238069534302,0.730467796325684
24.9525711536407,1,-0.49135234951973,-0.519097983837128,0.117031589150429,0.0434914343059063,0.137076690793037,-0.664987146854401,0.732878267765045
24.9554305076599,1,-0.491104006767273,-0.519369304180145,0.116901151835918,0.0433944463729858,0.131540670990944,-0.664008140563965,0.73478376865387
24.9686884880066,1,-0.491022735834122,-0.519461035728455,0.116767041385174,0.0433898977935314,0.127201080322266,-0.66432911157608,0.735257863998413
24.9889142513275,1,-0.490877032279968,-0.519616901874542,0.116663888096809,0.0434819683432579,0.122629225254059,-0.665659308433533,0.734825968742371
25.0349407196045,1,-0.490422964096069,-0.520125150680542,0.116553008556366,0.0429632849991322,0.116914972662926,-0.668762922286987,0.732967495918274
25.0355339050293,1,-0.490376442670822,-0.5199214220047,0.116451054811478,0.0436420366168022,0.113786265254021,-0.67049652338028,0.731835007667542
25.0494890213013,1,-0.490199863910675,-0.519758224487305,0.116369865834713,0.0455180890858173,0.10968890786171,-0.669649958610535,0.733120322227478
25.0695507526398,1,-0.490166574716568,-0.519561409950256,0.116244740784168,0.0472547188401222,0.106062538921833,-0.668291389942169,0.734781861305237
25.08962225914,1,-0.48979115486145,-0.519934058189392,0.116174593567848,0.047395296394825,0.100702956318855,-0.668652713298798,0.735198080539703
25.1236116886139,1,-0.489581763744354,-0.520148396492004,0.116086572408676,0.0460887551307678,0.0964763164520264,-0.671890914440155,0.732892036437988
25.1359002590179,1,-0.489465236663818,-0.520279407501221,0.115939512848854,0.0433696396648884,0.0926063805818558,-0.679030895233154,0.7269526720047
25.1502628326416,1,-0.489126801490784,-0.520490825176239,0.11580990254879,0.0394043512642384,0.0883197411894798,-0.687825381755829,0.719404757022858
25.1689820289612,1,-0.489093065261841,-0.520601391792297,0.115677662193775,0.035020537674427,0.0848154649138451,-0.695811569690704,0.71233856678009
25.2088046073914,1,-0.489096999168396,-0.52064061164856,0.115502953529358,0.0310785565525293,0.0810550227761269,-0.701756775379181,0.707108020782471
25.2102746963501,1,-0.488948136568069,-0.520784318447113,0.115377306938171,0.0281172562390566,0.0761764496564865,-0.706903398036957,0.702633798122406
25.2288100719452,1,-0.48860090970993,-0.521095812320709,0.115299940109253,0.0255948062986135,0.0701220110058784,-0.712467014789581,0.697723865509033
25.2505934238434,1,-0.488317340612411,-0.521360278129578,0.11514900624752,0.0234280824661255,0.065678246319294,-0.717669725418091,0.692883610725403
25.2915067672729,1,-0.488332360982895,-0.521465122699738,0.115015491843224,0.0216449294239283,0.0636109933257103,-0.721156358718872,0.68950617313385
25.2927906513214,1,-0.488316118717194,-0.521434962749481,0.114968128502369,0.0215308107435703,0.0622363574802876,-0.72162538766861,0.689144372940063
25.3095164299011,1,-0.488203108310699,-0.521727800369263,0.114963464438915,0.0221644695848227,0.0598824955523014,-0.720395922660828,0.690617501735687
25.332567691803,1,-0.488325089216232,-0.521565496921539,0.11485892534256,0.0227524023503065,0.060438871383667,-0.720186829566956,0.6907679438591
25.3487746715546,1,-0.488746404647827,-0.520892322063446,0.114687860012054,0.0218257196247578,0.0642237588763237,-0.722609043121338,0.687920928001404
25.3823971748352,1,-0.489273339509964,-0.520533859729767,0.114553645253181,0.0188277829438448,0.0678848326206207,-0.727070808410645,0.682938754558563
25.3917720317841,1,-0.489053070545197,-0.521035432815552,0.114739581942558,0.0151822343468666,0.0675838440656662,-0.730952143669128,0.678904175758362
25.4094045162201,1,-0.488712012767792,-0.521512925624847,0.114889390766621,0.0119221583008766,0.0670483335852623,-0.734844863414764,0.674807727336884
25.4300193786621,1,-0.488495618104935,-0.521731078624725,0.114995405077934,0.00913836341351271,0.0668962001800537,-0.737635433673859,0.671815097332001
25.457414150238,1,-0.488436192274094,-0.521982431411743,0.115023016929626,0.00599025003612041,0.0662776529788971,-0.740058541297913,0.669242024421692
25.4691166877747,1,-0.488552063703537,-0.522106111049652,0.114984609186649,0.00245948135852814,0.0660648196935654,-0.742851078510284,0.666184484958649
25.4888606071472,1,-0.488570332527161,-0.522314786911011,0.114985212683678,-0.00112175825051963,0.0649134740233421,-0.745280027389526,0.663583219051361
25.5185132026672,1,-0.488443642854691,-0.522404849529266,0.114944308996201,-0.00301316170953214,0.0632672533392906,-0.74633127450943,0.662554085254669
25.5279252529144,1,-0.488375097513199,-0.522651135921478,0.114905998110771,-0.00408841436728835,0.0608691275119781,-0.746729969978333,0.662323713302612
25.5491371154785,1,-0.488311290740967,-0.522915065288544,0.114901676774025,-0.00415775086730719,0.0579055212438107,-0.745801985263824,0.663633286952972
25.5677654743195,1,-0.488322645425797,-0.522943317890167,0.114859610795975,-0.00327006261795759,0.0555493496358395,-0.744783222675323,0.664982378482819
25.5894911289215,1,-0.488219410181046,-0.522831380367279,0.114719845354557,-0.00116700399667025,0.0535253249108791,-0.743755638599396,0.666304171085358
25.6190524101257,1,-0.488097101449966,-0.522891938686371,0.114738635718822,0.000982569879852235,0.0507656000554562,-0.742599070072174,0.667808890342712
25.6285984516144,1,-0.488041937351227,-0.522739410400391,0.114622019231319,0.00371181569062173,0.0486228540539742,-0.741341412067413,0.669354259967804
25.6492838859558,1,-0.488000810146332,-0.522625625133514,0.114530712366104,0.00570494029670954,0.0466717295348644,-0.740579605102539,0.670321583747864
25.6685345172882,1,-0.487748026847839,-0.522692024707794,0.114520624279976,0.00697915349155664,0.0439426712691784,-0.740090727806091,0.671033680438995
25.6908135414124,1,-0.487485945224762,-0.523054957389832,0.114559546113014,0.00770190823823214,0.0406426973640919,-0.739881575107574,0.671464204788208
25.7097697257996,1,-0.487433969974518,-0.523226678371429,0.114575490355492,0.00829711835831404,0.0382518619298935,-0.739504098892212,0.672013163566589
25.7286171913147,1,-0.487370789051056,-0.523278832435608,0.114587724208832,0.00878395698964596,0.0363879688084126,-0.739184498786926,0.672462046146393
25.756979227066,1,-0.487360298633575,-0.523268759250641,0.114559710025787,0.00871853623539209,0.0352809987962246,-0.739699423313141,0.671955466270447
25.7692048549652,1,-0.487436830997467,-0.523072063922882,0.114448681473732,0.00787066295742989,0.0354519560933113,-0.740883827209473,0.670650720596313
25.7896914482117,1,-0.487400025129318,-0.523112297058105,0.114412628114223,0.0066324844956398,0.0350715890526772,-0.741944909095764,0.669510185718536
25.8116798400879,1,-0.487346976995468,-0.523304641246796,0.114420726895332,0.00525845680385828,0.0344939157366753,-0.743026733398438,0.668351650238037
25.8348367214203,1,-0.487354397773743,-0.523546278476715,0.114467307925224,0.00369519204832613,0.0342036671936512,-0.744613468647003,0.66660875082016
25.8496615886688,1,-0.487340897321701,-0.523622751235962,0.114513963460922,0.00249664159491658,0.0345004387199879,-0.745871543884277,0.665191054344177
25.8693616390228,1,-0.487331658601761,-0.523743808269501,0.114573791623116,0.00128130149096251,0.0348778814077377,-0.747157037258148,0.663730621337891
25.8918607234955,1,-0.487470000982285,-0.523577570915222,0.114525184035301,0.000550401280634105,0.0362383872270584,-0.748580098152161,0.662053108215332
25.9193749427795,1,-0.487447589635849,-0.523558616638184,0.114535346627235,5.44701251783408e-05,0.036635335534811,-0.749639093875885,0.660832166671753
25.9305865764618,1,-0.487376093864441,-0.523682713508606,0.114572905004025,-0.0004192337510176,0.0361845158040524,-0.750358819961548,0.66003954410553
25.9489035606384,1,-0.487348765134811,-0.523684442043304,0.114567182958126,-0.000716416689101607,0.0357598029077053,-0.750716328620911,0.659655869007111
25.9691596031189,1,-0.487410634756088,-0.523592174053192,0.114485561847687,-0.00095825019525364,0.0356610342860222,-0.750900626182556,0.659451067447662
25.9979977607727,1,-0.487422287464142,-0.523669302463531,0.114473231136799,-0.00145541259553283,0.0350449196994305,-0.751205682754517,0.659135699272156
26.0094470977783,1,-0.487413614988327,-0.523683130741119,0.114438995718956,-0.00188010861165822,0.0346273966133595,-0.751379191875458,0.658958852291107
26.0294337272644,1,-0.487463146448135,-0.523681998252869,0.114397332072258,-0.00251009035855532,0.0344826728105545,-0.751597583293915,0.65871524810791
26.049576997757,1,-0.487533211708069,-0.523691713809967,0.1143659055233,-0.00328877661377192,0.0344395712018013,-0.751827120780945,0.658452093601227
26.0899603366852,1,-0.487632215023041,-0.523583948612213,0.114306390285492,-0.00399402063339949,0.0348895862698555,-0.752261757850647,0.657927870750427
26.0918879508972,1,-0.487655431032181,-0.523613452911377,0.114320881664753,-0.00490340171381831,0.0348519831895828,-0.752732932567596,0.657384634017944
26.1098873615265,1,-0.487635791301727,-0.523915946483612,0.1143928617239,-0.00625388976186514,0.0341265574097633,-0.753334701061249,0.656721591949463
26.1287176609039,1,-0.487567275762558,-0.524080216884613,0.1144630163908,-0.00737962173298001,0.0336263403296471,-0.753836333751678,0.656159818172455
26.150696516037,1,-0.487453907728195,-0.524542570114136,0.11463475227356,-0.00883046165108681,0.0317262560129166,-0.752952218055725,0.657250761985779
26.1800463199615,1,-0.487145632505417,-0.524250984191895,0.114508882164955,-0.00886175036430359,0.0313092879951,-0.752583503723145,0.657692432403564
26.1915156841278,1,-0.487084031105042,-0.523720145225525,0.114384479820728,-0.00882520712912083,0.0318991057574749,-0.752593576908112,0.657652974128723
26.2107713222504,1,-0.487194865942001,-0.523268938064575,0.114135973155499,-0.00870983023196459,0.0330735817551613,-0.753585636615753,0.656459510326385
26.2287640571594,1,-0.487121760845184,-0.523213148117065,0.113933816552162,-0.00837470404803753,0.0331198535859585,-0.754302680492401,0.655637383460999
26.2651062011719,1,-0.487320780754089,-0.524994552135468,0.114329665899277,-0.0133277885615826,0.0292753875255585,-0.754563093185425,0.655438721179962
26.2744388580322,1,-0.487186819314957,-0.525406956672668,0.114472731947899,-0.0151023184880614,0.0276653915643692,-0.754330575466156,0.6557377576828
26.289021730423,1,-0.487467110157013,-0.524396300315857,0.11420326679945,-0.0142105566337705,0.0296681057661772,-0.754280805587769,0.655727326869965
26.3091049194336,1,-0.487289696931839,-0.52374804019928,0.114083409309387,-0.013777457177639,0.0303257331252098,-0.753703773021698,0.656369745731354
26.3339395523071,1,-0.487336575984955,-0.524382412433624,0.114058621227741,-0.0157685317099094,0.0291382521390915,-0.753903448581696,0.656149327754974
26.348655462265,1,-0.487470477819443,-0.524670779705048,0.114011213183403,-0.0173427369445562,0.0287407524883747,-0.754232883453369,0.655748307704926
26.3775339126587,1,-0.487677812576294,-0.524686574935913,0.114011712372303,-0.0188116431236267,0.0288621373474598,-0.754241049289703,0.655693173408508
26.3889954090118,1,-0.487883239984512,-0.524771869182587,0.114074796438217,-0.0206435117870569,0.0284693650901318,-0.753690779209137,0.656287789344788
26.4227600097656,1,-0.487934172153473,-0.524840593338013,0.114058718085289,-0.0223546642810106,0.0279720369726419,-0.752899885177612,0.65716028213501
26.4292502403259,1,-0.48796334862709,-0.524835288524628,0.113991372287273,-0.0244093928486109,0.028060695156455,-0.752393424510956,0.65766316652298
26.4486589431763,1,-0.488012880086899,-0.524997055530548,0.114015445113182,-0.0270601157099009,0.0283822286874056,-0.752573847770691,0.657339215278625
26.46915102005,1,-0.488177090883255,-0.525094389915466,0.11403501033783,-0.029620785266161,0.0293965376913548,-0.753038883209229,0.656651377677917
26.4877231121063,1,-0.488331407308578,-0.525095164775848,0.114084720611572,-0.0326788835227489,0.0305350255221128,-0.753592908382416,0.655818223953247
26.509025812149,1,-0.488402664661407,-0.52504175901413,0.114100202918053,-0.0360826402902603,0.0315851233899593,-0.753772735595703,0.655383169651031
26.5284683704376,1,-0.488667398691177,-0.525086045265198,0.114074200391769,-0.0403192304074764,0.0331473611295223,-0.754365742206573,0.654376149177551
26.5515327453613,1,-0.48902752995491,-0.524845957756042,0.113942623138428,-0.0443124771118164,0.0360531210899353,-0.75565093755722,0.652478575706482
26.5681381225586,1,-0.489132791757584,-0.524919927120209,0.113975748419762,-0.0482966415584087,0.0380562767386436,-0.757045805454254,0.650462031364441
26.5904786586761,1,-0.489322870969772,-0.525092959403992,0.114055335521698,-0.0525187812745571,0.0402507334947586,-0.758647441864014,0.648132503032684
26.6080460548401,1,-0.489676922559738,-0.524957418441772,0.114092908799648,-0.0563345700502396,0.0431555062532425,-0.759818136692047,0.646251082420349
26.6379928588867,1,-0.489247918128967,-0.524927377700806,0.114091649651527,-0.0586863048374653,0.0440305583178997,-0.760255753993988,0.645467579364777
26.6477181911469,1,-0.489806890487671,-0.524787962436676,0.114083908498287,-0.0623203702270985,0.0468858405947685,-0.761839032173157,0.64305454492569
26.6738250255585,1,-0.490039885044098,-0.525700271129608,0.1142383441329,-0.0674096941947937,0.0468343198299408,-0.763010680675507,0.641153037548065
26.6884772777557,1,-0.490624397993088,-0.525958597660065,0.114423200488091,-0.0718329101800919,0.0484677664935589,-0.764223575592041,0.639103472232819
26.7149562835693,1,-0.490205585956573,-0.524799704551697,0.113779574632645,-0.0698318555951118,0.0507066883146763,-0.764466285705566,0.638861238956451
26.7279558181763,1,-0.489700525999069,-0.524895489215851,0.113772168755531,-0.0707859694957733,0.0488622076809406,-0.763654589653015,0.63986998796463
26.7485315799713,1,-0.490125954151154,-0.52556037902832,0.114393129944801,-0.0753844007849693,0.0480553545057774,-0.762904226779938,0.640300810337067
26.777485370636,1,-0.489993780851364,-0.52445262670517,0.113957166671753,-0.0729752629995346,0.0500961393117905,-0.76318347454071,0.640090525150299
26.7878923416138,1,-0.490213632583618,-0.524572491645813,0.113722205162048,-0.0729860737919807,0.0498266518115997,-0.763357043266296,0.639903426170349
26.8081464767456,1,-0.490524232387543,-0.52610456943512,0.114032849669456,-0.0770563706755638,0.045924611389637,-0.762252271175385,0.641034126281738
26.8404421806335,1,-0.489823698997498,-0.525495111942291,0.113798931241035,-0.075749471783638,0.0444475449621677,-0.760296761989594,0.643611133098602
26.8496928215027,1,-0.490462571382523,-0.524677991867065,0.113652214407921,-0.0772027671337128,0.0467533878982067,-0.759812891483307,0.643846452236176
26.8701736927032,1,-0.491001665592194,-0.525254726409912,0.113682292401791,-0.0816602110862732,0.0468115620315075,-0.759909570217133,0.643177926540375
26.8888366222382,1,-0.490637898445129,-0.524899005889893,0.113545276224613,-0.083010345697403,0.0463899597525597,-0.759430885314941,0.643600881099701
26.9092764854431,1,-0.490897834300995,-0.52569180727005,0.11376877874136,-0.0875437334179878,0.0453665852546692,-0.760019302368164,0.642377316951752
26.9294118881226,1,-0.49052968621254,-0.526411354541779,0.113943554461002,-0.0905308648943901,0.0434323512017727,-0.759511232376099,0.642697811126709
26.9560425281525,1,-0.490897655487061,-0.526305973529816,0.114106878638268,-0.0933377891778946,0.0442855171859264,-0.759476900100708,0.642278611660004
26.9713296890259,1,-0.491106867790222,-0.526733994483948,0.114035062491894,-0.0962931960821152,0.0447675287723541,-0.760188162326813,0.64096599817276
26.9888310432434,1,-0.490941077470779,-0.526258111000061,0.113924935460091,-0.0971237421035767,0.0463308580219746,-0.760340213775635,0.64054924249649
27.0087475776672,1,-0.491386085748672,-0.526433527469635,0.113934233784676,-0.0987576246261597,0.0481915585696697,-0.762270033359528,0.637862861156464
27.0378758907318,1,-0.491009175777435,-0.526215076446533,0.113745376467705,-0.0974708497524261,0.0491500310599804,-0.76272052526474,0.637448966503143
27.0479414463043,1,-0.491208970546722,-0.525927603244781,0.113849587738514,-0.0976149961352348,0.0503453649580479,-0.762862503528595,0.637163639068604
27.0682723522186,1,-0.491378605365753,-0.526350736618042,0.113840214908123,-0.0993871986865997,0.0502898655831814,-0.763268709182739,0.636407077312469
27.1034719944,1,-0.491083562374115,-0.525708615779877,0.113772928714752,-0.0997534394264221,0.0508675798773766,-0.762707710266113,0.636976301670074
27.1081745624542,1,-0.491602689027786,-0.525944471359253,0.11394727230072,-0.102630384266376,0.0513364747166634,-0.763601720333099,0.635408580303192
27.1295568943024,1,-0.491485953330994,-0.5260369181633,0.113631971180439,-0.102809943258762,0.0510869212448597,-0.763146281242371,0.63594651222229
27.1585328578949,1,-0.491249144077301,-0.5261270403862,0.113602116703987,-0.10266849398613,0.049151599407196,-0.761514186859131,0.63807475566864
27.1700360774994,1,-0.491514384746552,-0.526811838150024,0.11375642567873,-0.104444772005081,0.0473540350794792,-0.76100754737854,0.638526678085327
27.1889808177948,1,-0.491365671157837,-0.526300370693207,0.113671228289604,-0.102601550519466,0.0472530089318752,-0.760025560855865,0.640000998973846
27.2110235691071,1,-0.491770505905151,-0.52546614408493,0.113542154431343,-0.100032187998295,0.0489964634180069,-0.759795904159546,0.640549063682556
27.2285907268524,1,-0.491570740938187,-0.525783956050873,0.113318845629692,-0.0966954678297043,0.0476243905723095,-0.759554266929626,0.641450941562653
27.2485036849976,1,-0.490551739931107,-0.525795519351959,0.113227561116219,-0.0912333279848099,0.0443164929747581,-0.758000254631042,0.644319832324982
27.2687809467316,1,-0.491049230098724,-0.525968313217163,0.113424718379974,-0.0893732905387878,0.0438085347414017,-0.757012248039246,0.645775198936462
27.2876377105713,1,-0.490569323301315,-0.526356279850006,0.113599240779877,-0.0863189324736595,0.040777750313282,-0.755837380886078,0.647762417793274
27.3131971359253,1,-0.490423381328583,-0.526062428951263,0.113591521978378,-0.0827441439032555,0.0394619517028332,-0.755481898784637,0.648724317550659
27.3279364109039,1,-0.490145057439804,-0.52625972032547,0.113522157073021,-0.0799813568592072,0.0373671278357506,-0.755470335483551,0.649208247661591
27.3612997531891,1,-0.490084409713745,-0.525812685489655,0.113513678312302,-0.0769351944327354,0.0361677743494511,-0.755165755748749,0.649998188018799
27.3717267513275,1,-0.490259230136871,-0.526060163974762,0.113376267254353,-0.074452631175518,0.0348682627081871,-0.755324125289917,0.650174260139465
27.3880248069763,1,-0.489474594593048,-0.525729596614838,0.113242290914059,-0.0683443695306778,0.0319866761565208,-0.754493117332458,0.651955544948578
27.4111542701721,1,-0.48946076631546,-0.526044964790344,0.113217353820801,-0.0639066398143768,0.029923303052783,-0.754442095756531,0.652562379837036
27.4284484386444,1,-0.48875692486763,-0.52595579624176,0.11332793533802,-0.0571812391281128,0.0276492703706026,-0.754418134689331,0.653314113616943
27.461954832077,1,-0.48861637711525,-0.525879681110382,0.113296166062355,-0.0505490265786648,0.0268956385552883,-0.755173206329346,0.653019845485687
27.4705762863159,1,-0.487975180149078,-0.525521457195282,0.113328367471695,-0.042644314467907,0.0257003288716078,-0.754473090171814,0.654439747333527
27.4888203144073,1,-0.488027274608612,-0.525401532649994,0.113315381109715,-0.0368566662073135,0.025617066770792,-0.754311323165894,0.654980838298798
27.5178737640381,1,-0.488207578659058,-0.525010824203491,0.11337710916996,-0.0310607720166445,0.0260664261877537,-0.753783524036407,0.655870497226715
27.5281109809875,1,-0.487502962350845,-0.524792730808258,0.113367781043053,-0.0244117341935635,0.0243879593908787,-0.752761125564575,0.657388687133789
27.5481548309326,1,-0.487319618463516,-0.524650275707245,0.113207712769508,-0.01938939653337,0.0244233831763268,-0.752714872360229,0.657607793807983
27.5740187168121,1,-0.487552732229233,-0.524668455123901,0.113259971141815,-0.0165601335465908,0.0248784255236387,-0.753542184829712,0.656719923019409
27.5888195037842,1,-0.487307608127594,-0.523915350437164,0.113150060176849,-0.0116850472986698,0.0268339104950428,-0.754788935184479,0.65531450510025
27.6093156337738,1,-0.48694309592247,-0.524082720279694,0.113232836127281,-0.0085943304002285,0.0272143576294184,-0.756215393543243,0.653700053691864
27.6366465091705,1,-0.486792236566544,-0.524287104606628,0.113396421074867,-0.00645549595355988,0.0282773748040199,-0.758371531963348,0.651177048683167
27.6487445831299,1,-0.487007558345795,-0.523902297019958,0.113395594060421,-0.00488216243684292,0.032015934586525,-0.760572731494904,0.648444473743439
27.6680171489716,1,-0.4871606528759,-0.523270189762115,0.113435633480549,-0.00417537475004792,0.0369375608861446,-0.763383567333221,0.64487498998642
27.7013251781464,1,-0.486858069896698,-0.523454487323761,0.113407388329506,-0.00403551943600178,0.0406033582985401,-0.766964673995972,0.640390872955322
27.712409734726,1,-0.487227320671082,-0.52336448431015,0.113619148731232,-0.00505799939855933,0.0451307371258736,-0.770175099372864,0.636213839054108
27.7285439968109,1,-0.486965835094452,-0.522900879383087,0.113699793815613,-0.00433077570050955,0.0497156754136086,-0.772674918174744,0.632837474346161
27.7496840953827,1,-0.487428039312363,-0.523071765899658,0.11369563639164,-0.0058975419960916,0.0548436753451824,-0.775903522968292,0.628435432910919
27.7692193984985,1,-0.487311094999313,-0.522386133670807,0.113667510449886,-0.00384862162172794,0.0596711151301861,-0.778441250324249,0.624862968921661
27.7884850502014,1,-0.487155109643936,-0.523359835147858,0.113872475922108,-0.00433421554043889,0.0604655891656876,-0.781193494796753,0.621338725090027
27.8087618350983,1,-0.487517833709717,-0.522828102111816,0.114143326878548,-0.00335619575344026,0.0645749941468239,-0.782808482646942,0.618893921375275
27.8406331539154,1,-0.487144142389297,-0.522942304611206,0.113902926445007,-0.0011275801807642,0.0653983876109123,-0.784404337406158,0.616791427135468
27.8517320156097,1,-0.486998647451401,-0.522621095180511,0.11396636068821,0.000212251077755354,0.0656245425343513,-0.784953415393829,0.616069495677948
27.8699321746826,1,-0.487212389707565,-0.522501826286316,0.113941967487335,4.93722000101116e-05,0.0655663311481476,-0.78501296043396,0.615999937057495
27.8894436359406,1,-0.486867994070053,-0.521622538566589,0.113774925470352,0.00163410301320255,0.0643073245882988,-0.783817648887634,0.617650210857391
27.9205596446991,1,-0.487236231565475,-0.522364735603333,0.113842964172363,-0.00160124665126204,0.0604711472988129,-0.783478081226349,0.618468225002289
27.9284436702728,1,-0.487195998430252,-0.522387742996216,0.11377589404583,-0.00335839064791799,0.0576134920120239,-0.782516002655029,0.619950175285339
27.9485561847687,1,-0.487692892551422,-0.521955490112305,0.113525718450546,-0.00500239664688706,0.0572940073907375,-0.781673789024353,0.62103009223938
27.976048707962,1,-0.487309545278549,-0.522145450115204,0.113247103989124,-0.00473975297063589,0.055368147790432,-0.78123539686203,0.621758103370667
27.9964888095856,1,-0.487592965364456,-0.522046983242035,0.113375499844551,-0.00503779156133533,0.055930070579052,-0.781415402889252,0.621479272842407
28.0092413425446,1,-0.48758453130722,-0.522691905498505,0.113429203629494,-0.00523598631843925,0.0554059110581875,-0.782435119152069,0.620240330696106
28.0294489860535,1,-0.486828446388245,-0.522245466709137,0.113399714231491,-0.00151984230615199,0.0557591207325459,-0.783183574676514,0.619283556938171
28.0496709346771,1,-0.486948400735855,-0.522936701774597,0.113599874079227,-0.00217623566277325,0.055482279509306,-0.784491956233978,0.617648243904114
28.0838820934296,1,-0.486687958240509,-0.522650241851807,0.113620147109032,-0.00099528522696346,0.0558850131928921,-0.784907460212708,0.61708676815033
28.0941033363342,1,-0.487001240253448,-0.522477328777313,0.113527968525887,-0.00140761944931,0.0562671795487404,-0.7854123711586,0.616408467292786
28.10884308815,1,-0.486893653869629,-0.522440493106842,0.113482400774956,-0.00183198507875204,0.0550456754863262,-0.784857749938965,0.617223680019379
28.1299550533295,1,-0.48736360669136,-0.521985828876495,0.113378137350082,-0.00248997448943555,0.0558050461113453,-0.784740805625916,0.617301881313324
28.1640238761902,1,-0.487147748470306,-0.522036612033844,0.113139078021049,-0.00205546710640192,0.0554174296557903,-0.785019814968109,0.616983532905579
28.1736125946045,1,-0.487312167882919,-0.521816968917847,0.113246649503708,-0.00257760193198919,0.056624747812748,-0.785271644592285,0.616551280021667
28.1897578239441,1,-0.48750102519989,-0.522147238254547,0.113223820924759,-0.00374992238357663,0.057609673589468,-0.78627222776413,0.615177392959595
28.2100074291229,1,-0.486951321363449,-0.521672129631042,0.113173484802246,-0.00213241879828274,0.0583398975431919,-0.786848187446594,0.614379227161407
28.250100851059,1,-0.487371981143951,-0.522612631320953,0.113355100154877,-0.00539519311860204,0.0578301325440407,-0.787753403186798,0.613246440887451
28.2523798942566,1,-0.487127751111984,-0.522659480571747,0.113379746675491,-0.00591084081679583,0.0574997626245022,-0.787807106971741,0.613203704357147
28.2697706222534,1,-0.487229645252228,-0.52233749628067,0.113307066261768,-0.00619948701933026,0.0581715814769268,-0.788208186626434,0.612621784210205
28.2887187004089,1,-0.487211585044861,-0.522593140602112,0.113235160708427,-0.00754247838631272,0.0573863126337528,-0.78850656747818,0.612296760082245
28.3264172077179,1,-0.48740541934967,-0.52214103937149,0.113247334957123,-0.00827002990990877,0.0578720532357693,-0.788306474685669,0.612499356269836
28.3304991722107,1,-0.487620234489441,-0.522537887096405,0.113100111484528,-0.00970498193055391,0.0569803081452847,-0.788510143756866,0.612299680709839
28.3502635955811,1,-0.487249344587326,-0.522093415260315,0.11296372115612,-0.00860044546425343,0.0564538687467575,-0.787753283977509,0.613338232040405
28.3696568012238,1,-0.487656623125076,-0.521994650363922,0.112939029932022,-0.00942852068692446,0.0565565563738346,-0.787418484687805,0.613746404647827
28.4116547107697,1,-0.487471073865891,-0.522376179695129,0.112895414233208,-0.00972025282680988,0.0546566918492317,-0.786604225635529,0.614956974983215
28.4145340919495,1,-0.48736235499382,-0.522187352180481,0.112930074334145,-0.00886044092476368,0.053924560546875,-0.785857617855072,0.615988254547119
28.4299092292786,1,-0.487423628568649,-0.522511601448059,0.112875655293465,-0.00878345128148794,0.0533159859478474,-0.785752594470978,0.616176187992096
28.4490585327148,1,-0.48721107840538,-0.522221863269806,0.112850651144981,-0.00747188040986657,0.0535110607743263,-0.785564601421356,0.616416275501251
28.4925014972687,1,-0.48734238743782,-0.522454559803009,0.112909875810146,-0.00829691626131535,0.052823718637228,-0.78584760427475,0.616104185581207
28.4941499233246,1,-0.487196743488312,-0.522598445415497,0.112823531031609,-0.00886450055986643,0.0518727339804173,-0.785871028900146,0.61614727973938
28.5107455253601,1,-0.48734724521637,-0.522457897663116,0.112854525446892,-0.00972225982695818,0.0517096966505051,-0.785586595535278,0.616510629653931
28.5295565128326,1,-0.487476170063019,-0.522952914237976,0.112803593277931,-0.0110478056594729,0.0507046990096569,-0.785670220851898,0.616465270519257
28.5495014190674,1,-0.487160503864288,-0.52266263961792,0.112737365067005,-0.0101842526346445,0.050189483910799,-0.785078823566437,0.617275238037109
28.5823881626129,1,-0.487392842769623,-0.522865116596222,0.11275777220726,-0.0112073086202145,0.0498270206153393,-0.785093903541565,0.617267549037933
28.5898396968842,1,-0.48735323548317,-0.523159563541412,0.112799614667892,-0.0116200735792518,0.0489362850785255,-0.784963846206665,0.617496609687805
28.6085820198059,1,-0.487302303314209,-0.522706627845764,0.112780958414078,-0.0101896235719323,0.0493113212287426,-0.784383118152618,0.618229389190674
28.6282939910889,1,-0.487378418445587,-0.523000240325928,0.112660005688667,-0.0101071046665311,0.0486949495971203,-0.784097373485565,0.618642032146454
28.6568908691406,1,-0.487143129110336,-0.522861301898956,0.112574234604836,-0.00913187302649021,0.0485317185521126,-0.783667147159576,0.61921501159668
28.6700489521027,1,-0.487353056669235,-0.522588431835175,0.112587004899979,-0.00917651411145926,0.0496608652174473,-0.783941924571991,0.618776798248291
28.6901581287384,1,-0.487447828054428,-0.52276349067688,0.112538434565067,-0.00978745892643929,0.0500563010573387,-0.784224629402161,0.618377089500427
28.7256901264191,1,-0.487153083086014,-0.522555828094482,0.112553790211678,-0.00936714000999928,0.0498759858310223,-0.784043788909912,0.618627607822418
28.7279398441315,1,-0.487355589866638,-0.523051559925079,0.112635016441345,-0.0113672781735659,0.0490141548216343,-0.784210801124573,0.618451178073883
28.7486519813538,1,-0.487228453159332,-0.523588418960571,0.112704627215862,-0.0131132546812296,0.0472808890044689,-0.784155607223511,0.618621468544006
28.7716739177704,1,-0.487169057130814,-0.523303806781769,0.112660437822342,-0.0133069092407823,0.0472742319107056,-0.783907353878021,0.618932485580444
28.7879905700684,1,-0.487426400184631,-0.523356676101685,0.112591043114662,-0.0141416052356362,0.0477708615362644,-0.78393280506134,0.618843555450439
28.8173906803131,1,-0.487313389778137,-0.523339986801147,0.112501099705696,-0.0137441521510482,0.04802580550313,-0.78385865688324,0.618926644325256
28.8289666175842,1,-0.487218111753464,-0.52321720123291,0.112573705613613,-0.0132144689559937,0.0482330173254013,-0.783759415149689,0.61904776096344
28.8480231761932,1,-0.487525671720505,-0.523354411125183,0.112504348158836,-0.0134382676333189,0.0492688417434692,-0.784390330314636,0.618161737918854
28.8853158950806,1,-0.487302958965302,-0.523327887058258,0.112454533576965,-0.0128924809396267,0.0495976470410824,-0.784453213214874,0.61806708574295
28.8883707523346,1,-0.487142652273178,-0.523013532161713,0.112492859363556,-0.0121973352506757,0.0501001365482807,-0.784582436084747,0.617876827716827
28.9102449417114,1,-0.487514585256577,-0.522879660129547,0.112413845956326,-0.0126696433871984,0.0515560358762741,-0.785288751125336,0.616849303245544
28.9278841018677,1,-0.487526059150696,-0.523146152496338,0.112359635531902,-0.0134311588481069,0.051247913390398,-0.785639703273773,0.616411924362183
28.9480667114258,1,-0.487232327461243,-0.522837221622467,0.112323924899101,-0.0129645960405469,0.0509165823459625,-0.785317122936249,0.616860091686249
28.9701042175293,1,-0.487486571073532,-0.522582471370697,0.112301535904408,-0.0134775061160326,0.0514545403420925,-0.78528106212616,0.616850614547729
28.9890475273132,1,-0.487735718488693,-0.522991418838501,0.112217858433723,-0.0148249603807926,0.0509582348167896,-0.785443782806396,0.616653442382812
29.0191457271576,1,-0.487414538860321,-0.522606372833252,0.112051784992218,-0.0133386915549636,0.0512341521680355,-0.785056531429291,0.617157459259033
29.0321412086487,1,-0.487508088350296,-0.52208423614502,0.112092256546021,-0.0122176315635443,0.0523088686168194,-0.784938931465149,0.617240190505981
29.0496373176575,1,-0.48795473575592,-0.522878646850586,0.112131893634796,-0.0138501916080713,0.0516325607895851,-0.785544276237488,0.616492092609406
29.0690562725067,1,-0.487526118755341,-0.522839725017548,0.112038061022758,-0.0127096902579069,0.0510464943945408,-0.785329699516296,0.616838693618774
29.1076533794403,1,-0.487256109714508,-0.522459864616394,0.112099274992943,-0.0117883831262589,0.0509725138545036,-0.785277545452118,0.616929471492767
29.1116554737091,1,-0.4875468313694,-0.522858738899231,0.112151190638542,-0.0131349507719278,0.0507624968886375,-0.785915195941925,0.616107165813446
29.1300613880157,1,-0.487555265426636,-0.523497939109802,0.112109899520874,-0.0145216276869178,0.0498554371297359,-0.786364316940308,0.615576803684235
29.1491234302521,1,-0.487206727266312,-0.523122429847717,0.112103536725044,-0.0137755144387484,0.0498943142592907,-0.786124229431152,0.615897417068481
29.1959681510925,1,-0.487419843673706,-0.522622883319855,0.112101137638092,-0.0136434528976679,0.0513125248253345,-0.78642201423645,0.615403354167938
29.19993019104,1,-0.487806022167206,-0.522888481616974,0.111995011568069,-0.0148398447781801,0.0519274659454823,-0.787041962146759,0.614530861377716
29.208221912384,1,-0.487533241510391,-0.522661626338959,0.111843571066856,-0.0139240017160773,0.0522613264620304,-0.787056684494019,0.614505171775818
29.227855682373,1,-0.487451642751694,-0.522206664085388,0.111867181956768,-0.0131574394181371,0.0530716776847839,-0.787174224853516,0.614302158355713
29.2579371929169,1,-0.487694919109344,-0.52248078584671,0.111906290054321,-0.0140052968636155,0.0532081015408039,-0.787946462631226,0.613280653953552
29.2679481506348,1,-0.487649857997894,-0.522965908050537,0.111842393875122,-0.0144756473600864,0.0527738332748413,-0.788726210594177,0.612304031848907
29.2879452705383,1,-0.487252712249756,-0.522779405117035,0.111898310482502,-0.0134851783514023,0.0525518171489239,-0.788774371147156,0.612283766269684
29.3127954006195,1,-0.487417936325073,-0.522573590278625,0.111925452947617,-0.0134425088763237,0.0536249950528145,-0.789526224136353,0.611221790313721
29.3290369510651,1,-0.487732201814651,-0.522956073284149,0.111870355904102,-0.0145852500572801,0.0540222711861134,-0.79054719209671,0.609839379787445
29.3483126163483,1,-0.487407088279724,-0.522496283054352,0.111716397106647,-0.0129117630422115,0.0546189732849598,-0.790435910224915,0.609968185424805
29.3749504089355,1,-0.487422198057175,-0.522178649902344,0.111784473061562,-0.0123417153954506,0.0547728650271893,-0.790258944034576,0.610195457935333
29.388391494751,1,-0.487843871116638,-0.522767186164856,0.111763998866081,-0.0141352880746126,0.0538188628852367,-0.790525197982788,0.609896421432495
29.4079701900482,1,-0.487429320812225,-0.522523760795593,0.111516982316971,-0.0129332430660725,0.0528800562024117,-0.789970815181732,0.610722959041595
29.4323780536652,1,-0.487296283245087,-0.52201509475708,0.111537083983421,-0.0124168395996094,0.0523760393261909,-0.789221048355103,0.611745655536652
29.4485936164856,1,-0.487730532884598,-0.522374153137207,0.111533433198929,-0.0141281904652715,0.0515053160488605,-0.789386570453644,0.611568808555603
29.4746832847595,1,-0.487679064273834,-0.522942662239075,0.111424952745438,-0.014957582578063,0.0497870072722435,-0.789577066898346,0.611445665359497
29.4948453903198,1,-0.487280130386353,-0.522574245929718,0.11141662299633,-0.0135141545906663,0.0491659007966518,-0.788958549499512,0.612327218055725
29.5088129043579,1,-0.487303018569946,-0.522055864334106,0.111412614583969,-0.0124324290081859,0.0498596094548702,-0.78887265920639,0.612404644489288
29.5282988548279,1,-0.487943708896637,-0.522662878036499,0.111334219574928,-0.0144139677286148,0.0499143898487091,-0.789646804332733,0.611358106136322
29.5507092475891,1,-0.487574577331543,-0.522960007190704,0.111261993646622,-0.0138788288459182,0.0488698482513428,-0.789834856987,0.611212015151978
29.5687232017517,1,-0.48725152015686,-0.522440373897552,0.111270733177662,-0.0124548189342022,0.0495381392538548,-0.789967834949493,0.611016929149628
29.5920383930206,1,-0.487456947565079,-0.522070229053497,0.111266203224659,-0.012339374050498,0.0512220785021782,-0.790805399417877,0.609795749187469
29.6209177970886,1,-0.487799227237701,-0.52277398109436,0.111259058117867,-0.0146772181615233,0.0510428622364998,-0.791821241378784,0.608439385890961
29.6303699016571,1,-0.487398654222488,-0.522945165634155,0.111178003251553,-0.0146073224022985,0.0499032773077488,-0.791854381561279,0.608492314815521
29.6494963169098,1,-0.487117618322372,-0.52250075340271,0.111224181950092,-0.0138606755062938,0.0497988313436508,-0.791651904582977,0.608781933784485
29.6710562705994,1,-0.487340539693832,-0.522448241710663,0.111191228032112,-0.0142516354098916,0.0502257123589516,-0.792032659053802,0.608242154121399
29.6951851844788,1,-0.487713247537613,-0.523042142391205,0.111142225563526,-0.0159969516098499,0.0501572266221046,-0.79260241985321,0.607461810112
29.7101864814758,1,-0.487344264984131,-0.523111939430237,0.111045144498348,-0.0151894725859165,0.04953508451581,-0.792573928833008,0.607570827007294
29.729832649231,1,-0.487019628286362,-0.522686123847961,0.11112742125988,-0.0135836182162166,0.0496473573148251,-0.792367517948151,0.607868611812592
29.7686541080475,1,-0.487176895141602,-0.522266983985901,0.111106261610985,-0.0124053051695228,0.0509709157049656,-0.792710244655609,0.607337355613708
29.7704682350159,1,-0.487721532583237,-0.522661328315735,0.111065469682217,-0.0135199371725321,0.0515868179500103,-0.793408691883087,0.606348633766174
29.789332151413,1,-0.487612664699554,-0.523074984550476,0.110894218087196,-0.0136020490899682,0.0505481883883476,-0.79366147518158,0.606103539466858
29.8096959590912,1,-0.487180918455124,-0.522901117801666,0.110903978347778,-0.0127983121201396,0.0496218800544739,-0.7930988073349,0.60693347454071
29.8363955020905,1,-0.486970841884613,-0.52220344543457,0.11094880849123,-0.0115757053717971,0.0502058863639832,-0.79266369342804,0.607478201389313
29.8537907600403,1,-0.487236738204956,-0.522199869155884,0.110919706523418,-0.0120257716625929,0.0501310862600803,-0.792788982391357,0.607312083244324
29.8694059848785,1,-0.48792290687561,-0.522847414016724,0.110809251666069,-0.0143556026741862,0.0497350357472897,-0.792887985706329,0.607164800167084
29.8904297351837,1,-0.48761859536171,-0.523305952548981,0.110653728246689,-0.0143749983981252,0.0475600808858871,-0.79254162311554,0.607790529727936
29.9323093891144,1,-0.48715353012085,-0.522924721240997,0.110655643045902,-0.0127622690051794,0.0468535423278809,-0.791840612888336,0.608794212341309
29.9420139789581,1,-0.486912548542023,-0.52174574136734,0.110606402158737,-0.00973874051123857,0.0486626178026199,-0.791637897491455,0.608971774578094
29.9501838684082,1,-0.487444519996643,-0.522330045700073,0.110680319368839,-0.0116044040769339,0.0482581928372383,-0.792173564434052,0.608274400234222
29.9688582420349,1,-0.487812370061874,-0.52329558134079,0.110608100891113,-0.0136437090113759,0.047033216804266,-0.793060719966888,0.607170939445496
29.9899988174438,1,-0.487204551696777,-0.523171961307526,0.110446855425835,-0.0117861777544022,0.0460192002356052,-0.792734384536743,0.607713401317596
30.0081496238708,1,-0.486877083778381,-0.522627115249634,0.110554054379463,-0.0106227295473218,0.0461587980389595,-0.792252779006958,0.608351945877075
30.0279984474182,1,-0.486835122108459,-0.522489488124847,0.110605210065842,-0.0106790224090219,0.0460735522210598,-0.792418777942657,0.608141303062439
30.0516135692596,1,-0.487658143043518,-0.523036956787109,0.110541358590126,-0.0139115238562226,0.0473984554409981,-0.79379665851593,0.606173813343048
30.0689475536346,1,-0.487293481826782,-0.523014187812805,0.110389642417431,-0.0135278245434165,0.0476113259792328,-0.794113576412201,0.605750620365143
30.088109254837,1,-0.487607955932617,-0.522551536560059,0.110396087169647,-0.013778175227344,0.049660999327898,-0.794322192668915,0.605306804180145
30.1125957965851,1,-0.487641662359238,-0.522092580795288,0.110374122858047,-0.0133019080385566,0.0512312725186348,-0.793952226638794,0.605671763420105
30.1278793811798,1,-0.487389087677002,-0.522843956947327,0.110528036952019,-0.0141959870234132,0.0493676327168941,-0.794288873672485,0.605364859104156
30.1675164699554,1,-0.48727148771286,-0.523191392421722,0.110662639141083,-0.014623586088419,0.0487676598131657,-0.794246971607208,0.605458319187164
30.169801235199,1,-0.487324267625809,-0.522943437099457,0.110655389726162,-0.0142980767413974,0.0503234006464481,-0.794368982315063,0.605178594589233
30.1891589164734,1,-0.487362772226334,-0.522700190544128,0.110601805150509,-0.0139695378020406,0.0518619455397129,-0.79470956325531,0.60460889339447
30.2096922397614,1,-0.487465083599091,-0.522585809230804,0.110562540590763,-0.0140434196218848,0.0531371310353279,-0.794979751110077,0.604141116142273
30.2343013286591,1,-0.487503618001938,-0.522677540779114,0.110614441335201,-0.0145756602287292,0.0536531433463097,-0.795136570930481,0.60387659072876
30.2500762939453,1,-0.487541019916534,-0.522732138633728,0.110667809844017,-0.0150503730401397,0.0541232153773308,-0.79540628194809,0.603467464447021
30.2688643932343,1,-0.48756805062294,-0.522679507732391,0.110660865902901,-0.0153005346655846,0.0547604784369469,-0.795712232589722,0.603000283241272
30.2898678779602,1,-0.488252252340317,-0.521239697933197,0.110145568847656,-0.0142377577722073,0.0602753050625324,-0.796115875244141,0.601966738700867
30.3150141239166,1,-0.487872958183289,-0.521812796592712,0.11038413643837,-0.015012632124126,0.0583682395517826,-0.796410501003265,0.601746082305908
30.3299915790558,1,-0.487773269414902,-0.521914780139923,0.110442131757736,-0.0149891851469874,0.057829461991787,-0.79671972990036,0.601389110088348
30.3483440876007,1,-0.487732112407684,-0.521724581718445,0.110331118106842,-0.0142238205298781,0.0578648820519447,-0.796783626079559,0.601319551467896
30.3807833194733,1,-0.487758368253708,-0.521554827690125,0.110263124108315,-0.0134438592940569,0.0581288561224937,-0.796519696712494,0.601661741733551
30.3904213905334,1,-0.487694531679153,-0.522481560707092,0.110458523035049,-0.0142755657434464,0.0555314756929874,-0.796019852161407,0.602548658847809
30.4085659980774,1,-0.487668037414551,-0.522245705127716,0.110398054122925,-0.0126962848007679,0.0567753463983536,-0.795848071575165,0.602694988250732
30.4471144676208,1,-0.487619757652283,-0.522034585475922,0.110394731163979,-0.0117503814399242,0.0583308823406696,-0.795851349830627,0.602561354637146
30.4503655433655,1,-0.487594664096832,-0.52186244726181,0.110387712717056,-0.0116803934797645,0.0600403882563114,-0.796004235744476,0.602192640304565
30.4689962863922,1,-0.487620651721954,-0.521819114685059,0.110419556498528,-0.0126189542934299,0.0611807405948639,-0.796351730823517,0.601599216461182
30.489325761795,1,-0.487738430500031,-0.521903991699219,0.110433459281921,-0.0144731793552637,0.061966672539711,-0.796946883201599,0.600688338279724
30.5231804847717,1,-0.487778276205063,-0.522094488143921,0.110507376492023,-0.0166224334388971,0.0617528408765793,-0.797104179859161,0.600445926189423
30.5350091457367,1,-0.487859666347504,-0.521903395652771,0.110505141317844,-0.017951836809516,0.0623029880225658,-0.79699033498764,0.600501954555511
30.5497734546661,1,-0.487966120243073,-0.521768987178802,0.110477469861507,-0.0188393034040928,0.0630997493863106,-0.796839475631714,0.600591599941254
30.5704884529114,1,-0.488004177808762,-0.521763384342194,0.110435798764229,-0.0189277473837137,0.0637891516089439,-0.796518325805664,0.600942134857178
30.6060147285461,1,-0.488007962703705,-0.521871030330658,0.110494256019592,-0.018545301631093,0.0639814510941505,-0.795983135700226,0.601642191410065
30.6109485626221,1,-0.488137185573578,-0.522028744220734,0.110656023025513,-0.0185239091515541,0.0640101283788681,-0.795921862125397,0.601720809936523
30.630491733551,1,-0.488108426332474,-0.522195994853973,0.110692381858826,-0.0181227549910545,0.0643509551882744,-0.795574963092804,0.602155387401581
30.6498396396637,1,-0.48793289065361,-0.521901905536652,0.110472485423088,-0.0164456199854612,0.0662555173039436,-0.79472416639328,0.603119671344757
30.6775608062744,1,-0.487810254096985,-0.521531462669373,0.11029477417469,-0.0150756053626537,0.0681820213794708,-0.794373154640198,0.603402972221375
30.698085308075,1,-0.488302618265152,-0.52137690782547,0.110554620623589,-0.0163153763860464,0.0695245116949081,-0.795829176902771,0.601295471191406
30.7116260528564,1,-0.488432168960571,-0.521192252635956,0.110582679510117,-0.0166623722761869,0.0712187215685844,-0.795854330062866,0.601054251194
30.7297658920288,1,-0.488459259271622,-0.521232128143311,0.110600359737873,-0.0169184505939484,0.0718080475926399,-0.795588254928589,0.601329147815704
30.7500123977661,1,-0.488410711288452,-0.521305620670319,0.110604897141457,-0.0168647244572639,0.0714602544903755,-0.795167207717896,0.60192859172821
30.7814290523529,1,-0.48812061548233,-0.521200180053711,0.110432021319866,-0.0154439704492688,0.0710296779870987,-0.794151365756989,0.603357195854187
30.7955505847931,1,-0.487727910280228,-0.521021604537964,0.110149711370468,-0.0129320686683059,0.0704010874032974,-0.793127119541168,0.604835510253906
30.8092222213745,1,-0.488405108451843,-0.52097076177597,0.11055938154459,-0.0138821704313159,0.070067435503006,-0.794783413410187,0.602675080299377
30.8296785354614,1,-0.488513827323914,-0.520821630954742,0.110622122883797,-0.0127045447006822,0.07073675096035,-0.794524073600769,0.602964758872986
30.8500666618347,1,-0.488380670547485,-0.520815432071686,0.110646702349186,-0.0114148072898388,0.071272537112236,-0.793973743915558,0.603651881217957
30.8782331943512,1,-0.488323241472244,-0.52066832780838,0.110685810446739,-0.0101099070161581,0.0722808986902237,-0.793551087379456,0.604110896587372
30.8898210525513,1,-0.488167017698288,-0.520794093608856,0.110749937593937,-0.00916026812046766,0.072491243481636,-0.792826175689697,0.605051875114441
30.9086909294128,1,-0.488110393285751,-0.520834982395172,0.110837034881115,-0.00859128218144178,0.0724975168704987,-0.792372822761536,0.605653047561646
30.9469866752625,1,-0.488138467073441,-0.520770609378815,0.110854580998421,-0.00846234243363142,0.0727382972836494,-0.791784346103668,0.606395184993744
30.9525434970856,1,-0.488079845905304,-0.520887017250061,0.11090312898159,-0.00874203536659479,0.0722121447324753,-0.791158676147461,0.607270121574402
30.9693434238434,1,-0.488168507814407,-0.520825386047363,0.110901668667793,-0.00905376765877008,0.0723521187901497,-0.790772497653961,0.607751607894897
30.9898374080658,1,-0.488152265548706,-0.520902693271637,0.110852792859077,-0.0092735243961215,0.0725745260715485,-0.790019392967224,0.608700454235077
31.0149013996124,1,-0.48820436000824,-0.520922303199768,0.110875055193901,-0.00962097477167845,0.0729270726442337,-0.789715647697449,0.609047174453735
31.030508518219,1,-0.488633722066879,-0.520729720592499,0.11110008507967,-0.0108186258003116,0.0736626461148262,-0.791154742240906,0.6070676445961
31.0495042800903,1,-0.488723009824753,-0.52064973115921,0.111131638288498,-0.0109414188191295,0.0745497047901154,-0.791492223739624,0.60651695728302
31.0714509487152,1,-0.48867130279541,-0.520759642124176,0.111170932650566,-0.0109018050134182,0.0746026858687401,-0.7915318608284,0.606459379196167
31.1150135993958,1,-0.48850205540657,-0.520799517631531,0.111102923750877,-0.0101604210212827,0.0743401646614075,-0.79078221321106,0.60748153924942
31.1156241893768,1,-0.488461971282959,-0.520866811275482,0.111077606678009,-0.00986698735505342,0.0734493285417557,-0.790262937545776,0.608269870281219
31.1300985813141,1,-0.488442718982697,-0.520949482917786,0.11106926202774,-0.00976345129311085,0.0721995010972023,-0.789619982242584,0.609255492687225
31.1490368843079,1,-0.488512754440308,-0.521070122718811,0.111108809709549,-0.00998364295810461,0.0710961669683456,-0.789380550384521,0.609691858291626
31.1693646907806,1,-0.488506108522415,-0.521136403083801,0.111120954155922,-0.00987823214381933,0.0704183652997017,-0.789033710956573,0.610220849514008
31.1981239318848,1,-0.488290846347809,-0.52129340171814,0.111000053584576,-0.0091426745057106,0.0700928941369057,-0.787830770015717,0.611822068691254
31.2101078033447,1,-0.488297790288925,-0.521254122257233,0.110980078577995,-0.00906290020793676,0.0704744085669518,-0.787586569786072,0.612093687057495
31.2292563915253,1,-0.488308787345886,-0.521260619163513,0.11097551882267,-0.00935671385377645,0.0708108767867088,-0.787553787231445,0.612092673778534
31.2491476535797,1,-0.488328039646149,-0.521231412887573,0.110975056886673,-0.00965790171176195,0.0710231438279152,-0.787586033344269,0.612021863460541
31.2814912796021,1,-0.488373428583145,-0.521177232265472,0.11094619333744,-0.00985000375658274,0.0711355060338974,-0.787563502788544,0.612034678459167
31.2913925647736,1,-0.488439649343491,-0.521083474159241,0.110893167555332,-0.00992816872894764,0.0711623504757881,-0.787529706954956,0.61207389831543
31.3094828128815,1,-0.488575220108032,-0.520889520645142,0.110847108066082,-0.0100591946393251,0.0714356228709221,-0.787422716617584,0.612177431583405
31.3296971321106,1,-0.487551540136337,-0.520683526992798,0.110131874680519,-0.00622809352353215,0.072474978864193,-0.783657550811768,0.616919279098511
31.3632299900055,1,-0.488186985254288,-0.520952701568604,0.110560603439808,-0.00861787889152765,0.0718841776251793,-0.785292863845825,0.614876925945282
31.376008272171,1,-0.48808342218399,-0.520886719226837,0.110566005110741,-0.00799902528524399,0.0717378184199333,-0.785306453704834,0.614885032176971
31.3887875080109,1,-0.489067614078522,-0.519722402095795,0.110193267464638,-0.00696483300998807,0.076789528131485,-0.7862708568573,0.613052248954773
31.411669254303,1,-0.488717615604401,-0.520137131214142,0.110201790928841,-0.00620256038382649,0.0755217224359512,-0.785118162631989,0.61469304561615
31.4445908069611,1,-0.488731205463409,-0.520211458206177,0.110207594931126,-0.00537376012653112,0.0750787705183029,-0.78513890504837,0.614728629589081
31.4539036750793,1,-0.48834303021431,-0.520422577857971,0.110486775636673,-0.00542445201426744,0.0733657255768776,-0.784639894962311,0.61557149887085
31.468358039856,1,-0.48805183172226,-0.521259546279907,0.110797122120857,-0.00612441496923566,0.0707858502864838,-0.785206913948059,0.615143954753876
31.4988074302673,1,-0.488173753023148,-0.521384716033936,0.110914707183838,-0.00687648961320519,0.070545382797718,-0.786309063434601,0.613754212856293
31.5079298019409,1,-0.488398879766464,-0.521213054656982,0.11090075969696,-0.00780068058520555,0.0712104886770248,-0.787219107151031,0.612498462200165
31.5346984863281,1,-0.48856183886528,-0.521252512931824,0.110962361097336,-0.00959935411810875,0.0712186545133591,-0.787776827812195,0.611754536628723
31.5510218143463,1,-0.488646179437637,-0.520987749099731,0.110930398106575,-0.0108614498749375,0.0720003992319107,-0.787755608558655,0.61166912317276
31.5684390068054,1,-0.48863211274147,-0.521728157997131,0.111010231077671,-0.0129688326269388,0.0700547397136688,-0.787709474563599,0.611913502216339
31.5975825786591,1,-0.488853961229324,-0.520662903785706,0.110777258872986,-0.0110770044848323,0.0722983479499817,-0.787740468978882,0.611649572849274
31.6079251766205,1,-0.488317400217056,-0.520822048187256,0.110610231757164,-0.00927399378269911,0.0710196122527122,-0.78520542383194,0.615079343318939
31.6283640861511,1,-0.488788187503815,-0.520071268081665,0.110308192670345,-0.00715858675539494,0.0725179612636566,-0.784352958202362,0.616019725799561
31.6561026573181,1,-0.48801064491272,-0.521553516387939,0.110756814479828,-0.00689150113612413,0.0654335543513298,-0.783222436904907,0.618250608444214
31.6687180995941,1,-0.487583190202713,-0.522011935710907,0.110917299985886,-0.00500218151137233,0.0615391582250595,-0.781994700431824,0.620219469070435
31.6880924701691,1,-0.487461656332016,-0.522141873836517,0.110980406403542,-0.0034667020663619,0.0591865107417107,-0.780956268310547,0.621765375137329
31.7095906734467,1,-0.487488210201263,-0.522079944610596,0.110871881246567,-0.00175584235694259,0.0582659430801868,-0.780435919761658,0.622512400150299
31.7282831668854,1,-0.487391948699951,-0.521986663341522,0.110815785825253,-0.000199821195565164,0.0573985241353512,-0.779891967773438,0.623276770114899
31.7573630809784,1,-0.487377315759659,-0.521849930286407,0.110789030790329,0.000625001266598701,0.0572105832397938,-0.780080258846283,0.623058140277863
31.7680809497833,1,-0.487324833869934,-0.521957218647003,0.110807709395885,0.000288472132524475,0.0568118318915367,-0.78082287311554,0.622164070606232
31.7881360054016,1,-0.487376630306244,-0.521890819072723,0.110819034278393,-0.000612080562859774,0.057403951883316,-0.782091438770294,0.620513916015625
31.8186695575714,1,-0.487421810626984,-0.52185845375061,0.11085931956768,-0.00187909614760429,0.0581809915602207,-0.783433794975281,0.618743121623993
31.8288056850433,1,-0.487348139286041,-0.521918118000031,0.110871061682701,-0.0029613149818033,0.058681033551693,-0.78421413898468,0.617702066898346
31.849978685379,1,-0.487370550632477,-0.521901190280914,0.110861770808697,-0.00355524476617575,0.0590110085904598,-0.78421026468277,0.617672443389893
31.8838608264923,1,-0.487285763025284,-0.521887183189392,0.110898584127426,-0.00356974150054157,0.0584461316466331,-0.783356785774231,0.618808269500732
31.8931231498718,1,-0.487136244773865,-0.522226393222809,0.110880643129349,-0.00377866951748729,0.0567468293011189,-0.782533168792725,0.620005905628204
31.9088282585144,1,-0.48752623796463,-0.522432804107666,0.110888466238976,-0.0044559077359736,0.0563358478248119,-0.78213357925415,0.620542883872986
31.9498152732849,1,-0.487385988235474,-0.521734058856964,0.110776998102665,-0.00231988541781902,0.0572554618120193,-0.781601250171661,0.621140837669373
31.9585237503052,1,-0.487462222576141,-0.522016763687134,0.110694006085396,-0.00210851896554232,0.0571234449744225,-0.781592547893524,0.621164739131927
31.9689724445343,1,-0.487405240535736,-0.52183198928833,0.110749527812004,-0.00131602177862078,0.0576763711869717,-0.781526625156403,0.621198773384094
31.9898457527161,1,-0.487407684326172,-0.522096633911133,0.110697567462921,-0.00117239612154663,0.0580070614814758,-0.782012581825256,0.620556473731995
32.0281248092651,1,-0.487610816955566,-0.521765053272247,0.110787108540535,-0.000878917577210814,0.0592659786343575,-0.782313704490662,0.620058238506317
32.0297448635101,1,-0.487340748310089,-0.521719396114349,0.110677942633629,-8.07227570476243e-06,0.059619702398777,-0.782870054244995,0.619322180747986
32.0500380992889,1,-0.487594991922379,-0.521762013435364,0.110729709267616,-0.000730816565919667,0.0601587183773518,-0.783922731876373,0.617936551570892
32.0685434341431,1,-0.487295597791672,-0.521788656711578,0.110741913318634,-0.000566222006455064,0.059729028493166,-0.784223735332489,0.617596387863159
32.1125569343567,1,-0.487467080354691,-0.522191405296326,0.110811039805412,-0.00183223525527865,0.0589762665331364,-0.784715116024017,0.617042064666748
32.1144585609436,1,-0.487224191427231,-0.521840333938599,0.110740274190903,-0.000960533216129988,0.0592703223228455,-0.784630000591278,0.617123961448669
32.1294169425964,1,-0.4875508248806,-0.522331833839417,0.110823377966881,-0.0025076677557081,0.0589387752115726,-0.784912168979645,0.616792440414429
32.1497340202332,1,-0.487452298402786,-0.52232700586319,0.110775403678417,-0.0021207625977695,0.0590659566223621,-0.784588158130646,0.617193877696991
32.1718420982361,1,-0.487098127603531,-0.521309375762939,0.110606364905834,0.000995897105894983,0.0607885904610157,-0.784061014652252,0.617699086666107
32.1893656253815,1,-0.487277060747147,-0.521524250507355,0.11078616976738,0.000392503512557596,0.0605672150850296,-0.784115433692932,0.617652356624603
32.2102131843567,1,-0.487998008728027,-0.522708296775818,0.111105889081955,-0.00355767179280519,0.0595308467745781,-0.784710288047791,0.616987287998199
32.2289531230927,1,-0.487631618976593,-0.521189093589783,0.110407218337059,0.00122577731963247,0.0624746829271317,-0.785397171974182,0.615830183029175
32.2659254074097,1,-0.487248778343201,-0.520420849323273,0.110004089772701,0.00427030585706234,0.0631293430924416,-0.785414159297943,0.615728080272675
32.276046037674,1,-0.487381279468536,-0.522368431091309,0.110449135303497,-5.38331114512403e-05,0.0578191392123699,-0.784950017929077,0.616855382919312
32.290022611618,1,-0.487607538700104,-0.523953258991241,0.110983923077583,-0.00429335096850991,0.0535240955650806,-0.784254908561707,0.618110716342926
32.3104412555695,1,-0.487653166055679,-0.523506879806519,0.110928624868393,-0.00402290839701891,0.0544437393546104,-0.784003615379333,0.61835116147995
32.3547883033752,1,-0.487042039632797,-0.521588087081909,0.110292315483093,0.000854302372317761,0.0575813911855221,-0.783938527107239,0.618161916732788
32.3594646453857,1,-0.486330538988113,-0.520268619060516,0.109827056527138,0.00497804675251245,0.0590278580784798,-0.783876299858093,0.618084967136383
32.3700413703918,1,-0.486685305833817,-0.52126669883728,0.110329404473305,0.00170957809314132,0.0566857010126114,-0.784126937389374,0.618003785610199
32.3914024829865,1,-0.487429350614548,-0.522454738616943,0.11087141931057,-0.00243986351415515,0.0546352490782738,-0.784065008163452,0.618264734745026
32.4088835716248,1,-0.487852990627289,-0.522371172904968,0.110721364617348,-0.00277818436734378,0.0556745827198029,-0.784531652927399,0.617578089237213
32.4429183006287,1,-0.487291127443314,-0.521196007728577,0.109923541545868,0.00130033073946834,0.0579908490180969,-0.785213768482208,0.616501927375793
32.4556701183319,1,-0.487178325653076,-0.522018611431122,0.10997861623764,-0.00045252003474161,0.0564790330827236,-0.785783469676971,0.615917444229126
32.4691817760468,1,-0.487651348114014,-0.524039089679718,0.1107557117939,-0.00662415893748403,0.0533500015735626,-0.78593111038208,0.615972518920898
32.4916620254517,1,-0.487707048654556,-0.524070680141449,0.110990524291992,-0.00744642689824104,0.0540054924786091,-0.785646677017212,0.616268932819366
32.5229835510254,1,-0.486950397491455,-0.521580934524536,0.110270321369171,-0.000690931279677898,0.0588033758103848,-0.785593628883362,0.615941882133484
32.5354273319244,1,-0.486258774995804,-0.520020842552185,0.10969665646553,0.00419976934790611,0.0609875284135342,-0.786012768745422,0.615180313587189
32.5489616394043,1,-0.486459523439407,-0.521601319313049,0.110161080956459,9.73280475591309e-05,0.0574191138148308,-0.786034643650055,0.615509986877441
32.5697557926178,1,-0.486859202384949,-0.523207426071167,0.110799044370651,-0.00472979713231325,0.0539328567683697,-0.786040723323822,0.615799427032471
32.6101915836334,1,-0.486392349004745,-0.522844314575195,0.110633239150047,-0.0033810252789408,0.053324569016695,-0.785986959934235,0.615929841995239
32.6124954223633,1,-0.486043810844421,-0.52329409122467,0.110559314489365,-0.00421822629868984,0.0508952438831329,-0.78610360622406,0.61598140001297
32.6310384273529,1,-0.486228883266449,-0.524073779582977,0.110690400004387,-0.00713615212589502,0.0486634410917759,-0.786367952823639,0.615797400474548
32.6510019302368,1,-0.486728399991989,-0.523931622505188,0.1105772331357,-0.008364362642169,0.0497934967279434,-0.786493539810181,0.615531086921692
32.6985495090485,1,-0.487723559141159,-0.523732423782349,0.11028565466404,-0.0100336223840714,0.0522929131984711,-0.786247074604034,0.61561381816864
32.7004020214081,1,-0.487730115652084,-0.523514986038208,0.109998628497124,-0.00875407923012972,0.0528307892382145,-0.786693215370178,0.615017116069794
32.7132089138031,1,-0.48779171705246,-0.52342700958252,0.11012227833271,-0.00825957022607327,0.0528794825077057,-0.7863849401474,0.615413904190063
32.7300107479095,1,-0.487465232610703,-0.522891759872437,0.110190629959106,-0.00606636982411146,0.0534732677042484,-0.785698890686035,0.616263806819916
32.749678850174,1,-0.486391633749008,-0.522652089595795,0.110094949603081,-0.0022936575114727,0.0518591180443764,-0.785576164722443,0.616583704948425
32.7698607444763,1,-0.486490786075592,-0.523448944091797,0.110254757106304,-0.00392862036824226,0.0499094575643539,-0.785604894161224,0.616699814796448
32.793395280838,1,-0.487483412027359,-0.523475527763367,0.110100351274014,-0.00645248172804713,0.051786694675684,-0.785540223121643,0.616606056690216
32.8090393543243,1,-0.488091200590134,-0.52291876077652,0.109696432948112,-0.00679856352508068,0.0543253123760223,-0.785816371440887,0.61603170633316
32.8298132419586,1,-0.48783278465271,-0.522646188735962,0.109621420502663,-0.00606527831405401,0.0543045289814472,-0.786096930503845,0.615683317184448
32.8695375919342,1,-0.487454801797867,-0.52196741104126,0.109635457396507,-0.00470010563731194,0.055345706641674,-0.785952508449554,0.615786850452423
32.8747098445892,1,-0.487049639225006,-0.521266162395477,0.109495922923088,-0.00291688810102642,0.0567073300480843,-0.786293745040894,0.615238010883331
32.8893184661865,1,-0.486938148736954,-0.521729350090027,0.109466716647148,-0.00354872201569378,0.0556956939399242,-0.786658644676208,0.614860653877258
32.9091837406158,1,-0.487598985433578,-0.522413432598114,0.109494656324387,-0.00635997857898474,0.0558625869452953,-0.786614120006561,0.614879846572876
32.948032617569,1,-0.488136351108551,-0.522970676422119,0.109517842531204,-0.00848374050110579,0.0562065131962299,-0.786974132061005,0.614361941814423
32.9507851600647,1,-0.488007843494415,-0.523307681083679,0.109633900225163,-0.0087966937571764,0.0555921867489815,-0.787954807281494,0.61315530538559
32.9686434268951,1,-0.487616181373596,-0.522776126861572,0.109614051878452,-0.00719761103391647,0.0565041415393353,-0.788187026977539,0.61279422044754
32.9880142211914,1,-0.487113058567047,-0.522154927253723,0.10948108881712,-0.00526147894561291,0.0573516748845577,-0.787828207015991,0.613196551799774
33.0079827308655,1,-0.486988931894302,-0.522705674171448,0.109671860933304,-0.00661687692627311,0.0555217266082764,-0.78803539276123,0.613085389137268
33.0472359657288,1,-0.486970722675323,-0.522922098636627,0.109781980514526,-0.00745844841003418,0.0547434501349926,-0.788350224494934,0.612740933895111
33.0509169101715,1,-0.48689740896225,-0.522363007068634,0.109392151236534,-0.00620928360149264,0.0560683831572533,-0.788207590579987,0.612818598747253
33.0681166648865,1,-0.487590879201889,-0.522203922271729,0.109125904738903,-0.00761461677029729,0.0580747537314892,-0.788343906402588,0.612440407276154
33.0924363136292,1,-0.487986743450165,-0.522866427898407,0.109093248844147,-0.00938231963664293,0.0575657486915588,-0.788770318031311,0.611914694309235
33.1094949245453,1,-0.488282263278961,-0.52339506149292,0.109334222972393,-0.0108445398509502,0.0570471286773682,-0.789078235626221,0.611542046070099
33.1339025497437,1,-0.488378345966339,-0.523217856884003,0.109385743737221,-0.0104957846924663,0.0579501502215862,-0.789346635341644,0.611116588115692
33.1492741107941,1,-0.488168567419052,-0.522027611732483,0.108997069299221,-0.00744438916444778,0.0608680509030819,-0.789530217647552,0.610640525817871
33.1681008338928,1,-0.487889885902405,-0.52149111032486,0.108810722827911,-0.00599103001877666,0.0616764090955257,-0.789407312870026,0.610734224319458
33.1908724308014,1,-0.487920492887497,-0.522002816200256,0.10912312567234,-0.00754881696775556,0.0602773353457451,-0.789225697517395,0.611091315746307
33.2082278728485,1,-0.487031370401382,-0.522122740745544,0.10913422703743,-0.00579099170863628,0.0579769611358643,-0.789352595806122,0.611169040203094
33.2348537445068,1,-0.48658362030983,-0.523247063159943,0.109411492943764,-0.00736461486667395,0.0537909492850304,-0.789881408214569,0.610851585865021
33.2533411979675,1,-0.486159712076187,-0.52284824848175,0.109385222196579,-0.00568092800676823,0.0534986890852451,-0.789788842201233,0.61101496219635
33.2694199085236,1,-0.486172020435333,-0.522509574890137,0.10919813811779,-0.00537878600880504,0.0541353709995747,-0.789576172828674,0.61123651266098
33.2891464233398,1,-0.486778885126114,-0.522158920764923,0.109049625694752,-0.00662818877026439,0.0563147999346256,-0.789091646671295,0.611652791500092
33.3124279975891,1,-0.487241238355637,-0.5212482213974,0.108778491616249,-0.00610750541090965,0.059887632727623,-0.788922131061554,0.611537516117096
33.3296394348145,1,-0.487388104200363,-0.520290791988373,0.108415722846985,-0.00440231990069151,0.0634109750390053,-0.789187490940094,0.610854268074036
33.3487951755524,1,-0.487703233957291,-0.520076930522919,0.108248338103294,-0.00465564616024494,0.0651244223117828,-0.789216876029968,0.610633969306946
33.3790738582611,1,-0.488117098808289,-0.520571112632751,0.108225673437119,-0.00663728825747967,0.0648387372493744,-0.789437174797058,0.610361337661743
33.3899824619293,1,-0.488172858953476,-0.520798742771149,0.108187563717365,-0.00722129037603736,0.0642406344413757,-0.78974837064743,0.610015094280243
33.410085439682,1,-0.488032191991806,-0.521369338035583,0.108232289552689,-0.00789663754403591,0.0620840862393379,-0.789987623691559,0.60992032289505
33.4445104598999,1,-0.487915247678757,-0.521858215332031,0.108232989907265,-0.00848318450152874,0.05993627384305,-0.790306270122528,0.609714388847351
33.4497976303101,1,-0.487631559371948,-0.522070944309235,0.108170859515667,-0.00804318953305483,0.0580277070403099,-0.789961040019989,0.610352039337158
33.4701950550079,1,-0.48742687702179,-0.522159934043884,0.108137667179108,-0.00746412994340062,0.0566846765577793,-0.789017081260681,0.61170506477356
33.4890947341919,1,-0.48779571056366,-0.52242636680603,0.108328558504581,-0.0088066253811121,0.056384801864624,-0.788311064243317,0.612624645233154
33.5202307701111,1,-0.487985879182816,-0.522293567657471,0.108254045248032,-0.00865574646741152,0.0569106265902519,-0.7883021235466,0.612589776515961
33.5326535701752,1,-0.488038718700409,-0.52184396982193,0.108000993728638,-0.0073774941265583,0.0581713132560253,-0.788279294967651,0.612517297267914
33.5492601394653,1,-0.488301455974579,-0.521891236305237,0.10795721411705,-0.00770902913063765,0.0590006224811077,-0.788155913352966,0.61259263753891
33.5694348812103,1,-0.488456279039383,-0.521694839000702,0.10798192769289,-0.0074831903912127,0.0601974576711655,-0.78787899017334,0.612835228443146
33.5980613231659,1,-0.488547682762146,-0.52092444896698,0.107925310730934,-0.00632052542641759,0.062564805150032,-0.788131654262543,0.612286031246185
33.6089260578156,1,-0.488112270832062,-0.52075606584549,0.107731282711029,-0.005244723521173,0.0620332881808281,-0.788658559322357,0.611671626567841
33.6293861865997,1,-0.488131314516068,-0.5214604139328,0.107820153236389,-0.00699921185150743,0.0597840137779713,-0.788624107837677,0.611922383308411
33.6739888191223,1,-0.488268107175827,-0.521643996238708,0.107839494943619,-0.00784240942448378,0.0591247268021107,-0.788223266601562,0.612492322921753
33.6778585910797,1,-0.488182008266449,-0.520359635353088,0.107443049550056,-0.004705133382231,0.0616944655776024,-0.787743985652924,0.612887501716614
33.6894762516022,1,-0.488169997930527,-0.520178020000458,0.107309266924858,-0.00415019830688834,0.0618681088089943,-0.787683129310608,0.612952172756195
33.7091889381409,1,-0.488237023353577,-0.52081972360611,0.107491284608841,-0.00563182262703776,0.0603301897644997,-0.7876997590065,0.613072454929352
33.7293725013733,1,-0.488131731748581,-0.521381437778473,0.107652455568314,-0.00634028669446707,0.0586945116519928,-0.787838220596313,0.613046407699585
33.7585003376007,1,-0.48783802986145,-0.521388530731201,0.107573568820953,-0.00516507448628545,0.057978168129921,-0.787757813930511,0.613228738307953
33.7704124450684,1,-0.487622171640396,-0.52055835723877,0.107353828847408,-0.00275619328022003,0.059742234647274,-0.787818431854248,0.612997114658356
33.7897942066193,1,-0.487547785043716,-0.519994974136353,0.107215404510498,-0.00126495619770139,0.0610844939947128,-0.787542283535004,0.613224506378174
33.8090538978577,1,-0.487587720155716,-0.519867837429047,0.107283219695091,-0.00130656792316586,0.0615713149309158,-0.787092745304108,0.613752663135529
33.837354183197,1,-0.487361192703247,-0.519802629947662,0.107406228780746,-0.00089214148465544,0.0614034198224545,-0.787184596061707,0.613652467727661
33.8488125801086,1,-0.487345069646835,-0.520786464214325,0.107744723558426,-0.00320020574145019,0.0589759759604931,-0.787773311138153,0.613127112388611
33.8704881668091,1,-0.48720195889473,-0.521304428577423,0.107960142195225,-0.00408808514475822,0.0575765669345856,-0.788309156894684,0.612565875053406
33.8901796340942,1,-0.486926972866058,-0.521633744239807,0.107991144061089,-0.00394975347444415,0.0560614019632339,-0.788304209709167,0.612713694572449
33.9239501953125,1,-0.486843526363373,-0.52196079492569,0.107993505895138,-0.00427415687590837,0.0549732856452465,-0.788422524929047,0.612657904624939
33.9341344833374,1,-0.486920952796936,-0.522326707839966,0.108119159936905,-0.00520048569887877,0.0542051866650581,-0.788500785827637,0.612618446350098
33.9490156173706,1,-0.487060308456421,-0.522452533245087,0.108275160193443,-0.00570156238973141,0.0542035289108753,-0.788729131221771,0.612320184707642
33.9689364433289,1,-0.486731231212616,-0.52266138792038,0.108254238963127,-0.0050148949958384,0.0530216656625271,-0.788655638694763,0.612524092197418
34.0036537647247,1,-0.486420184373856,-0.522933006286621,0.108178064227104,-0.00450406270101666,0.0517797842621803,-0.788701176643372,0.612575829029083
34.0141892433167,1,-0.486469745635986,-0.523426473140717,0.10830283164978,-0.00559826055541635,0.0507839731872082,-0.788508355617523,0.612898290157318
34.0299701690674,1,-0.486497014760971,-0.523524582386017,0.10834576189518,-0.00580194685608149,0.0509235449135303,-0.788844704627991,0.612451732158661
34.049989938736,1,-0.486397385597229,-0.523585796356201,0.108325347304344,-0.00546431820839643,0.0507987663149834,-0.788869857788086,0.612432897090912
34.0781910419464,1,-0.486305892467499,-0.524153053760529,0.108328983187675,-0.00628073327243328,0.0493896417319775,-0.788964450359344,0.612418413162231
34.0885229110718,1,-0.486418932676315,-0.524147987365723,0.108456611633301,-0.00660888617858291,0.0497203804552555,-0.789095759391785,0.612219095230103
34.107928276062,1,-0.486560612916946,-0.524190187454224,0.108539871871471,-0.00698532676324248,0.0498208552598953,-0.789111733436584,0.612186133861542
34.1285090446472,1,-0.486455887556076,-0.524030566215515,0.108416259288788,-0.00632502045482397,0.0498522184789181,-0.788829267024994,0.612554728984833
34.1490242481232,1,-0.48638904094696,-0.523836433887482,0.108264490962029,-0.00549288280308247,0.0499806962907314,-0.788453936576843,0.613035261631012
34.1799077987671,1,-0.486652463674545,-0.52431333065033,0.108383245766163,-0.00705520855262876,0.0491782128810883,-0.788232326507568,0.613369047641754
34.1898553371429,1,-0.486922174692154,-0.524126589298248,0.108387693762779,-0.00731455162167549,0.0501635521650314,-0.78837114572525,0.613107681274414
34.2080111503601,1,-0.486624985933304,-0.522731423377991,0.108028620481491,-0.00336850434541702,0.0531410723924637,-0.788197576999664,0.613114535808563
34.2343873977661,1,-0.486511081457138,-0.522734701633453,0.107973322272301,-0.0031075649894774,0.052985891699791,-0.788054406642914,0.6133131980896
34.2501125335693,1,-0.486893475055695,-0.523474335670471,0.108148790895939,-0.00586570799350739,0.0519295185804367,-0.78818017244339,0.613221824169159
34.2682995796204,1,-0.486862123012543,-0.522761344909668,0.108010619878769,-0.00436768867075443,0.0538368374109268,-0.788524448871613,0.612626969814301
34.287743806839,1,-0.486717790365219,-0.522052466869354,0.107725858688354,-0.0023662259336561,0.0557112880051136,-0.788590729236603,0.612384915351868
34.3129515647888,1,-0.486710250377655,-0.522298276424408,0.107763558626175,-0.00285182241350412,0.0554264523088932,-0.788945972919464,0.611950993537903
34.3296155929565,1,-0.486775249242783,-0.523141443729401,0.107946641743183,-0.00469096470624208,0.053614616394043,-0.789178609848022,0.611801207065582
34.3494050502777,1,-0.48679330945015,-0.523228704929352,0.10793362557888,-0.00467873830348253,0.053207665681839,-0.789040267467499,0.612015247344971
34.3722624778748,1,-0.486740469932556,-0.522397518157959,0.107719138264656,-0.00243824534118176,0.0550386235117912,-0.788674652576447,0.612337470054626
34.3888771533966,1,-0.486711710691452,-0.521806836128235,0.10755980014801,-0.00085653830319643,0.0562958605587482,-0.788456916809082,0.61250776052475
34.408109664917,1,-0.48703396320343,-0.522618532180786,0.107703924179077,-0.00342558440752327,0.0546839609742165,-0.788466691970825,0.612632155418396
34.4329843521118,1,-0.487042248249054,-0.522035121917725,0.107495799660683,-0.00214910670183599,0.0562589168548584,-0.78861939907074,0.612298846244812
34.4507176876068,1,-0.486891448497772,-0.521251022815704,0.107211545109749,-9.6939031209331e-05,0.0581676624715328,-0.788846611976624,0.611831247806549
34.4697253704071,1,-0.486896514892578,-0.521523773670197,0.107232272624969,-0.000780844304244965,0.0576462112367153,-0.789116382598877,0.611532211303711
34.5061047077179,1,-0.486859858036041,-0.522232890129089,0.107355333864689,-0.00215778918936849,0.055927935987711,-0.789184033870697,0.611601233482361
34.5098702907562,1,-0.48672541975975,-0.522373914718628,0.107348076999187,-0.0019456809386611,0.0554377324879169,-0.789211809635162,0.611610591411591
34.5284495353699,1,-0.486631661653519,-0.522191047668457,0.107323676347733,-0.00109393184538931,0.0557362176477909,-0.789038062095642,0.611809909343719
34.5489037036896,1,-0.486720532178879,-0.52286171913147,0.107499219477177,-0.00263873673975468,0.0540047399699688,-0.789354562759399,0.611552000045776
34.5740222930908,1,-0.486640065908432,-0.523402094841003,0.107554949820042,-0.00327426474541426,0.0521479174494743,-0.789308428764343,0.611769795417786
34.5893604755402,1,-0.486547410488129,-0.522787749767303,0.107427276670933,-0.00152204814366996,0.053112868219614,-0.789015471935272,0.612071454524994
34.6098418235779,1,-0.486741483211517,-0.522330284118652,0.107355073094368,-0.000923182989936322,0.0543358474969864,-0.788743615150452,0.612315475940704
34.6427857875824,1,-0.486907869577408,-0.52244621515274,0.107303142547607,-0.00153897202108055,0.0538814626634121,-0.7885981798172,0.612541794776917
34.654043674469,1,-0.486913859844208,-0.521854877471924,0.107073783874512,-0.00036259280750528,0.0550691597163677,-0.78880774974823,0.612167954444885
34.6690063476562,1,-0.486950010061264,-0.520962834358215,0.106769680976868,0.00130175694357604,0.0577300228178501,-0.78904402256012,0.611616790294647
34.6897346973419,1,-0.487168043851852,-0.521025419235229,0.106768801808357,0.0003876787959598,0.0585022233426571,-0.789196312427521,0.611348092556
34.7204821109772,1,-0.487133741378784,-0.520979940891266,0.106803804636002,0.00058214197633788,0.0586748644709587,-0.789177715778351,0.611355364322662
34.732049703598,1,-0.48724439740181,-0.520889639854431,0.106763444840908,0.000686453422531486,0.0591637045145035,-0.789466798305511,0.610934913158417
34.7491946220398,1,-0.487420529127121,-0.520539999008179,0.106653720140457,0.00107480236329138,0.0607269927859306,-0.789880871772766,0.610245406627655
34.780613899231,1,-0.487433522939682,-0.520354866981506,0.10652294754982,0.00170194753445685,0.0614019669592381,-0.790053367614746,0.609952986240387
34.799015045166,1,-0.487540811300278,-0.520150184631348,0.106461092829704,0.00223997514694929,0.062027670443058,-0.789439976215363,0.610681653022766
34.8089864253998,1,-0.487746834754944,-0.519366383552551,0.106302633881569,0.00375470914877951,0.0644175931811333,-0.789808213710785,0.609950304031372
34.8291137218475,1,-0.487718820571899,-0.518324136734009,0.106143288314342,0.0061541716568172,0.0668048560619354,-0.78976708650589,0.609727144241333
34.8512341976166,1,-0.487642705440521,-0.518685519695282,0.106149807572365,0.00548871513456106,0.065385103225708,-0.78927880525589,0.610519289970398
34.8780009746552,1,-0.487828373908997,-0.519173860549927,0.106093347072601,0.00394054222851992,0.0644887089729309,-0.789605677127838,0.610203683376312
34.8885591030121,1,-0.487925708293915,-0.51836633682251,0.105844020843506,0.00535517558455467,0.0669107958674431,-0.789770126342773,0.609719216823578
34.9106578826904,1,-0.487722516059875,-0.517466723918915,0.105605885386467,0.007780019659549,0.0689967647194862,-0.78948187828064,0.609833776950836
34.9296340942383,1,-0.487889796495438,-0.518206894397736,0.10580387711525,0.00575707899406552,0.0677054971456528,-0.789463102817535,0.610025405883789
34.9621465206146,1,-0.488066434860229,-0.518629729747772,0.105972141027451,0.00462060188874602,0.0671004801988602,-0.789399921894073,0.610183537006378
34.9724743366241,1,-0.487644016742706,-0.518231272697449,0.105827361345291,0.00693277735263109,0.0671298876404762,-0.789293229579926,0.610296487808228
34.9891107082367,1,-0.487404376268387,-0.518729746341705,0.105829924345016,0.00679165311157703,0.0651171281933784,-0.788844168186188,0.611096203327179
35.0102167129517,1,-0.487592786550522,-0.519536852836609,0.106052547693253,0.00476124929264188,0.0630799680948257,-0.788771092891693,0.611423313617706
35.0452313423157,1,-0.487771481275558,-0.519082963466644,0.105996355414391,0.00543591426685452,0.0643879920244217,-0.788923501968384,0.611084580421448
35.0564873218536,1,-0.487416237592697,-0.517419815063477,0.105612173676491,0.00996206235140562,0.0678035616874695,-0.788475751876831,0.611236095428467
35.0698244571686,1,-0.487575888633728,-0.517126381397247,0.105549290776253,0.0102451937273145,0.0687104687094688,-0.788403153419495,0.611223697662354
35.0894544124603,1,-0.488067179918289,-0.517351448535919,0.105667114257812,0.00833254214376211,0.0690081864595413,-0.78852641582489,0.611060261726379
35.1139538288116,1,-0.487808912992477,-0.517218768596649,0.105448052287102,0.0092025063931942,0.0686811506748199,-0.788509011268616,0.611107051372528
35.1355237960815,1,-0.487508952617645,-0.517600953578949,0.105287477374077,0.00917053502053022,0.0672833174467087,-0.788568913936615,0.611185729503632
35.1499361991882,1,-0.487819910049438,-0.517671167850494,0.105396397411823,0.00829280167818069,0.068123534321785,-0.788551509380341,0.611127555370331
35.1699697971344,1,-0.487968742847443,-0.516372323036194,0.105369053781033,0.0104979788884521,0.0722731202840805,-0.788693070411682,0.610434055328369
35.2147617340088,1,-0.487823903560638,-0.516640245914459,0.105374038219452,0.0101776840165257,0.0714350715279579,-0.789354503154755,0.609682738780975
35.2164907455444,1,-0.487716883420944,-0.517929673194885,0.105472527444363,0.0077960635535419,0.0679189935326576,-0.789496004581451,0.609936237335205
35.2292408943176,1,-0.487775087356567,-0.517873227596283,0.105554148554802,0.00790441315621138,0.0680726245045662,-0.789053857326508,0.610489785671234
35.2493164539337,1,-0.487854957580566,-0.517710566520691,0.105541706085205,0.00818991102278233,0.0685263574123383,-0.789406299591064,0.609979391098022
35.269168138504,1,-0.48745658993721,-0.517990171909332,0.105516500771046,0.00867383740842342,0.0668765977025032,-0.789836704730988,0.609598577022552
35.3046810626984,1,-0.487221986055374,-0.519925951957703,0.105843402445316,0.00514100398868322,0.0611951239407063,-0.790038287639618,0.609974086284637
35.3151016235352,1,-0.487099766731262,-0.522203683853149,0.10628454387188,0.000690817250870168,0.054943423718214,-0.790207982063293,0.610370457172394
35.329763174057,1,-0.487151056528091,-0.522861242294312,0.106548577547073,-0.000668092572595924,0.0532319061458111,-0.789961814880371,0.610840737819672
35.3494412899017,1,-0.487115234136581,-0.523310780525208,0.106714621186256,-0.00140312593430281,0.0520805083215237,-0.789713799953461,0.611259162425995
35.3875343799591,1,-0.487236052751541,-0.523964703083038,0.106963887810707,-0.00311942840926349,0.0508686080574989,-0.789635539054871,0.611456096172333
35.3932263851166,1,-0.487221509218216,-0.523776531219482,0.106960982084274,-0.00266127660870552,0.0516584739089012,-0.789674341678619,0.611341714859009
35.4103674888611,1,-0.487107783555984,-0.523560404777527,0.106799095869064,-0.00186789582949132,0.0521761029958725,-0.789728343486786,0.611230969429016
35.4293920993805,1,-0.48681229352951,-0.52367115020752,0.106712356209755,-0.00121043098624796,0.0513690561056137,-0.789874911308289,0.611111700534821
35.4710216522217,1,-0.486784964799881,-0.524095296859741,0.106855727732182,-0.00197763275355101,0.050333958119154,-0.78984934091568,0.611228883266449
35.4731321334839,1,-0.487042844295502,-0.524280786514282,0.107043728232384,-0.0032638271804899,0.0506865121424198,-0.790017664432526,0.61097651720047
35.4892506599426,1,-0.487162083387375,-0.5240678191185,0.106991089880466,-0.00323579646646976,0.0516083724796772,-0.790396571159363,0.610409140586853
35.5104413032532,1,-0.486908257007599,-0.523888111114502,0.106812328100204,-0.00221749464981258,0.0516006834805012,-0.790702342987061,0.610018253326416
35.5508365631104,1,-0.486671924591064,-0.524388551712036,0.106880195438862,-0.00258473888970912,0.0498772189021111,-0.790886700153351,0.609921276569366
35.5517988204956,1,-0.486455410718918,-0.525084376335144,0.10720831155777,-0.00327585800550878,0.0475930795073509,-0.791138172149658,0.609774231910706
35.5695502758026,1,-0.48613652586937,-0.525536000728607,0.107378914952278,-0.00301941274665296,0.0459054671227932,-0.791289806365967,0.609708189964294
35.5914764404297,1,-0.485874056816101,-0.525873839855194,0.107468836009502,-0.00283557153306901,0.0445191711187363,-0.791482388973236,0.609561860561371
35.6349914073944,1,-0.485768735408783,-0.525874614715576,0.107461541891098,-0.00254399934783578,0.0442761033773422,-0.791020214557648,0.61018043756485
35.6377239227295,1,-0.486061215400696,-0.524585783481598,0.107098042964935,-0.00074136519106105,0.0481805503368378,-0.790144622325897,0.611023426055908
35.6498076915741,1,-0.486555844545364,-0.522532939910889,0.106508418917656,0.00202355766668916,0.0544552430510521,-0.789245188236237,0.611655652523041
35.6694467067719,1,-0.486915498971939,-0.521391093730927,0.106093965470791,0.00315209524706006,0.0583654083311558,-0.788751661777496,0.611926674842834
35.6896612644196,1,-0.487071126699448,-0.521213352680206,0.105952687561512,0.00285556120797992,0.0594372116029263,-0.788876831531525,0.61166375875473
35.7106339931488,1,-0.487045377492905,-0.52159571647644,0.106019482016563,0.00204001786187291,0.0586300417780876,-0.789360105991364,0.611121237277985
35.7284073829651,1,-0.486848056316376,-0.522307693958282,0.10613202303648,0.00128901493735611,0.0566814877092838,-0.789686262607574,0.610885500907898
35.7489416599274,1,-0.486489564180374,-0.522449672222137,0.106201954185963,0.00212206481955945,0.0556163191795349,-0.78958934545517,0.611106395721436
35.768883228302,1,-0.486485838890076,-0.522539556026459,0.106238581240177,0.00223733717575669,0.0552269220352173,-0.789078056812286,0.611801266670227
35.788651227951,1,-0.486633837223053,-0.522465825080872,0.106186576187611,0.00228453311137855,0.0557388924062252,-0.789027988910675,0.611819326877594
35.829044342041,1,-0.486750334501266,-0.522333323955536,0.106022626161575,0.00246048416011035,0.0564490929245949,-0.78912490606308,0.611628353595734
35.8323256969452,1,-0.486624866724014,-0.521649122238159,0.105844467878342,0.00424254545941949,0.0577792823314667,-0.788718521595001,0.612018465995789
35.8481676578522,1,-0.486813485622406,-0.521739423274994,0.105855241417885,0.00374966743402183,0.0578549094498158,-0.788521468639374,0.612268507480621
35.8683915138245,1,-0.486859649419785,-0.521003365516663,0.105722039937973,0.00527344457805157,0.0597803704440594,-0.788286685943604,0.612374544143677
35.8951399326324,1,-0.486909627914429,-0.520517647266388,0.105561889708042,0.00625505391508341,0.0610761232674122,-0.788254141807556,0.612279534339905
35.9091873168945,1,-0.486999273300171,-0.520355045795441,0.10546287894249,0.00619214540347457,0.0615947619080544,-0.788197338581085,0.612301349639893
35.929114818573,1,-0.487402051687241,-0.519885718822479,0.105351977050304,0.00592263042926788,0.0638641491532326,-0.788135707378387,0.612150728702545
35.9527008533478,1,-0.487746238708496,-0.518720746040344,0.10510328412056,0.00717419479042292,0.0678806751966476,-0.788296937942505,0.611497044563293
35.9693448543549,1,-0.487988710403442,-0.518133401870728,0.104948699474335,0.00756355840712786,0.0699506625533104,-0.788224279880524,0.611352741718292
35.989839553833,1,-0.488150000572205,-0.517956793308258,0.104867428541183,0.00748652359470725,0.0708187371492386,-0.787944853305817,0.611613988876343
36.0143187046051,1,-0.48837485909462,-0.517414629459381,0.104762814939022,0.00794351752847433,0.0726458951830864,-0.787970840930939,0.611360192298889
36.029233455658,1,-0.488251894712448,-0.516833245754242,0.104535087943077,0.00948936492204666,0.0736341327428818,-0.787956237792969,0.611238837242126
36.048691034317,1,-0.488083511590958,-0.51697313785553,0.104381561279297,0.00967602152377367,0.0726834461092949,-0.78811776638031,0.611141443252563
36.0818288326263,1,-0.488241612911224,-0.5170738697052,0.104413911700249,0.00904938485473394,0.0725476816296577,-0.787719905376434,0.611679971218109
36.0937218666077,1,-0.488345921039581,-0.516765117645264,0.104343332350254,0.00951018277555704,0.0732620283961296,-0.787685036659241,0.611632704734802
36.1100075244904,1,-0.488433569669724,-0.51639312505722,0.104232095181942,0.0102845840156078,0.074409157037735,-0.787533164024353,0.611677289009094
36.1500015258789,1,-0.488623201847076,-0.516036689281464,0.104160003364086,0.0106424540281296,0.0759178549051285,-0.787535190582275,0.611483156681061
36.1525521278381,1,-0.488962858915329,-0.515649557113647,0.104194074869156,0.0105326296761632,0.0777336657047272,-0.787586629390717,0.611190438270569
36.1700122356415,1,-0.489053547382355,-0.515659987926483,0.104183949530125,0.010189606808126,0.0777924805879593,-0.787998557090759,0.610657811164856
36.1885502338409,1,-0.488732039928436,-0.515665650367737,0.104169458150864,0.0108924796804786,0.0771025493741035,-0.788199186325073,0.610474050045013
36.2163825035095,1,-0.488653957843781,-0.5168696641922,0.104445159435272,0.0087035708129406,0.0737587362527847,-0.788278937339783,0.610819339752197
36.229790687561,1,-0.488571643829346,-0.517672121524811,0.104645043611526,0.00742904236540198,0.071417972445488,-0.788343548774719,0.611030876636505
36.2497816085815,1,-0.488205909729004,-0.518024265766144,0.104692563414574,0.00788075663149357,0.0694727525115013,-0.788109123706818,0.611551702022552
36.2834444046021,1,-0.487775892019272,-0.518988847732544,0.104868605732918,0.00722624594345689,0.0658520311117172,-0.788266360759735,0.611757695674896
36.2940399646759,1,-0.487303227186203,-0.520100712776184,0.105117119848728,0.0063720066100359,0.0618222504854202,-0.788624823093414,0.611725866794586
36.3092103004456,1,-0.486879259347916,-0.521321833133698,0.105463638901711,0.00503502367064357,0.0578090399503708,-0.788808822631836,0.611893355846405
36.3505711555481,1,-0.486686021089554,-0.522776246070862,0.105858959257603,0.00241277739405632,0.0536139085888863,-0.789168834686279,0.611826956272125
36.3536405563354,1,-0.486391842365265,-0.523470044136047,0.105992034077644,0.00189214199781418,0.0512798428535461,-0.789596855640411,0.61147665977478
36.3693747520447,1,-0.485983908176422,-0.522989392280579,0.105985201895237,0.00426242453977466,0.0515685677528381,-0.789645195007324,0.611377954483032
36.3897225856781,1,-0.485815912485123,-0.524111866950989,0.106254555284977,0.00266435742378235,0.0484795458614826,-0.78957337141037,0.611732482910156
36.4341270923615,1,-0.485670179128647,-0.52505749464035,0.106493458151817,0.00126954889856279,0.0457165092229843,-0.789574503898621,0.611948072910309
36.4377686977386,1,-0.485381305217743,-0.525228023529053,0.106449939310551,0.00184656702913344,0.0443863123655319,-0.789811730384827,0.611738443374634
36.4491612911224,1,-0.485290944576263,-0.525705873966217,0.106537044048309,0.0011126910103485,0.0427042990922928,-0.789839804172516,0.611823678016663
36.4688246250153,1,-0.485496491193771,-0.526234030723572,0.106700539588928,-0.000364791019819677,0.0416976772248745,-0.789637386798859,0.612155318260193
36.4895520210266,1,-0.48550271987915,-0.525851428508759,0.10673488676548,0.000669894507154822,0.0424516052007675,-0.789359152317047,0.612461864948273
36.5234978199005,1,-0.485428810119629,-0.526326239109039,0.106736429035664,-0.000133473178721033,0.0407669693231583,-0.789661645889282,0.612186670303345
36.532616853714,1,-0.485460489988327,-0.527021825313568,0.106768503785133,-0.00161240913439542,0.0387162901461124,-0.78984546661377,0.612080633640289
36.5495262145996,1,-0.485635459423065,-0.526523351669312,0.106629714369774,-0.000850487675052136,0.0404796488583088,-0.78965175151825,0.612218022346497
36.5695803165436,1,-0.48594856262207,-0.525590777397156,0.106470793485641,0.000309394614305347,0.0437210910022259,-0.789537489414215,0.61214292049408
36.602499961853,1,-0.48629492521286,-0.524757742881775,0.106169179081917,0.000970687484368682,0.0468552522361279,-0.789506494998932,0.611950278282166
36.610377073288,1,-0.486440271139145,-0.523669540882111,0.105660080909729,0.00291816843673587,0.0501987487077713,-0.789641439914703,0.61150461435318
36.6288299560547,1,-0.486562579870224,-0.521781861782074,0.105122402310371,0.00677132699638605,0.0555969551205635,-0.789502024650574,0.611187100410461
36.6487867832184,1,-0.486861348152161,-0.521184086799622,0.105036407709122,0.00722955679520965,0.0577392168343067,-0.789200305938721,0.611372947692871
36.6868839263916,1,-0.487034857273102,-0.520471394062042,0.104863435029984,0.00821832288056612,0.0597537904977798,-0.789116263389587,0.611275494098663
36.69171833992,1,-0.486903488636017,-0.519885897636414,0.104546293616295,0.00970771815627813,0.0606599748134613,-0.789386391639709,0.610815227031708
36.7108936309814,1,-0.486871302127838,-0.519956171512604,0.10441941767931,0.00948232226073742,0.0600505582988262,-0.789556384086609,0.610659301280975
36.7295823097229,1,-0.48717013001442,-0.520066976547241,0.104441210627556,0.00844526570290327,0.0601439885795116,-0.789469957351685,0.610777080059052
36.7490382194519,1,-0.487318754196167,-0.519148588180542,0.104265928268433,0.0102460999041796,0.06282027810812,-0.788986444473267,0.611104905605316
36.7705616950989,1,-0.486882299184799,-0.518016278743744,0.104056060314178,0.0136389257386327,0.064694382250309,-0.788718461990356,0.61118882894516
36.7891302108765,1,-0.486712664365768,-0.520019829273224,0.104394406080246,0.00979378167539835,0.0593242533504963,-0.789022564888,0.611414909362793
36.8118734359741,1,-0.486772984266281,-0.521977245807648,0.104821771383286,0.00549224857240915,0.0547494851052761,-0.789523780345917,0.611248314380646
36.8373095989227,1,-0.486619114875793,-0.521763861179352,0.104868322610855,0.00660289358347654,0.055236928164959,-0.789564788341522,0.611140668392181
36.8548226356506,1,-0.48638728260994,-0.521735608577728,0.104906551539898,0.00750706344842911,0.0548384934663773,-0.78964751958847,0.611059069633484
36.8709397315979,1,-0.486235857009888,-0.522881269454956,0.105163171887398,0.00578819029033184,0.0514617562294006,-0.78955078125,0.611496448516846
36.8914036750793,1,-0.486055672168732,-0.524093210697174,0.105431079864502,0.00411524483934045,0.0477703288197517,-0.789389491081238,0.612017452716827
36.935054063797,1,-0.485978931188583,-0.524744689464569,0.105612620711327,0.00323359691537917,0.0457933880388737,-0.789028704166412,0.612638831138611
36.9368960857391,1,-0.485987573862076,-0.524724543094635,0.105657011270523,0.00323626399040222,0.0457112453877926,-0.789282321929932,0.612318098545074
36.95063996315,1,-0.485870897769928,-0.524542570114136,0.10563987493515,0.00377506320364773,0.0461447760462761,-0.789682507514954,0.611766278743744
36.9705975055695,1,-0.485771358013153,-0.524806976318359,0.10569041967392,0.0032579421531409,0.0455491580069065,-0.789830565452576,0.61162281036377
36.9896059036255,1,-0.485819399356842,-0.525095164775848,0.105696402490139,0.00237008580006659,0.0449733585119247,-0.789846658706665,0.611648559570312
37.0245065689087,1,-0.485841542482376,-0.524607539176941,0.105528205633163,0.00307451118715107,0.0462103150784969,-0.789670825004578,0.611780345439911
37.0359311103821,1,-0.485940188169479,-0.523994624614716,0.105381518602371,0.00383766507729888,0.0478958338499069,-0.789776027202606,0.611510574817657
37.0495862960815,1,-0.486038863658905,-0.523773908615112,0.105296924710274,0.00403435248881578,0.0487703643739223,-0.789843440055847,0.611353039741516
37.0690262317657,1,-0.486153483390808,-0.522965252399445,0.105043157935143,0.00567976012825966,0.0511607341468334,-0.789813160896301,0.611183822154999
37.1073908805847,1,-0.486255139112473,-0.521185994148254,0.104573741555214,0.00954632833600044,0.0558018460869789,-0.78930401802063,0.611387073993683
37.1115388870239,1,-0.486051470041275,-0.519418120384216,0.104237154126167,0.014007892459631,0.0597129054367542,-0.788784384727478,0.611602425575256
37.1293244361877,1,-0.486045360565186,-0.521079421043396,0.104577273130417,0.0104994652792811,0.0549497418105602,-0.788749814033508,0.612163305282593
37.1490471363068,1,-0.486520767211914,-0.524142861366272,0.105211168527603,0.00259848008863628,0.0477120690047741,-0.788983523845673,0.612553656101227
37.1749534606934,1,-0.486901581287384,-0.52376800775528,0.10502715408802,0.00259261461906135,0.0499522872269154,-0.789167642593384,0.612137615680695
37.1919760704041,1,-0.486914455890656,-0.52131724357605,0.104485981166363,0.00776227703318,0.0566386282444,-0.789104223251343,0.61159336566925
37.2103757858276,1,-0.486839801073074,-0.520574331283569,0.104120284318924,0.00939691439270973,0.0586329326033592,-0.789219617843628,0.611233472824097
37.2302203178406,1,-0.486506789922714,-0.51999843120575,0.10371670871973,0.0115443393588066,0.0597906336188316,-0.789025843143463,0.61133474111557
37.2559592723846,1,-0.485677659511566,-0.52051442861557,0.103161789476871,0.0125883938744664,0.0569360814988613,-0.788629412651062,0.612097680568695
37.2749645709991,1,-0.4870545566082,-0.522552192211151,0.0991878658533096,0.00461221113801003,0.0546435490250587,-0.788649499416351,0.612392783164978
37.28941822052,1,-0.486737906932831,-0.521547675132751,0.0966883152723312,0.00733047164976597,0.0547121353447437,-0.784383475780487,0.617815136909485
37.3095970153809,1,-0.485531538724899,-0.519980132579803,0.0957852452993393,0.0134655451402068,0.0535003617405891,-0.785003244876862,0.617030382156372
37.3298311233521,1,-0.485707074403763,-0.519885361194611,0.0956915616989136,0.0140547920018435,0.0525513552129269,-0.785861253738403,0.616005718708038
37.3602793216705,1,-0.48687419295311,-0.518801867961884,0.0960254445672035,0.0129905538633466,0.0581217296421528,-0.784396409988403,0.617394030094147
37.3713297843933,1,-0.48700550198555,-0.518087685108185,0.096139170229435,0.0135811707004905,0.0609643906354904,-0.782679855823517,0.619282841682434
