timestamp,rb_id,pos_x,pos_y,pos_z,quat_x,quat_y,quat_z,quat_w
94.2812254428864,1,-0.481763124465942,-0.537548065185547,0.150732517242432,0.0967085435986519,0.440225213766098,-0.861863076686859,0.232467964291573
94.3003921508789,1,-0.481297314167023,-0.537726640701294,0.150434464216232,0.0967497676610947,0.440050214529037,-0.861989855766296,0.232311800122261
94.3199238777161,1,-0.48062938451767,-0.537090301513672,0.150813281536102,0.0969683974981308,0.441528022289276,-0.861346125602722,0.231803804636002
94.3482174873352,1,-0.479842960834503,-0.53626537322998,0.151216715574265,0.0978406965732574,0.443060904741287,-0.860241770744324,0.232612550258636
94.3607969284058,1,-0.479300171136856,-0.536462903022766,0.150853827595711,0.0972368270158768,0.441111594438553,-0.861243605613708,0.232862591743469
94.3802289962769,1,-0.478674829006195,-0.536304533481598,0.150284796953201,0.0983496382832527,0.439077407121658,-0.861208558082581,0.236343666911125
94.414363861084,1,-0.477938264608383,-0.536163449287415,0.149207338690758,0.100318178534508,0.436357885599136,-0.860859096050262,0.241763636469841
94.4220590591431,1,-0.47737517952919,-0.536945700645447,0.14682349562645,0.0997324585914612,0.428759604692459,-0.863914608955383,0.244684174656868
94.4399020671844,1,-0.476989418268204,-0.536665320396423,0.145387530326843,0.0999328196048737,0.425727009773254,-0.864740073680878,0.246971219778061
94.4605991840363,1,-0.476755082607269,-0.536293268203735,0.143819719552994,0.0983038768172264,0.421619355678558,-0.867162644863129,0.246175915002823
94.4873344898224,1,-0.476655006408691,-0.534611165523529,0.143645107746124,0.0985434129834175,0.423604279756546,-0.866361737251282,0.245491147041321
94.4999756813049,1,-0.47643506526947,-0.533478558063507,0.14292374253273,0.0981395840644836,0.423175930976868,-0.866779327392578,0.244916975498199
94.5207331180573,1,-0.476177543401718,-0.532355129718781,0.142319664359093,0.0971091389656067,0.42261004447937,-0.867633998394012,0.243273198604584
94.5553812980652,1,-0.475829780101776,-0.531153738498688,0.141700923442841,0.0969972386956215,0.42337167263031,-0.867437362670898,0.242693990468979
94.5644052028656,1,-0.475372791290283,-0.529962539672852,0.140966802835464,0.0957918912172318,0.422103375196457,-0.868640601634979,0.241072908043861
94.5797924995422,1,-0.474952518939972,-0.529819428920746,0.139300018548965,0.0932960584759712,0.416764229536057,-0.872063875198364,0.238973155617714
94.5994689464569,1,-0.474679708480835,-0.528829514980316,0.138512253761292,0.0923617407679558,0.415867298841476,-0.872965455055237,0.237602785229683
94.6305627822876,1,-0.474488288164139,-0.527979493141174,0.137657329440117,0.092315673828125,0.415220320224762,-0.873167634010315,0.238008826971054
94.6415054798126,1,-0.474473237991333,-0.527215719223022,0.136923462152481,0.0919324457645416,0.413618296384811,-0.873951196670532,0.238070398569107
94.6600925922394,1,-0.474508821964264,-0.527367949485779,0.135931879281998,0.0916424691677094,0.410772204399109,-0.874998033046722,0.239261895418167
94.6851391792297,1,-0.474370986223221,-0.527658581733704,0.134855926036835,0.0909206569194794,0.406112611293793,-0.876934945583344,0.240398094058037
94.7014455795288,1,-0.474127918481827,-0.52739942073822,0.134687334299088,0.0909398347139359,0.404590845108032,-0.877381503582001,0.241325572133064
94.7196886539459,1,-0.473805248737335,-0.527097284793854,0.134862810373306,0.0909639522433281,0.404501765966415,-0.877361953258514,0.241536527872086
94.739577293396,1,-0.473407357931137,-0.526830911636353,0.135224729776382,0.0917525514960289,0.406242519617081,-0.876267313957214,0.242289021611214
94.7684543132782,1,-0.472954005002975,-0.526783287525177,0.134958356618881,0.0909267514944077,0.403726547956467,-0.877591788768768,0.242012068629265
94.7805035114288,1,-0.472664833068848,-0.527109384536743,0.134444683790207,0.0903928354382515,0.400588840246201,-0.878837883472443,0.242902934551239
94.8006615638733,1,-0.472551584243774,-0.526805520057678,0.134456023573875,0.0914711207151413,0.400531947612762,-0.878035485744476,0.245480909943581
94.8197877407074,1,-0.472649067640305,-0.526622772216797,0.134250044822693,0.0920621901750565,0.399268358945847,-0.877925336360931,0.247702524065971
94.8453979492188,1,-0.47281277179718,-0.526494204998016,0.134080141782761,0.093060702085495,0.39787346124649,-0.877601563930511,0.250703126192093
94.8604369163513,1,-0.472958087921143,-0.52638190984726,0.13413017988205,0.0935635566711426,0.396230399608612,-0.877653956413269,0.252924650907516
94.8804149627686,1,-0.472980856895447,-0.526436984539032,0.134156778454781,0.094097837805748,0.394874274730682,-0.877654135227203,0.254839897155762
94.9022943973541,1,-0.472886055707932,-0.526684761047363,0.133997082710266,0.093872182071209,0.393287301063538,-0.878325045108795,0.255065232515335
94.9189808368683,1,-0.472783148288727,-0.526832342147827,0.133826702833176,0.0935551673173904,0.392699331045151,-0.878718793392181,0.254731148481369
94.9384381771088,1,-0.472708165645599,-0.526753544807434,0.133655339479446,0.0933454781770706,0.392526835203171,-0.878907024860382,0.254424273967743
94.9591801166534,1,-0.472760319709778,-0.526433527469635,0.133651494979858,0.0936331823468208,0.392972379922867,-0.878556072711945,0.254842609167099
94.9873948097229,1,-0.472897320985794,-0.526276469230652,0.13364514708519,0.0938320830464363,0.39217945933342,-0.87858122587204,0.25590193271637
94.9988903999329,1,-0.473104596138,-0.526465356349945,0.133616775274277,0.0941038131713867,0.391279369592667,-0.878580093383789,0.257181018590927
95.0268473625183,1,-0.473320782184601,-0.526824831962585,0.133441582322121,0.0945119187235832,0.389624148607254,-0.878707647323608,0.259101122617722
95.0395922660828,1,-0.47356241941452,-0.527255296707153,0.133297726511955,0.095214955508709,0.388704568147659,-0.878277838230133,0.261669754981995
95.0738000869751,1,-0.473746180534363,-0.527361333370209,0.133466154336929,0.0962010622024536,0.389192491769791,-0.877434253692627,0.263408184051514
95.0812296867371,1,-0.473860144615173,-0.527646064758301,0.133466929197311,0.0961920320987701,0.388323396444321,-0.877731204032898,0.263704210519791
95.0988168716431,1,-0.473907351493835,-0.527870297431946,0.133634716272354,0.0963312238454819,0.388481914997101,-0.877606272697449,0.26383575797081
95.1184496879578,1,-0.473912239074707,-0.527798414230347,0.133910864591599,0.0966215133666992,0.389372646808624,-0.877152502536774,0.263925492763519
95.1403057575226,1,-0.473882347345352,-0.527561128139496,0.134095788002014,0.0970821008086205,0.390055239200592,-0.876613855361938,0.264537543058395
95.1593327522278,1,-0.473922044038773,-0.527361273765564,0.134087845683098,0.097549133002758,0.389544606208801,-0.876337051391602,0.266031295061111
95.1900413036346,1,-0.474001318216324,-0.52726799249649,0.1339201182127,0.098103903234005,0.387156188488007,-0.87657505273819,0.268518209457397
95.2040681838989,1,-0.474248111248016,-0.527259349822998,0.133909344673157,0.0992302447557449,0.385054171085358,-0.876203775405884,0.27231153845787
95.2203731536865,1,-0.474546790122986,-0.527232050895691,0.134121417999268,0.101368129253387,0.384666800498962,-0.874502182006836,0.277492046356201
95.2452008724213,1,-0.474694550037384,-0.52739429473877,0.13412769138813,0.101886890828609,0.381844997406006,-0.874854445457458,0.28007709980011
95.2619943618774,1,-0.474878042936325,-0.527300298213959,0.134413972496986,0.102822981774807,0.381296783685684,-0.874090015888214,0.282854825258255
95.2813305854797,1,-0.475044697523117,-0.527688384056091,0.134476155042648,0.103234559297562,0.380791395902634,-0.873709678649902,0.284555941820145
95.3002002239227,1,-0.475128769874573,-0.528069078922272,0.134598523378372,0.103395096957684,0.38069412112236,-0.873510718345642,0.285237610340118
95.3335559368134,1,-0.475172221660614,-0.52815842628479,0.134920060634613,0.103715308010578,0.381308257579803,-0.87298047542572,0.285923451185226
95.3444638252258,1,-0.475221514701843,-0.528318464756012,0.135228157043457,0.104572735726833,0.382080733776093,-0.872046709060669,0.287425249814987
95.360034942627,1,-0.475329130887985,-0.528603374958038,0.135345935821533,0.105888783931732,0.381813049316406,-0.871048271656036,0.290312588214874
95.4001848697662,1,-0.475517570972443,-0.528570234775543,0.135425955057144,0.107080549001694,0.380357474088669,-0.870338082313538,0.293893933296204
95.4008936882019,1,-0.475847840309143,-0.528478920459747,0.135537400841713,0.108190342783928,0.378582358360291,-0.869627416133881,0.297856330871582
95.4204649925232,1,-0.476261824369431,-0.528569996356964,0.135693937540054,0.111256003379822,0.378472566604614,-0.866787612438202,0.305057197809219
95.4398386478424,1,-0.476592272520065,-0.528485298156738,0.135604277253151,0.112254470586777,0.374309957027435,-0.867051422595978,0.309051513671875
95.4724276065826,1,-0.476907044649124,-0.528794646263123,0.135436117649078,0.114080689847469,0.371093988418579,-0.866178274154663,0.31465882062912
95.4843208789825,1,-0.477300971746445,-0.52820086479187,0.136061787605286,0.112714260816574,0.367288172245026,-0.868556499481201,0.313056707382202
95.5008130073547,1,-0.47749662399292,-0.5282182097435,0.136124283075333,0.116636224091053,0.367526859045029,-0.864674508571625,0.321959644556046
95.5237324237823,1,-0.477493345737457,-0.528031170368195,0.136277258396149,0.118601866066456,0.365746915340424,-0.863160490989685,0.32728698849678
95.5457761287689,1,-0.477534830570221,-0.528011620044708,0.136300280690193,0.12000485509634,0.362557709217072,-0.862571597099304,0.331844836473465
95.5602114200592,1,-0.477665573358536,-0.527564167976379,0.136660948395729,0.121713452041149,0.361587285995483,-0.861007928848267,0.336312294006348
95.5801153182983,1,-0.477570921182632,-0.527640402317047,0.136544123291969,0.123958669602871,0.358762145042419,-0.859352290630341,0.342691838741302
95.6119503974915,1,-0.477638810873032,-0.527498304843903,0.136705711483955,0.125460967421532,0.355390757322311,-0.858523964881897,0.347697824239731
95.6226425170898,1,-0.477812439203262,-0.527651906013489,0.136742040514946,0.127081662416458,0.351496815681458,-0.857547879219055,0.35342875123024
95.6410591602325,1,-0.477903515100479,-0.527409493923187,0.136895209550858,0.129160434007645,0.347294211387634,-0.856139957904816,0.360178828239441
95.6603322029114,1,-0.477945774793625,-0.527681469917297,0.136802658438683,0.131113797426224,0.342612117528915,-0.855016708374023,0.366568595170975
95.6896572113037,1,-0.47800686955452,-0.52760910987854,0.136883795261383,0.132966727018356,0.338800847530365,-0.853704154491425,0.372455447912216
95.7000887393951,1,-0.478116780519485,-0.52752548456192,0.136947140097618,0.134439811110497,0.335189342498779,-0.852795660495758,0.377244919538498
95.7206723690033,1,-0.478297203779221,-0.52725887298584,0.1371850669384,0.136288911104202,0.333160936832428,-0.850805580615997,0.382830262184143
95.7548770904541,1,-0.478304296731949,-0.527221322059631,0.137210428714752,0.137878388166428,0.32976308465004,-0.849627792835236,0.38778680562973
95.7639753818512,1,-0.478365421295166,-0.527117013931274,0.137345135211945,0.138926655054092,0.326969116926193,-0.849061787128448,0.391004890203476
95.780529499054,1,-0.478440999984741,-0.527305543422699,0.13726332783699,0.139997720718384,0.32389572262764,-0.848565995693207,0.394243627786636
95.8003551959991,1,-0.478539675474167,-0.52709174156189,0.137403562664986,0.140148043632507,0.320772618055344,-0.849133789539337,0.395518988370895
95.8335337638855,1,-0.478622406721115,-0.527077078819275,0.137531146407127,0.140167325735092,0.318415701389313,-0.849605977535248,0.396401792764664
95.8404934406281,1,-0.478786379098892,-0.526968479156494,0.137714356184006,0.140031784772873,0.316444665193558,-0.850395977497101,0.396334052085876
95.8610746860504,1,-0.479013204574585,-0.526684820652008,0.138020306825638,0.139718294143677,0.314970672130585,-0.851237893104553,0.395811200141907
95.8994140625,1,-0.479195177555084,-0.52644944190979,0.138264030218124,0.139550060033798,0.313616305589676,-0.851917743682861,0.395483106374741
95.9009094238281,1,-0.47927850484848,-0.52626758813858,0.138429388403893,0.13994112610817,0.312743633985519,-0.851651668548584,0.396607428789139
95.9210164546967,1,-0.479286074638367,-0.526246905326843,0.138447672128677,0.140279218554497,0.311671078205109,-0.851364135742188,0.397947549819946
95.9398598670959,1,-0.479337394237518,-0.526212990283966,0.138501718640327,0.140635803341866,0.310950547456741,-0.850931406021118,0.399308234453201
95.9724352359772,1,-0.479422479867935,-0.526045918464661,0.138651967048645,0.140983954071999,0.310023754835129,-0.850688278675079,0.400422602891922
95.9824869632721,1,-0.479664713144302,-0.525999903678894,0.138813003897667,0.141703903675079,0.309534043073654,-0.849576354026794,0.402900367975235
96.0007152557373,1,-0.479947358369827,-0.526115298271179,0.138931140303612,0.142978057265282,0.309374749660492,-0.847536325454712,0.40684986114502
96.0344455242157,1,-0.480153799057007,-0.526394546031952,0.13893586397171,0.145775899291039,0.310467541217804,-0.842791616916656,0.414803206920624
96.0402662754059,1,-0.480303108692169,-0.526605844497681,0.138937145471573,0.148056447505951,0.311316311359406,-0.838946521282196,0.421106189489365
96.064754486084,1,-0.480303108692169,-0.526605844497681,0.138937145471573,0.148056447505951,0.311316281557083,-0.838946461677551,0.421106159687042
96.0810172557831,1,-0.480303108692169,-0.526605844497681,0.138937145471573,0.148056447505951,0.311316281557083,-0.838946461677551,0.421106159687042
96.0994338989258,1,-0.480303108692169,-0.526605844497681,0.138937145471573,0.148056447505951,0.311316281557083,-0.838946461677551,0.421106159687042
96.1204159259796,1,-0.480303108692169,-0.526605844497681,0.138937145471573,0.148056447505951,0.311316281557083,-0.838946461677551,0.421106159687042
96.1387436389923,1,-0.480303108692169,-0.526605844497681,0.138937145471573,0.148056447505951,0.311316281557083,-0.838946461677551,0.421106159687042
96.1608579158783,1,-0.480303108692169,-0.526605844497681,0.138937145471573,0.148056447505951,0.311316281557083,-0.838946461677551,0.421106159687042
96.1791112422943,1,-0.480303108692169,-0.526605844497681,0.138937145471573,0.148056447505951,0.311316281557083,-0.838946461677551,0.421106159687042
96.1996612548828,1,-0.480303108692169,-0.526605844497681,0.138937145471573,0.148056447505951,0.311316281557083,-0.838946461677551,0.421106159687042
96.2193126678467,1,-0.480303108692169,-0.526605844497681,0.138937145471573,0.148056447505951,0.311316281557083,-0.838946461677551,0.421106159687042
96.2446701526642,1,-0.480303108692169,-0.526605844497681,0.138937145471573,0.148056447505951,0.311316281557083,-0.838946461677551,0.421106159687042
96.2608966827393,1,-0.480303108692169,-0.526605844497681,0.138937145471573,0.148056447505951,0.311316281557083,-0.838946461677551,0.421106159687042
96.285530090332,1,-0.480303108692169,-0.526605844497681,0.138937145471573,0.148056447505951,0.311316281557083,-0.838946461677551,0.421106159687042
96.2995011806488,1,-0.480303108692169,-0.526605844497681,0.138937145471573,0.148056447505951,0.311316281557083,-0.838946461677551,0.421106159687042
96.3270061016083,1,-0.480303108692169,-0.526605844497681,0.138937145471573,0.148056447505951,0.311316281557083,-0.838946461677551,0.421106159687042
96.3405408859253,1,-0.480303108692169,-0.526605844497681,0.138937145471573,0.148056447505951,0.311316281557083,-0.838946461677551,0.421106159687042
96.3612809181213,1,-0.480303108692169,-0.526605844497681,0.138937145471573,0.148056447505951,0.311316281557083,-0.838946461677551,0.421106159687042
96.3793611526489,1,-0.480303108692169,-0.526605844497681,0.138937145471573,0.148056447505951,0.311316281557083,-0.838946461677551,0.421106159687042
96.3995962142944,1,-0.480303108692169,-0.526605844497681,0.138937145471573,0.148056447505951,0.311316281557083,-0.838946461677551,0.421106159687042
96.4221968650818,1,-0.480303108692169,-0.526605844497681,0.138937145471573,0.148056447505951,0.311316281557083,-0.838946461677551,0.421106159687042
96.4404220581055,1,-0.480303108692169,-0.526605844497681,0.138937145471573,0.148056447505951,0.311316281557083,-0.838946461677551,0.421106159687042
96.46604347229,1,-0.480303108692169,-0.526605844497681,0.138937145471573,0.148056447505951,0.311316281557083,-0.838946461677551,0.421106159687042
96.47993683815,1,-0.480303108692169,-0.526605844497681,0.138937145471573,0.148056447505951,0.311316281557083,-0.838946461677551,0.421106159687042
96.4994542598724,1,-0.480303108692169,-0.526605844497681,0.138937145471573,0.148056447505951,0.311316281557083,-0.838946461677551,0.421106159687042
96.5244255065918,1,-0.480303108692169,-0.526605844497681,0.138937145471573,0.148056447505951,0.311316281557083,-0.838946461677551,0.421106159687042
96.539847612381,1,-0.480303108692169,-0.526605844497681,0.138937145471573,0.148056447505951,0.311316281557083,-0.838946461677551,0.421106159687042
96.5616207122803,1,-0.480303108692169,-0.526605844497681,0.138937145471573,0.148056447505951,0.311316281557083,-0.838946461677551,0.421106159687042
96.5809276103973,1,-0.480303108692169,-0.526605844497681,0.138937145471573,0.148056447505951,0.311316281557083,-0.838946461677551,0.421106159687042
96.5995070934296,1,-0.480303108692169,-0.526605844497681,0.138937145471573,0.148056447505951,0.311316281557083,-0.838946461677551,0.421106159687042
96.6368136405945,1,-0.480303108692169,-0.526605844497681,0.138937145471573,0.148056447505951,0.311316281557083,-0.838946461677551,0.421106159687042
96.6393766403198,1,-0.480303108692169,-0.526605844497681,0.138937145471573,0.148056447505951,0.311316281557083,-0.838946461677551,0.421106159687042
96.66077709198,1,-0.480303108692169,-0.526605844497681,0.138937145471573,0.148056447505951,0.311316281557083,-0.838946461677551,0.421106159687042
96.6797173023224,1,-0.480303108692169,-0.526605844497681,0.138937145471573,0.148056447505951,0.311316281557083,-0.838946461677551,0.421106159687042
96.7009010314941,1,-0.480303108692169,-0.526605844497681,0.138937145471573,0.148056447505951,0.311316281557083,-0.838946461677551,0.421106159687042
96.7194075584412,1,-0.480303108692169,-0.526605844497681,0.138937145471573,0.148056447505951,0.311316281557083,-0.838946461677551,0.421106159687042
96.7394225597382,1,-0.480303108692169,-0.526605844497681,0.138937145471573,0.148056447505951,0.311316281557083,-0.838946461677551,0.421106159687042
96.7606525421143,1,-0.480303108692169,-0.526605844497681,0.138937145471573,0.148056447505951,0.311316281557083,-0.838946461677551,0.421106159687042
96.7801697254181,1,-0.480303108692169,-0.526605844497681,0.138937145471573,0.148056447505951,0.311316281557083,-0.838946461677551,0.421106159687042
96.8010895252228,1,-0.480303108692169,-0.526605844497681,0.138937145471573,0.148056447505951,0.311316281557083,-0.838946461677551,0.421106159687042
96.8308317661285,1,-0.480303108692169,-0.526605844497681,0.138937145471573,0.148056447505951,0.311316281557083,-0.838946461677551,0.421106159687042
96.840808391571,1,-0.480303108692169,-0.526605844497681,0.138937145471573,0.148056447505951,0.311316281557083,-0.838946461677551,0.421106159687042
96.8605945110321,1,-0.480303108692169,-0.526605844497681,0.138937145471573,0.148056447505951,0.311316281557083,-0.838946461677551,0.421106159687042
96.8843579292297,1,-0.480303108692169,-0.526605844497681,0.138937145471573,0.148056447505951,0.311316281557083,-0.838946461677551,0.421106159687042
96.9002139568329,1,-0.480303108692169,-0.526605844497681,0.138937145471573,0.148056447505951,0.311316281557083,-0.838946461677551,0.421106159687042
96.9193396568298,1,-0.480303108692169,-0.526605844497681,0.138937145471573,0.148056447505951,0.311316281557083,-0.838946461677551,0.421106159687042
96.9554657936096,1,-0.480303108692169,-0.526605844497681,0.138937145471573,0.148056447505951,0.311316281557083,-0.838946461677551,0.421106159687042
96.9612212181091,1,-0.480303108692169,-0.526605844497681,0.138937145471573,0.148056447505951,0.311316281557083,-0.838946461677551,0.421106159687042
96.9797954559326,1,-0.480303108692169,-0.526605844497681,0.138937145471573,0.148056447505951,0.311316281557083,-0.838946461677551,0.421106159687042
97.003023147583,1,-0.480303108692169,-0.526605844497681,0.138937145471573,0.148056447505951,0.311316281557083,-0.838946461677551,0.421106159687042
97.0190534591675,1,-0.480303108692169,-0.526605844497681,0.138937145471573,0.148056447505951,0.311316281557083,-0.838946461677551,0.421106159687042
97.0545470714569,1,-0.480303108692169,-0.526605844497681,0.138937145471573,0.148056447505951,0.311316281557083,-0.838946461677551,0.421106159687042
97.060772895813,1,-0.480303108692169,-0.526605844497681,0.138937145471573,0.148056447505951,0.311316281557083,-0.838946461677551,0.421106159687042
97.0807633399963,1,-0.480303108692169,-0.526605844497681,0.138937145471573,0.148056447505951,0.311316281557083,-0.838946461677551,0.421106159687042
97.1140785217285,1,-0.480303108692169,-0.526605844497681,0.138937145471573,0.148056447505951,0.311316281557083,-0.838946461677551,0.421106159687042
97.1208226680756,1,-0.480303108692169,-0.526605844497681,0.138937145471573,0.148056447505951,0.311316281557083,-0.838946461677551,0.421106159687042
97.1394386291504,1,-0.480303108692169,-0.526605844497681,0.138937145471573,0.148056447505951,0.311316281557083,-0.838946461677551,0.421106159687042
97.1757791042328,1,-0.480303108692169,-0.526605844497681,0.138937145471573,0.148056447505951,0.311316281557083,-0.838946461677551,0.421106159687042
97.1815147399902,1,-0.480303108692169,-0.526605844497681,0.138937145471573,0.148056447505951,0.311316281557083,-0.838946461677551,0.421106159687042
97.2014360427856,1,-0.480303108692169,-0.526605844497681,0.138937145471573,0.148056447505951,0.311316281557083,-0.838946461677551,0.421106159687042
97.2203032970428,1,-0.480303108692169,-0.526605844497681,0.138937145471573,0.148056447505951,0.311316281557083,-0.838946461677551,0.421106159687042
97.2452874183655,1,-0.480303108692169,-0.526605844497681,0.138937145471573,0.148056447505951,0.311316281557083,-0.838946461677551,0.421106159687042
97.261204957962,1,-0.480303108692169,-0.526605844497681,0.138937145471573,0.148056447505951,0.311316281557083,-0.838946461677551,0.421106159687042
97.2805168628693,1,-0.480303108692169,-0.526605844497681,0.138937145471573,0.148056447505951,0.311316281557083,-0.838946461677551,0.421106159687042
97.3104655742645,1,-0.480303108692169,-0.526605844497681,0.138937145471573,0.148056447505951,0.311316281557083,-0.838946461677551,0.421106159687042
97.3206005096436,1,-0.480303108692169,-0.526605844497681,0.138937145471573,0.148056447505951,0.311316281557083,-0.838946461677551,0.421106159687042
97.3408930301666,1,-0.480303108692169,-0.526605844497681,0.138937145471573,0.148056447505951,0.311316281557083,-0.838946461677551,0.421106159687042
97.3603322505951,1,-0.480303108692169,-0.526605844497681,0.138937145471573,0.148056447505951,0.311316281557083,-0.838946461677551,0.421106159687042
97.3816447257996,1,-0.480303108692169,-0.526605844497681,0.138937145471573,0.148056447505951,0.311316281557083,-0.838946461677551,0.421106159687042
97.3997168540955,1,-0.480303108692169,-0.526605844497681,0.138937145471573,0.148056447505951,0.311316281557083,-0.838946461677551,0.421106159687042
97.4215290546417,1,-0.480303108692169,-0.526605844497681,0.138937145471573,0.148056447505951,0.311316281557083,-0.838946461677551,0.421106159687042
97.4383878707886,1,-0.480303108692169,-0.526605844497681,0.138937145471573,0.148056447505951,0.311316281557083,-0.838946461677551,0.421106159687042
97.4695086479187,1,-0.480303108692169,-0.526605844497681,0.138937145471573,0.148056447505951,0.311316281557083,-0.838946461677551,0.421106159687042
97.4794230461121,1,-0.480303108692169,-0.526605844497681,0.138937145471573,0.148056447505951,0.311316281557083,-0.838946461677551,0.421106159687042
97.5049340724945,1,-0.480303108692169,-0.526605844497681,0.138937145471573,0.148056447505951,0.311316281557083,-0.838946461677551,0.421106159687042
97.5184719562531,1,-0.480303108692169,-0.526605844497681,0.138937145471573,0.148056447505951,0.311316281557083,-0.838946461677551,0.421106159687042
97.5457987785339,1,-0.480303108692169,-0.526605844497681,0.138937145471573,0.148056447505951,0.311316281557083,-0.838946461677551,0.421106159687042
97.559385061264,1,-0.480303108692169,-0.526605844497681,0.138937145471573,0.148056447505951,0.311316281557083,-0.838946461677551,0.421106159687042
97.5810248851776,1,-0.480303108692169,-0.526605844497681,0.138937145471573,0.148056447505951,0.311316281557083,-0.838946461677551,0.421106159687042
97.6003937721252,1,-0.480303108692169,-0.526605844497681,0.138937145471573,0.148056447505951,0.311316281557083,-0.838946461677551,0.421106159687042
97.6191422939301,1,-0.480303108692169,-0.526605844497681,0.138937145471573,0.148056447505951,0.311316281557083,-0.838946461677551,0.421106159687042
97.640593290329,1,-0.480303108692169,-0.526605844497681,0.138937145471573,0.148056447505951,0.311316281557083,-0.838946461677551,0.421106159687042
97.660436630249,1,-0.480303108692169,-0.526605844497681,0.138937145471573,0.148056447505951,0.311316281557083,-0.838946461677551,0.421106159687042
97.6940314769745,1,-0.480303108692169,-0.526605844497681,0.138937145471573,0.148056447505951,0.311316281557083,-0.838946461677551,0.421106159687042
97.702071428299,1,-0.480303108692169,-0.526605844497681,0.138937145471573,0.148056447505951,0.311316281557083,-0.838946461677551,0.421106159687042
97.7193305492401,1,-0.48769947886467,-0.530766844749451,0.139305621385574,0.0703840404748917,0.160912320017815,-0.818276226520538,0.547336518764496
97.7412030696869,1,-0.487891763448715,-0.531382918357849,0.139380469918251,0.0678365603089333,0.155831575393677,-0.814120650291443,0.555267810821533
97.7601778507233,1,-0.487973630428314,-0.531380295753479,0.139440804719925,0.0663813278079033,0.152041494846344,-0.810899674892426,0.561176180839539
97.8021693229675,1,-0.488075941801071,-0.531081020832062,0.13940218091011,0.0653131604194641,0.149741291999817,-0.809425413608551,0.564041018486023
97.8040878772736,1,-0.488056182861328,-0.53082937002182,0.139405116438866,0.0638163834810257,0.147570550441742,-0.808588325977325,0.565981805324554
97.82062292099,1,-0.487999498844147,-0.530828833580017,0.139385968446732,0.0615725889801979,0.145946979522705,-0.80894660949707,0.566139340400696
97.8397841453552,1,-0.488089203834534,-0.530796706676483,0.139409422874451,0.058918409049511,0.14540009200573,-0.810443162918091,0.564419627189636
97.8755829334259,1,-0.487982243299484,-0.530816495418549,0.139412432909012,0.0564823746681213,0.145120471715927,-0.811167418956757,0.563699781894684
97.8802630901337,1,-0.487920463085175,-0.530726671218872,0.139399215579033,0.0539531223475933,0.144921988248825,-0.812496423721313,0.562082171440125
97.9002418518066,1,-0.488222748041153,-0.530873954296112,0.139443919062614,0.0506591573357582,0.143721029162407,-0.81515246629715,0.558842062950134
97.9262864589691,1,-0.488254070281982,-0.530875205993652,0.139508679509163,0.0483827702701092,0.141793936491013,-0.815519154071808,0.559000968933105
97.9433102607727,1,-0.488235056400299,-0.530663371086121,0.139598622918129,0.0469244904816151,0.139267414808273,-0.814611494541168,0.561080098152161
97.9594669342041,1,-0.488280862569809,-0.530653059482574,0.139553487300873,0.0463470965623856,0.136069014668465,-0.813972294330597,0.562837898731232
97.9796531200409,1,-0.488170951604843,-0.531013906002045,0.139522343873978,0.0462603494524956,0.130876317620277,-0.811810195446014,0.567182064056396
98.0102500915527,1,-0.488276213407516,-0.531073331832886,0.139550283551216,0.0470209755003452,0.126052111387253,-0.80894273519516,0.572286248207092
98.0203473567963,1,-0.488269448280334,-0.530974924564362,0.1395303606987,0.0485573969781399,0.121576078236103,-0.805249392986298,0.578303456306458
98.0411009788513,1,-0.488359659910202,-0.530644536018372,0.139549776911736,0.0493787080049515,0.117931321263313,-0.803303599357605,0.581685066223145
98.0777714252472,1,-0.488382011651993,-0.530465662479401,0.139576852321625,0.0492615215480328,0.114528797566891,-0.80235356092453,0.583682477474213
98.0803308486938,1,-0.488377511501312,-0.530534327030182,0.139586642384529,0.0481135100126266,0.111490026116371,-0.801844477653503,0.58506453037262
98.0994162559509,1,-0.488365203142166,-0.530570328235626,0.139553084969521,0.0462381429970264,0.109176091849804,-0.801713824272156,0.585830748081207
98.1196973323822,1,-0.488378137350082,-0.530589282512665,0.139542013406754,0.0435171015560627,0.1071417927742,-0.802331805229187,0.58556866645813
98.1484332084656,1,-0.488473534584045,-0.530280947685242,0.139619156718254,0.0408636331558228,0.105482779443264,-0.802901029586792,0.58528083562851
98.1600315570831,1,-0.488452583551407,-0.530518889427185,0.139655351638794,0.0378640405833721,0.102921262383461,-0.802782475948334,0.586100459098816
98.1810212135315,1,-0.488277167081833,-0.529347002506256,0.13957267999649,0.0367898009717464,0.103566460311413,-0.801157474517822,0.588274836540222
98.2043151855469,1,-0.488153636455536,-0.528880059719086,0.139498516917229,0.0351567082107067,0.102868869900703,-0.800200700759888,0.58979731798172
98.2224316596985,1,-0.488131761550903,-0.528358161449432,0.139523983001709,0.0336063914000988,0.101686574518681,-0.79908013343811,0.591609179973602
98.2396669387817,1,-0.488292634487152,-0.527763307094574,0.139437079429626,0.0328002162277699,0.10095090419054,-0.797188460826874,0.594326257705688
98.260133266449,1,-0.488734692335129,-0.527666747570038,0.139542296528816,0.0302493255585432,0.0977882966399193,-0.796456158161163,0.59596973657608
98.29079413414,1,-0.488876223564148,-0.527471423149109,0.139751985669136,0.027886038646102,0.0940006822347641,-0.795078039169312,0.598529279232025
98.3032100200653,1,-0.488892167806625,-0.52707040309906,0.139817029237747,0.0267019737511873,0.0916499271988869,-0.79320353269577,0.601427972316742
98.3199512958527,1,-0.488639414310455,-0.527255535125732,0.139751181006432,0.0256145931780338,0.0886389464139938,-0.79070657491684,0.605202496051788
98.3501212596893,1,-0.488701283931732,-0.527748346328735,0.139544308185577,0.0236661899834871,0.0862275213003159,-0.789335668087006,0.607415854930878
98.3662626743317,1,-0.488313406705856,-0.527895867824554,0.139567241072655,0.0220783967524767,0.0837807133793831,-0.788453578948975,0.608961760997772
98.3800611495972,1,-0.487881243228912,-0.527985632419586,0.139552667737007,0.0207205284386873,0.0818962082266808,-0.787712693214417,0.610223293304443
98.40207862854,1,-0.487571984529495,-0.528369128704071,0.139535695314407,0.0188968554139137,0.0797750726342201,-0.787460625171661,0.610888421535492
98.4263896942139,1,-0.487442284822464,-0.528374254703522,0.139441758394241,0.0176181141287088,0.0792298838496208,-0.787243843078613,0.611276924610138
98.4434552192688,1,-0.487459599971771,-0.528072118759155,0.139382049441338,0.0167473535984755,0.0791587233543396,-0.786335706710815,0.612478256225586
98.461457490921,1,-0.487545818090439,-0.527786374092102,0.139336794614792,0.0160062648355961,0.0785834640264511,-0.784801363945007,0.614536702632904
98.4807193279266,1,-0.487722784280777,-0.528407454490662,0.139503955841064,0.0135689210146666,0.0751375705003738,-0.783592402935028,0.616565585136414
98.5144071578979,1,-0.488050401210785,-0.52837085723877,0.139652207493782,0.0121557619422674,0.072637178003788,-0.781805574893951,0.619157612323761
98.5253322124481,1,-0.488315582275391,-0.527781248092651,0.139519110321999,0.0130348252132535,0.0710727274417877,-0.778486132621765,0.62348860502243
98.5390577316284,1,-0.488575607538223,-0.5275559425354,0.139575138688087,0.0136219570413232,0.0678915977478027,-0.774316549301147,0.628998458385468
98.5631132125854,1,-0.489005714654922,-0.528052031993866,0.139984160661697,0.0125267887488008,0.0623275749385357,-0.770082831382751,0.634768187999725
98.5793070793152,1,-0.488352298736572,-0.528245627880096,0.139646917581558,0.0152084426954389,0.059622410684824,-0.761254668235779,0.645527005195618
98.6026985645294,1,-0.48846760392189,-0.527892768383026,0.139604702591896,0.0166196264326572,0.0575815178453922,-0.756671786308289,0.651042282581329
98.620311498642,1,-0.488304555416107,-0.528205752372742,0.139727354049683,0.0173411183059216,0.0534002520143986,-0.752519905567169,0.656171858310699
98.6451146602631,1,-0.488423228263855,-0.52817302942276,0.139705792069435,0.0184248480945826,0.0506757646799088,-0.748295664787292,0.661170363426208
98.660206079483,1,-0.488424181938171,-0.528785109519958,0.139812022447586,0.018516892567277,0.045757669955492,-0.744084000587463,0.666260063648224
98.6842167377472,1,-0.488697916269302,-0.527924776077271,0.139633849263191,0.021083727478981,0.0451436713337898,-0.738566398620605,0.672337234020233
98.6987085342407,1,-0.488800436258316,-0.527875423431396,0.139566406607628,0.0225493460893631,0.04264310374856,-0.733348429203033,0.678139567375183
98.7200694084167,1,-0.48865270614624,-0.527866661548615,0.139677509665489,0.0239709708839655,0.0396511293947697,-0.729123711585999,0.682811737060547
98.7389435768127,1,-0.489087492227554,-0.527385473251343,0.139441892504692,0.0254528988152742,0.0407281592488289,-0.725198864936829,0.686862468719482
98.7660377025604,1,-0.488762736320496,-0.527904152870178,0.139637053012848,0.0260193105787039,0.0381972789764404,-0.722996234893799,0.689304411411285
98.779278755188,1,-0.489099562168121,-0.527921140193939,0.139536082744598,0.0262951198965311,0.0395462289452553,-0.722712755203247,0.689514994621277
98.7989430427551,1,-0.488888382911682,-0.528181552886963,0.139655485749245,0.026572173461318,0.0396289937198162,-0.723047196865082,0.689148962497711
98.8220987319946,1,-0.488843381404877,-0.528160572052002,0.139664530754089,0.0268374979496002,0.0410521775484085,-0.723877429962158,0.688183128833771
98.8398377895355,1,-0.488805562257767,-0.528054773807526,0.139627322554588,0.0267915166914463,0.0431418269872665,-0.725047171115875,0.686824381351471
98.8618614673615,1,-0.488571405410767,-0.52805095911026,0.139613717794418,0.0264330469071865,0.0443175844848156,-0.72631698846817,0.685420334339142
98.8793334960938,1,-0.488556355237961,-0.527420580387115,0.139416322112083,0.0264410674571991,0.0472480654716492,-0.728381633758545,0.683029115200043
98.8998148441315,1,-0.488599687814713,-0.527391374111176,0.139376312494278,0.0251231007277966,0.048515297472477,-0.731008589267731,0.680177628993988
98.9203741550446,1,-0.488497257232666,-0.527763903141022,0.139493510127068,0.0228729341179132,0.0478222742676735,-0.734024107456207,0.677051365375519
98.9393570423126,1,-0.488547891378403,-0.527611076831818,0.139493674039841,0.0218082312494516,0.0481510050594807,-0.736369490623474,0.674511611461639
98.9595034122467,1,-0.488730669021606,-0.527599990367889,0.139560252428055,0.0207338258624077,0.0477036312222481,-0.73724889755249,0.673616111278534
98.9809324741364,1,-0.488936454057693,-0.527347505092621,0.139468416571617,0.0212632585316896,0.0469127707183361,-0.735948503017426,0.675075471401215
99.0002264976501,1,-0.488843709230423,-0.527743220329285,0.139546737074852,0.0212869867682457,0.043484665453434,-0.73330420255661,0.678174734115601
99.0195300579071,1,-0.488860070705414,-0.52786773443222,0.139723896980286,0.0217310283333063,0.0397061817348003,-0.730334162712097,0.681588709354401
99.046261548996,1,-0.488616019487381,-0.527600824832916,0.139560297131538,0.0240895804017782,0.0367582701146603,-0.726454496383667,0.685807824134827
99.0598812103271,1,-0.48855072259903,-0.527456283569336,0.139448717236519,0.0256053693592548,0.0335482582449913,-0.723136186599731,0.689414918422699
99.0804462432861,1,-0.488726854324341,-0.527720332145691,0.13960637152195,0.0254190228879452,0.0296679250895977,-0.720477819442749,0.692376673221588
99.1155276298523,1,-0.48905348777771,-0.52818900346756,0.139757633209229,0.0248841848224401,0.0246558133512735,-0.718638479709625,0.694501042366028
99.1264054775238,1,-0.489031344652176,-0.528116941452026,0.139744654297829,0.0255313217639923,0.0211792178452015,-0.715766847133636,0.697551012039185
99.1399924755096,1,-0.488848179578781,-0.528297901153564,0.139832377433777,0.0252089314162731,0.0171348080039024,-0.714035391807556,0.699445784091949
99.1603469848633,1,-0.489252418279648,-0.528019726276398,0.139806628227234,0.0237578172236681,0.0163414180278778,-0.71552562713623,0.697991192340851
99.1838095188141,1,-0.489511013031006,-0.528070569038391,0.139759257435799,0.0211349334567785,0.0176649875938892,-0.719576776027679,0.693866431713104
99.2012856006622,1,-0.489207804203033,-0.527863144874573,0.139834001660347,0.0186031144112349,0.0197521690279245,-0.723134219646454,0.690174341201782
99.2196779251099,1,-0.488954067230225,-0.527734518051147,0.139610126614571,0.016850495710969,0.023140762001276,-0.724655568599701,0.688516438007355
99.2401316165924,1,-0.489035069942474,-0.527173638343811,0.139467433094978,0.0153421070426702,0.0277476459741592,-0.725114941596985,0.687897622585297
99.2761359214783,1,-0.48910927772522,-0.527043044567108,0.139506489038467,0.0147278988733888,0.0300910472869873,-0.722584307193756,0.690470635890961
99.2812161445618,1,-0.489172965288162,-0.527512192726135,0.139588668942451,0.015217050909996,0.0296728443354368,-0.718452572822571,0.694776177406311
99.3000082969666,1,-0.488935381174088,-0.527958154678345,0.139679595828056,0.0164405722171068,0.0283870846033096,-0.715202033519745,0.698147535324097
99.3203644752502,1,-0.488936990499496,-0.528028905391693,0.139693081378937,0.0174983236938715,0.0285372193902731,-0.715747594833374,0.69755631685257
99.3527135848999,1,-0.489367425441742,-0.527869164943695,0.1397345662117,0.0179004203528166,0.0289817173033953,-0.716744959354401,0.696502923965454
99.3621652126312,1,-0.489413887262344,-0.527622044086456,0.139676570892334,0.0190163571387529,0.0292468965053558,-0.715443134307861,0.697799503803253
99.380695104599,1,-0.489194273948669,-0.52769660949707,0.139618396759033,0.0197850167751312,0.0287338439375162,-0.712469398975372,0.700835406780243
99.400591135025,1,-0.489108353853226,-0.527790188789368,0.139670506119728,0.0198247712105513,0.027924595400691,-0.710233747959137,0.703132450580597
99.4269888401031,1,-0.489055722951889,-0.527742385864258,0.139695808291435,0.0191884897649288,0.0275299325585365,-0.708686828613281,0.704724729061127
99.4399983882904,1,-0.48888486623764,-0.527978837490082,0.139763683080673,0.0178166981786489,0.026574082672596,-0.708308398723602,0.70517772436142
99.4605059623718,1,-0.488817870616913,-0.528099060058594,0.139709174633026,0.0164927169680595,0.0265389364212751,-0.708631873130798,0.704886257648468
99.49524974823,1,-0.488980919122696,-0.527776002883911,0.139510899782181,0.0152468970045447,0.0280796661973,-0.709383130073547,0.704098582267761
99.5046057701111,1,-0.48908805847168,-0.527476012706757,0.139492988586426,0.0135605307295918,0.0288673713803291,-0.710445165634155,0.70302951335907
99.520708322525,1,-0.489102005958557,-0.527697086334229,0.139611840248108,0.0110209453850985,0.0279723536223173,-0.711558878421783,0.701982975006104
99.5529699325562,1,-0.489055514335632,-0.527691006660461,0.139599457383156,0.00940989330410957,0.027767863124609,-0.712247550487518,0.701315820217133
99.5617659091949,1,-0.489008992910385,-0.527514278888702,0.139471247792244,0.0084175942465663,0.0284860543906689,-0.712978839874268,0.700556218624115
99.5794341564178,1,-0.488958299160004,-0.52746057510376,0.139355704188347,0.0075033507309854,0.029377993196249,-0.71473753452301,0.698735237121582
99.6020357608795,1,-0.488960832357407,-0.527686834335327,0.139472097158432,0.00557133369147778,0.0302636120468378,-0.719415545463562,0.693897902965546
99.6200096607208,1,-0.48886775970459,-0.527451753616333,0.139435857534409,0.00455035408958793,0.0328771732747555,-0.724917650222778,0.688035488128662
99.6440186500549,1,-0.488611072301865,-0.527800858020782,0.13953310251236,0.00282670627348125,0.0344130657613277,-0.730472683906555,0.682068586349487
99.6598432064056,1,-0.488689064979553,-0.527493894100189,0.139427676796913,0.00193627981934696,0.037793580442667,-0.735451698303223,0.676519632339478
99.6860959529877,1,-0.488744795322418,-0.527233004570007,0.139345794916153,0.00130892498418689,0.0403308570384979,-0.739103436470032,0.672382235527039
99.6993095874786,1,-0.488698303699493,-0.527255177497864,0.139348104596138,0.00071930926060304,0.0404964052140713,-0.740517437458038,0.670815527439117
99.7188913822174,1,-0.488749533891678,-0.527212738990784,0.13932903110981,0.000341985345585272,0.0399396792054176,-0.740395247936249,0.670984029769897
99.7400023937225,1,-0.488739162683487,-0.527389705181122,0.139336362481117,-1.05226843061246e-06,0.0379451513290405,-0.738990187644958,0.672646820545197
99.7602777481079,1,-0.488824039697647,-0.527286529541016,0.13928110897541,5.11821053805761e-05,0.0365348495543003,-0.73763781785965,0.67420756816864
99.7917318344116,1,-0.488891154527664,-0.527099072933197,0.139216542243958,0.000319450162351131,0.0351944789290428,-0.736709833145142,0.675292491912842
99.799546957016,1,-0.488931268453598,-0.527195632457733,0.139308169484138,-8.0798621638678e-05,0.0328901782631874,-0.73527318239212,0.676972389221191
99.8198752403259,1,-0.48890620470047,-0.52729594707489,0.139409974217415,-0.000222845934331417,0.0304786674678326,-0.732538342475891,0.68004310131073
99.8523452281952,1,-0.488892823457718,-0.527164459228516,0.139295101165771,0.000723435019608587,0.0290665831416845,-0.72906082868576,0.683831095695496
99.8635659217834,1,-0.488912254571915,-0.527534186840057,0.139306217432022,0.000872271659318358,0.0264613777399063,-0.72561126947403,0.687595427036285
99.8804457187653,1,-0.489021599292755,-0.527402520179749,0.139422386884689,0.00161907146684825,0.024750517681241,-0.722530961036682,0.690893530845642
99.9003374576569,1,-0.489122629165649,-0.527249157428741,0.139394730329514,0.00257384590804577,0.0239261388778687,-0.720146834850311,0.693404316902161
99.9268324375153,1,-0.489087879657745,-0.527515888214111,0.139438599348068,0.00273027317598462,0.0220401305705309,-0.718133866786957,0.695550620555878
99.9398210048676,1,-0.489146858453751,-0.527312934398651,0.139366045594215,0.00310300406999886,0.0215677730739117,-0.716970205307007,0.696763277053833
99.9616584777832,1,-0.489184826612473,-0.52716338634491,0.139295130968094,0.00304893543943763,0.0211005676537752,-0.716386914253235,0.697377443313599
99.9829142093658,1,-0.489179164171219,-0.527187347412109,0.139313042163849,0.00244269333779812,0.0201819837093353,-0.715835630893707,0.69797283411026
100.000714063644,1,-0.489136070013046,-0.527235984802246,0.139325633645058,0.00199913256801665,0.0196877904236317,-0.715169370174408,0.698671042919159
100.019973516464,1,-0.4891636967659,-0.527251243591309,0.139324739575386,0.00153199676424265,0.0201947931200266,-0.715113759040833,0.698714673519135
100.039875030518,1,-0.489136934280396,-0.527361810207367,0.139388725161552,0.00116414285730571,0.0208154264837503,-0.715351045131683,0.698454260826111
100.068897724152,1,-0.489164143800735,-0.527299761772156,0.139366820454597,0.00125036551617086,0.0222388431429863,-0.715684592723846,0.698068380355835
100.080070018768,1,-0.48907083272934,-0.527559578418732,0.139439284801483,0.00124924897681922,0.0228650644421577,-0.715429663658142,0.698309481143951
100.100076198578,1,-0.489042997360229,-0.52770733833313,0.139489606022835,0.00146274571307003,0.0235592722892761,-0.715312600135803,0.698405802249908
100.142369508743,1,-0.488888114690781,-0.527884423732758,0.139502316713333,0.00204070820473135,0.0238816849887371,-0.715117931365967,0.698592841625214
100.14359998703,1,-0.488858759403229,-0.527912080287933,0.139483049511909,0.00267991819418967,0.0243560168892145,-0.714896380901337,0.698801040649414
100.160714387894,1,-0.488752633333206,-0.52799391746521,0.139503553509712,0.00315603101626039,0.0242365915328264,-0.714827299118042,0.69887387752533
100.180397987366,1,-0.48878487944603,-0.527835965156555,0.13946495950222,0.00357647170312703,0.0247282963246107,-0.714846789836884,0.698834657669067
100.200387954712,1,-0.488722920417786,-0.527838528156281,0.139465197920799,0.00377999572083354,0.0242525860667229,-0.714543342590332,0.69916045665741
100.220684766769,1,-0.488716661930084,-0.527659296989441,0.139425858855247,0.00407090084627271,0.0240268707275391,-0.713818848133087,0.699906289577484
100.240139007568,1,-0.488783031702042,-0.527488708496094,0.139382988214493,0.00415574107319117,0.0237856451421976,-0.713346481323242,0.700395464897156
100.259949445724,1,-0.488829791545868,-0.527387201786041,0.139326766133308,0.00415221834555268,0.0234500076621771,-0.713615119457245,0.700133085250854
100.293367385864,1,-0.488909065723419,-0.527293562889099,0.139291763305664,0.00409274036064744,0.0233041737228632,-0.714096307754517,0.699647605419159
100.303910970688,1,-0.488958388566971,-0.527308344841003,0.139314636588097,0.003764433786273,0.0230925660580397,-0.714700877666473,0.699038863182068
100.319988012314,1,-0.488953322172165,-0.527419447898865,0.139352098107338,0.00311004486866295,0.0230080280452967,-0.715600848197937,0.698123574256897
100.340656042099,1,-0.488952994346619,-0.527306437492371,0.139331072568893,0.00271019339561462,0.0237819775938988,-0.716429948806763,0.69724839925766
100.371969461441,1,-0.489039212465286,-0.527231514453888,0.139328375458717,0.00191567628644407,0.0247922912240028,-0.717387199401855,0.696230828762054
100.380394458771,1,-0.489055991172791,-0.527159452438354,0.139317974448204,0.00109710393007845,0.0258528608828783,-0.718742966651917,0.694794297218323
100.401369810104,1,-0.488936245441437,-0.527074217796326,0.139235839247704,0.00059635570505634,0.0268531981855631,-0.719769537448883,0.693693339824677
100.44177365303,1,-0.488826483488083,-0.527117311954498,0.139200553297997,-1.56410824274644e-05,0.0273356214165688,-0.720108449459076,0.693322896957397
100.444818973541,1,-0.488891631364822,-0.527092456817627,0.139218062162399,-0.000756647437810898,0.0277632679790258,-0.72046834230423,0.692931473255157
100.460672855377,1,-0.489031374454498,-0.527162194252014,0.139276385307312,-0.00178830837830901,0.028211297467351,-0.721433699131012,0.691906273365021
100.479842424393,1,-0.489039033651352,-0.527102708816528,0.139248818159103,-0.00227039796300232,0.0294297486543655,-0.721350014209747,0.691941499710083
100.518398284912,1,-0.489051163196564,-0.526903808116913,0.139121577143669,-0.00228001247160137,0.0314424335956573,-0.720705449581146,0.692524254322052
100.521352529526,1,-0.489490419626236,-0.526483416557312,0.139047220349312,-0.0023560996633023,0.0335935540497303,-0.721773684024811,0.69130939245224
100.539477825165,1,-0.489328801631927,-0.526668131351471,0.139218434691429,-0.00247220532037318,0.0327093191444874,-0.721949577331543,0.691167771816254
100.559907913208,1,-0.489246666431427,-0.526872873306274,0.13930270075798,-0.00237530004233122,0.0319310091435909,-0.721532166004181,0.691640198230743
100.590995311737,1,-0.489125430583954,-0.527123868465424,0.139340296387672,-0.00220971927046776,0.0311242491006851,-0.72047483921051,0.692778885364532
100.599782705307,1,-0.488938629627228,-0.527267754077911,0.139337256550789,-0.00175697379745543,0.0306437630206347,-0.718662321567535,0.694681525230408
100.620589971542,1,-0.488680869340897,-0.527193903923035,0.139254182577133,-0.000764234224334359,0.0303928703069687,-0.716882944107056,0.696530401706696
100.640039205551,1,-0.488539338111877,-0.527277946472168,0.139298141002655,-0.000573565892409533,0.0293743498623371,-0.716275572776794,0.697198748588562
100.66174530983,1,-0.488465458154678,-0.527404963970184,0.139369860291481,-0.000683364633005112,0.0284846723079681,-0.715967237949371,0.697552263736725
100.680227994919,1,-0.488493502140045,-0.527310073375702,0.139375820755959,-0.000367990782251582,0.0286728907376528,-0.715742409229279,0.697775483131409
100.700053453445,1,-0.488592803478241,-0.527268052101135,0.139357417821884,0.000107856045360677,0.0292968265712261,-0.715591430664062,0.697904467582703
100.729489088058,1,-0.488583415746689,-0.527310729026794,0.139375180006027,0.000605389068368822,0.0296294670552015,-0.715340197086334,0.698147654533386
100.73948097229,1,-0.488606929779053,-0.527363777160645,0.139369890093803,0.0011100172996521,0.0302941761910915,-0.715556204319,0.69789707660675
100.760494709015,1,-0.48864671587944,-0.527452349662781,0.139357447624207,0.00160368671640754,0.0311499815434217,-0.716406047344208,0.696986019611359
100.784221887589,1,-0.488692075014114,-0.527438879013062,0.139328151941299,0.00231607025489211,0.0322552919387817,-0.717490196228027,0.695817589759827
100.798446178436,1,-0.48865133523941,-0.527418613433838,0.139340609312057,0.00328081869520247,0.033153023570776,-0.718183815479279,0.695055544376373
100.819433450699,1,-0.488524526357651,-0.527524650096893,0.139394417405128,0.00448803510516882,0.0334288477897644,-0.717328011989594,0.6959188580513
100.838835477829,1,-0.488551944494247,-0.527473092079163,0.139358684420586,0.00580863794311881,0.0341105610132217,-0.71626877784729,0.696966171264648
100.859274625778,1,-0.488582879304886,-0.527342796325684,0.139348745346069,0.0071787666529417,0.0343783311545849,-0.715191602706909,0.698045551776886
100.887254238129,1,-0.488506585359573,-0.527394890785217,0.139423161745071,0.00822787452489138,0.033676739782095,-0.714156925678253,0.699126720428467
100.89911866188,1,-0.488392859697342,-0.527516543865204,0.139489844441414,0.00891879945993423,0.0325256250798702,-0.713688373565674,0.699651002883911
100.918323755264,1,-0.488374829292297,-0.527446269989014,0.139455735683441,0.00960071105509996,0.0319018512964249,-0.714698672294617,0.698638737201691
100.939450502396,1,-0.488405525684357,-0.527468264102936,0.139448463916779,0.00974705163389444,0.0312105026096106,-0.716408789157867,0.696914255619049
100.958658695221,1,-0.488422155380249,-0.527468740940094,0.139425188302994,0.00979555025696754,0.0305937565863132,-0.717115461826324,0.696213662624359
100.979378938675,1,-0.488475471735001,-0.527454495429993,0.139404356479645,0.00991955399513245,0.0300847366452217,-0.717026233673096,0.696326017379761
100.998847723007,1,-0.48847109079361,-0.527550995349884,0.139408499002457,0.0102345710620284,0.0293196514248848,-0.716094136238098,0.697312593460083
101.02903342247,1,-0.48845574259758,-0.527878820896149,0.139449506998062,0.0104184988886118,0.0282156355679035,-0.715097844600677,0.698377072811127
101.040114879608,1,-0.488577783107758,-0.527851760387421,0.139429688453674,0.0110389674082398,0.0281369909644127,-0.713964641094208,0.69952917098999
101.060487985611,1,-0.488710701465607,-0.527806580066681,0.13940717279911,0.0114345019683242,0.0280205179005861,-0.713829934597015,0.699664890766144
101.095462560654,1,-0.488710016012192,-0.527649104595184,0.139402583241463,0.0120911309495568,0.0276275146752596,-0.713647603988647,0.699855446815491
101.100087881088,1,-0.488703966140747,-0.527407348155975,0.139392331242561,0.0128872049972415,0.0270912200212479,-0.713079392910004,0.700441181659698
101.120864629745,1,-0.488678425550461,-0.52756941318512,0.13943512737751,0.0131881795823574,0.0256355460733175,-0.712608098983765,0.700969755649567
101.139798164368,1,-0.488750040531158,-0.527505040168762,0.139423787593842,0.0137713439762592,0.0249896459281445,-0.711935460567474,0.701664984226227
101.16937661171,1,-0.488742798566818,-0.527428209781647,0.13942264020443,0.014409895054996,0.024348471313715,-0.711142241954803,0.7024787068367
101.181203365326,1,-0.488699376583099,-0.527352035045624,0.139418467879295,0.0149540826678276,0.0239001326262951,-0.710636138916016,0.702994704246521
101.200319051743,1,-0.488671571016312,-0.527397394180298,0.139414116740227,0.0150768989697099,0.023663530126214,-0.710633754730225,0.703002452850342
101.225409984589,1,-0.488675087690353,-0.527416944503784,0.139410093426704,0.0147203831002116,0.0241944324225187,-0.711453795433044,0.702162027359009
101.243354797363,1,-0.48857843875885,-0.527580738067627,0.139440655708313,0.0140284644439816,0.0244703702628613,-0.712313830852509,0.701294183731079
101.26127243042,1,-0.488522380590439,-0.527619898319244,0.139426931738853,0.0132864853367209,0.0252442061901093,-0.712915599346161,0.700669407844543
101.280560493469,1,-0.488510400056839,-0.527553200721741,0.139395028352737,0.0125661548227072,0.0260716341435909,-0.713551163673401,0.700005173683167
101.310419797897,1,-0.488533645868301,-0.527561664581299,0.139404147863388,0.011804879643023,0.0262286569923162,-0.714430928230286,0.699114561080933
101.319831371307,1,-0.488545000553131,-0.527553141117096,0.139406353235245,0.011367455124855,0.0257877297699451,-0.715027809143066,0.698527812957764
101.34015583992,1,-0.488527059555054,-0.527486145496368,0.139402434229851,0.0116506963968277,0.0249019600450993,-0.71482115983963,0.698766708374023
101.378311395645,1,-0.488523244857788,-0.527554512023926,0.139363378286362,0.0120920184999704,0.0237203314900398,-0.714707016944885,0.698917090892792
101.381924390793,1,-0.48849031329155,-0.527609527111053,0.139335259795189,0.0125606618821621,0.0226944629102945,-0.714790821075439,0.698857128620148
101.40029168129,1,-0.488427817821503,-0.527619957923889,0.139346063137054,0.0126603515818715,0.0221730768680573,-0.71503072977066,0.698626697063446
101.420415878296,1,-0.488455981016159,-0.527571022510529,0.139339655637741,0.0124118719249964,0.0224441438913345,-0.715599417686462,0.698039889335632
101.447487354279,1,-0.48852077126503,-0.527436673641205,0.139325618743896,0.0121071320027113,0.0231460314244032,-0.716040015220642,0.697570323944092
101.460299491882,1,-0.488544166088104,-0.527361154556274,0.139332756400108,0.0118615375831723,0.0236907694488764,-0.716131448745728,0.697462499141693
101.480396032333,1,-0.488560229539871,-0.527304947376251,0.139311894774437,0.0120497588068247,0.0241265073418617,-0.715927302837372,0.697653830051422
101.519475698471,1,-0.488555699586868,-0.527289271354675,0.139295369386673,0.0125011960044503,0.0241731777787209,-0.715988218784332,0.697581768035889
101.521941184998,1,-0.488486915826797,-0.527377426624298,0.139314144849777,0.0131593588739634,0.0237277392297983,-0.716234087944031,0.697332441806793
101.540980100632,1,-0.48847696185112,-0.527340173721313,0.139290198683739,0.0140184611082077,0.0236395020037889,-0.716342628002167,0.69720721244812
101.561017036438,1,-0.488350570201874,-0.527561068534851,0.139336764812469,0.0146317696198821,0.0227480921894312,-0.716048955917358,0.697525858879089
101.593041181564,1,-0.488306492567062,-0.527700364589691,0.139360621571541,0.0151385655626655,0.0221957806497812,-0.715721726417542,0.697868704795837
101.600334882736,1,-0.48831832408905,-0.527619481086731,0.139334589242935,0.0157917682081461,0.0222748201340437,-0.715868234634399,0.697701334953308
101.621027708054,1,-0.48826539516449,-0.527683079242706,0.13936074078083,0.0160064306110144,0.0219178143888712,-0.717026591300964,0.69651734828949
101.644089221954,1,-0.488334387540817,-0.527477741241455,0.139340952038765,0.0162706505507231,0.0222061052918434,-0.718990802764893,0.694474220275879
101.663274288177,1,-0.488315105438232,-0.527568578720093,0.139387547969818,0.0159147661179304,0.0216645132750273,-0.721879065036774,0.691497027873993
101.681264877319,1,-0.488326489925385,-0.527651190757751,0.13937671482563,0.0156742986291647,0.0212446879595518,-0.724010229110718,0.689283847808838
101.699949502945,1,-0.488258123397827,-0.527850091457367,0.139415502548218,0.0154353193938732,0.0203201659023762,-0.725402593612671,0.68785172700882
101.721828460693,1,-0.488270938396454,-0.527826011180878,0.139402940869331,0.0155019201338291,0.0201669111847878,-0.726238787174225,0.686971843242645
101.740789890289,1,-0.488236933946609,-0.527844309806824,0.139410272240639,0.0155718354508281,0.0201365519315004,-0.726782321929932,0.68639600276947
101.761258840561,1,-0.488323003053665,-0.527509927749634,0.139353647828102,0.0160046182572842,0.0212911162525415,-0.727869629859924,0.685198128223419
101.779867887497,1,-0.488349884748459,-0.527357637882233,0.139347225427628,0.0161721464246511,0.0219054184854031,-0.729116678237915,0.683847606182098
101.800452709198,1,-0.488355815410614,-0.527418494224548,0.139380246400833,0.0161533989012241,0.0217524655163288,-0.730320692062378,0.682567000389099
101.821354627609,1,-0.488375574350357,-0.527336657047272,0.139367759227753,0.0163499619811773,0.0217378437519073,-0.730812013149261,0.682036578655243
101.840454101562,1,-0.48840120434761,-0.527287483215332,0.139354735612869,0.0163578931242228,0.0214912220835686,-0.730888545513153,0.681962311267853
101.859968900681,1,-0.488384038209915,-0.527330100536346,0.139359459280968,0.0160924959927797,0.0208896584808826,-0.730937838554382,0.681934475898743
101.892856359482,1,-0.48831707239151,-0.527373433113098,0.139381989836693,0.0157819613814354,0.0202147793024778,-0.731264352798462,0.681611895561218
101.90137720108,1,-0.488259196281433,-0.527342438697815,0.139359265565872,0.0158272664994001,0.0197539087384939,-0.7314373254776,0.681438684463501
101.919104337692,1,-0.488192915916443,-0.52746307849884,0.139390513300896,0.0157147534191608,0.0189823191612959,-0.731967866420746,0.680893421173096
101.940846204758,1,-0.488184779882431,-0.527438521385193,0.139334112405777,0.0160300545394421,0.0187633037567139,-0.732656061649323,0.680151581764221
101.958420276642,1,-0.488203942775726,-0.527434110641479,0.139271557331085,0.0164299756288528,0.0184813924133778,-0.733334600925446,0.679418087005615
101.980501174927,1,-0.488247901201248,-0.527418196201324,0.139230996370316,0.0167723949998617,0.0183254610747099,-0.73395186662674,0.678747117519379
102.000313282013,1,-0.488272875547409,-0.527421414852142,0.139194518327713,0.0171793587505817,0.0180878266692162,-0.734687447547913,0.677947044372559
102.025803089142,1,-0.48831307888031,-0.527425229549408,0.139173492789268,0.0175248365849257,0.0177686922252178,-0.735406279563904,0.677166759967804
102.039459228516,1,-0.488457649946213,-0.527247190475464,0.139126852154732,0.0180811546742916,0.0181026551872492,-0.736299633979797,0.676171779632568
102.058827161789,1,-0.488591015338898,-0.527097165584564,0.139090776443481,0.0186265539377928,0.0183432158082724,-0.737056732177734,0.675325036048889
102.079813241959,1,-0.488632917404175,-0.527124166488647,0.13910448551178,0.0189171154052019,0.0181055329740047,-0.737665176391602,0.674658715724945
102.098823308945,1,-0.488621026277542,-0.527105152606964,0.139076218008995,0.0192520897835493,0.0180945359170437,-0.738061010837555,0.674216508865356
102.131241321564,1,-0.488542437553406,-0.527002453804016,0.139062970876694,0.0196614004671574,0.018083805218339,-0.737918674945831,0.674360811710358
102.138502120972,1,-0.488479912281036,-0.526962339878082,0.139073133468628,0.0199895892292261,0.017822127789259,-0.737904250621796,0.674373865127563
102.159159421921,1,-0.488371282815933,-0.526925325393677,0.139078393578529,0.0204265974462032,0.017320254817605,-0.738395512104034,0.673835933208466
102.185164451599,1,-0.488358646631241,-0.527037143707275,0.139048099517822,0.0205853115767241,0.0166898779571056,-0.739772737026215,0.672334790229797
102.200042963028,1,-0.488507300615311,-0.527156412601471,0.139017477631569,0.0205146986991167,0.0160543713718653,-0.741650104522705,0.670280992984772
102.219482421875,1,-0.488543421030045,-0.52725887298584,0.139029487967491,0.0206964313983917,0.0147391697391868,-0.742866158485413,0.668957650661469
102.242477178574,1,-0.488595247268677,-0.526995122432709,0.139026507735252,0.0215236190706491,0.0138772632926702,-0.743131935596466,0.668654799461365
102.259862184525,1,-0.48848968744278,-0.527052819728851,0.13909175992012,0.021880391985178,0.0122092431411147,-0.742997407913208,0.668825209140778
102.279711008072,1,-0.488439947366714,-0.527099967002869,0.139091864228249,0.0221070125699043,0.0110471649095416,-0.742973506450653,0.66886442899704
102.305660009384,1,-0.488338649272919,-0.527295887470245,0.139118030667305,0.0218188408762217,0.0101167755201459,-0.743320643901825,0.668502807617188
102.319723129272,1,-0.488268256187439,-0.527296662330627,0.139145478606224,0.0212962869554758,0.00986699108034372,-0.743867099285126,0.667915284633636
102.354360103607,1,-0.488281399011612,-0.527225136756897,0.139046117663383,0.0204555727541447,0.0107941310852766,-0.744852483272552,0.666828155517578
102.361262798309,1,-0.488095253705978,-0.527512490749359,0.139131963253021,0.019047025591135,0.0104987071827054,-0.746102869510651,0.665475487709045
102.379552364349,1,-0.487967252731323,-0.527778029441833,0.139318272471428,0.0174776688218117,0.00969295017421246,-0.748190224170685,0.663183212280273
102.399547815323,1,-0.487993270158768,-0.527253866195679,0.139188453555107,0.0174720678478479,0.0110450023785233,-0.749772548675537,0.661372780799866
102.427752017975,1,-0.487795531749725,-0.527186870574951,0.139159187674522,0.0172064490616322,0.0104752136394382,-0.750515162944794,0.660546243190765
102.439583539963,1,-0.487710475921631,-0.527149260044098,0.139140412211418,0.0169739164412022,0.00944195874035358,-0.750773906707764,0.660273551940918
102.459354162216,1,-0.487597525119781,-0.527435004711151,0.139242023229599,0.016137944534421,0.0071872198022902,-0.750217497348785,0.660955131053925
102.48358297348,1,-0.487568914890289,-0.52774053812027,0.139258161187172,0.0151130314916372,0.00525875575840473,-0.749665260314941,0.661623775959015
102.500244855881,1,-0.487737059593201,-0.527819871902466,0.139223784208298,0.0138408234342933,0.00459506176412106,-0.74987530708313,0.661418497562408
102.519863605499,1,-0.48799192905426,-0.527548432350159,0.139175996184349,0.0123634748160839,0.00529649620875716,-0.751412272453308,0.659695863723755
102.545388698578,1,-0.487985044717789,-0.527114629745483,0.138951390981674,0.0117468275129795,0.00657779909670353,-0.752821564674377,0.658087015151978
102.561160564423,1,-0.487874299287796,-0.52693510055542,0.138924524188042,0.0106535311788321,0.00659437710419297,-0.754162907600403,0.656567931175232
102.580436944962,1,-0.48787134885788,-0.527166783809662,0.139046311378479,0.00889460276812315,0.00600179238244891,-0.755541622638702,0.655012726783752
102.608991384506,1,-0.487859576940536,-0.527337253093719,0.139054998755455,0.00786022190004587,0.00571067119017243,-0.756370186805725,0.654071688652039
102.620361089706,1,-0.48796945810318,-0.527223467826843,0.139049082994461,0.00707289297133684,0.00636869063600898,-0.756747305393219,0.653638243675232
102.639836072922,1,-0.487912803888321,-0.527665615081787,0.139135554432869,0.00531571405008435,0.00580050563439727,-0.757015824317932,0.653349220752716
102.672564029694,1,-0.487804412841797,-0.527466893196106,0.139102146029472,0.00428201677277684,0.00669929711148143,-0.757972180843353,0.652238368988037
102.683234214783,1,-0.487705886363983,-0.527220070362091,0.138973042368889,0.00324676977470517,0.00741035491228104,-0.759498417377472,0.650458872318268
102.699762105942,1,-0.487688571214676,-0.526953637599945,0.13885872066021,0.00228949193842709,0.00780863780528307,-0.760292589664459,0.649529874324799
102.737460136414,1,-0.487696349620819,-0.526805460453033,0.138812631368637,0.0013355667470023,0.00725670158863068,-0.760216534137726,0.649627923965454
102.741307497025,1,-0.487712144851685,-0.526554882526398,0.138717442750931,0.00119358021765947,0.00640804506838322,-0.759275019168854,0.650737226009369
102.760340213776,1,-0.487753748893738,-0.526641070842743,0.138710662722588,0.000786536023952067,0.00406213523820043,-0.757344782352448,0.653002142906189
102.77939581871,1,-0.488310277462006,-0.526680171489716,0.138611629605293,9.66924635577016e-05,0.00191918318159878,-0.754996716976166,0.6557257771492
102.807618379593,1,-0.488313168287277,-0.52678394317627,0.138667106628418,-0.000145855796290562,-0.00135743629653007,-0.752330899238586,0.658784031867981
102.819343566895,1,-0.488177061080933,-0.527130901813507,0.138836592435837,-0.000825084105599672,-0.00544004561379552,-0.749915480613708,0.661510825157166
102.840181112289,1,-0.488120079040527,-0.527147769927979,0.138888880610466,-0.00138605129905045,-0.00819770619273186,-0.748548030853271,0.663028538227081
102.875277519226,1,-0.488096415996552,-0.526756107807159,0.138802766799927,-0.00166578975040466,-0.00920734461396933,-0.747586786746979,0.664098262786865
102.880915403366,1,-0.488154113292694,-0.526679694652557,0.138753369450569,-0.00272595230489969,-0.0099619310349226,-0.747758567333221,0.663890361785889
102.90136384964,1,-0.487958401441574,-0.526679396629333,0.13874851167202,-0.00367315812036395,-0.0108823897317052,-0.748241424560547,0.663327217102051
102.920201063156,1,-0.487758457660675,-0.526853561401367,0.138783261179924,-0.00489215226843953,-0.0118351243436337,-0.7491255402565,0.662304222583771
102.945989608765,1,-0.487829983234406,-0.526936829090118,0.138806253671646,-0.00635868310928345,-0.01208680216223,-0.750623881816864,0.660588562488556
102.959865570068,1,-0.487936466932297,-0.526999473571777,0.138776555657387,-0.00747835403308272,-0.0118762068450451,-0.752332270145416,0.658634424209595
102.980533123016,1,-0.488013416528702,-0.526943325996399,0.138680517673492,-0.00799660384654999,-0.0112844398245215,-0.75351870059967,0.657281041145325
103.014144420624,1,-0.487979024648666,-0.526911497116089,0.138623774051666,-0.0080880718305707,-0.0111447731032968,-0.753975629806519,0.656758069992065
103.020456790924,1,-0.488102734088898,-0.526668787002563,0.138536438345909,-0.00817981921136379,-0.0105540044605732,-0.754256427288055,0.656444191932678
103.040755987167,1,-0.488195329904556,-0.526402294635773,0.138421088457108,-0.00830741133540869,-0.010026678442955,-0.754267334938049,0.65643835067749
103.060425043106,1,-0.488096565008163,-0.526348829269409,0.138408094644547,-0.00862496253103018,-0.0103141162544489,-0.754033863544464,0.656697928905487
103.085415840149,1,-0.488004058599472,-0.526363611221313,0.138378962874413,-0.00899386592209339,-0.0107612162828445,-0.754418015480042,0.656244397163391
103.100152730942,1,-0.488086044788361,-0.526105761528015,0.138309687376022,-0.00906756334006786,-0.0105535797774792,-0.754734456539154,0.655882835388184
103.119887590408,1,-0.488148778676987,-0.526102244853973,0.138255670666695,-0.00931943394243717,-0.0108675770461559,-0.75477010011673,0.655833184719086
103.141188144684,1,-0.488111734390259,-0.52620130777359,0.13825611770153,-0.00970930606126785,-0.0114965494722128,-0.754504203796387,0.656122744083405
103.161068916321,1,-0.488188892602921,-0.526136219501495,0.138204306364059,-0.0102405566722155,-0.0115698166191578,-0.754388034343719,0.656246840953827
103.180994749069,1,-0.488286674022675,-0.526025772094727,0.138225600123405,-0.0108835762366652,-0.011643442325294,-0.754627346992493,0.655960142612457
103.200308322906,1,-0.488204479217529,-0.526148498058319,0.1382767111063,-0.0115724615752697,-0.0120513997972012,-0.755342900753021,0.655116736888885
103.230427265167,1,-0.487789958715439,-0.52651184797287,0.138448610901833,-0.0123913390561938,-0.0133614875376225,-0.755857646465302,0.654482424259186
103.240698099136,1,-0.487725496292114,-0.526618599891663,0.138500645756721,-0.0132645629346371,-0.0136093674227595,-0.756184279918671,0.654082834720612
103.2615442276,1,-0.487692028284073,-0.52684211730957,0.138587862253189,-0.0142892561852932,-0.0140680205076933,-0.755961716175079,0.65430873632431
103.279444694519,1,-0.487587630748749,-0.527202963829041,0.138696998357773,-0.0154880229383707,-0.0151427173987031,-0.755957841873169,0.654261946678162
103.30740571022,1,-0.487523049116135,-0.527467787265778,0.138853818178177,-0.0166903045028448,-0.0161620527505875,-0.756704390048981,0.653344213962555
103.320385932922,1,-0.487676382064819,-0.527375400066376,0.138879552483559,-0.0175199825316668,-0.0159862525761127,-0.757663786411285,0.652213990688324
103.341844320297,1,-0.487631380558014,-0.527382791042328,0.13887956738472,-0.0179635155946016,-0.0158652011305094,-0.758188903331757,0.651594460010529
103.380941390991,1,-0.487393856048584,-0.527158200740814,0.138740941882133,-0.0175941716879606,-0.0152728101238608,-0.758340358734131,0.651442289352417
103.400464773178,1,-0.487758159637451,-0.527281880378723,0.138755664229393,-0.0188915599137545,-0.0144094312563539,-0.757975041866302,0.651850759983063
103.420382022858,1,-0.487610667943954,-0.527136743068695,0.138605743646622,-0.0185898896306753,-0.0131781827658415,-0.758075356483459,0.651768743991852
103.451418161392,1,-0.487730801105499,-0.526562392711639,0.138493090867996,-0.0179728325456381,-0.0112522849813104,-0.758425116539001,0.651415288448334
103.461821079254,1,-0.487928301095963,-0.526643872261047,0.138465762138367,-0.0183153729885817,-0.0100954668596387,-0.759284615516663,0.650422632694244
103.480491399765,1,-0.487720936536789,-0.526661217212677,0.138293787837029,-0.0180724039673805,-0.00848827604204416,-0.760158181190491,0.649431169033051
103.504827976227,1,-0.487668812274933,-0.526337146759033,0.138221517205238,-0.0180705487728119,-0.00688216648995876,-0.761490046977997,0.64788818359375
103.525416612625,1,-0.488182693719864,-0.526377022266388,0.138203531503677,-0.019811624661088,-0.00455105071887374,-0.764136373996735,0.644734382629395
103.541744470596,1,-0.487819015979767,-0.526942372322083,0.138432025909424,-0.0215932130813599,-0.00463155889883637,-0.766060888767242,0.642388582229614
103.560335636139,1,-0.487549722194672,-0.526606321334839,0.138404160737991,-0.0219786949455738,-0.00331786414608359,-0.76719069480896,0.641033828258514
103.597176790237,1,-0.48793762922287,-0.526491045951843,0.138327538967133,-0.0232561621814966,-0.00122791051398963,-0.76813417673111,0.639865219593048
103.601127386093,1,-0.487629979848862,-0.526694476604462,0.138285636901855,-0.0236081294715405,-0.0013372409157455,-0.767328381538391,0.640818357467651
103.620117425919,1,-0.487439334392548,-0.52664589881897,0.138300523161888,-0.0234289783984423,-0.0017253466648981,-0.765439987182617,0.64307826757431
103.641174077988,1,-0.487668216228485,-0.526322603225708,0.138349011540413,-0.022993128746748,-0.00201345607638359,-0.762910902500153,0.646091520786285
103.671289920807,1,-0.488114207983017,-0.526295959949493,0.138223215937614,-0.0224158223718405,-0.00168908014893532,-0.761072933673859,0.648276686668396
103.679985046387,1,-0.488073348999023,-0.526498973369598,0.138140231370926,-0.0212862119078636,-0.00216677249409258,-0.758901596069336,0.650853753089905
103.700183868408,1,-0.488060474395752,-0.526748895645142,0.138236552476883,-0.0205223131924868,-0.00253772386349738,-0.757476091384888,0.652535378932953
103.7203104496,1,-0.487932741641998,-0.526230931282043,0.13822640478611,-0.0185061544179916,-0.00145447417162359,-0.754997551441193,0.655464887619019
103.74604845047,1,-0.487945199012756,-0.526089191436768,0.138300895690918,-0.0169896744191647,-0.000481098279124126,-0.752772927284241,0.658060848712921
103.760498285294,1,-0.488128155469894,-0.526172995567322,0.138358101248741,-0.0158793777227402,0.000456406123703346,-0.750900566577911,0.660224318504333
103.780130386353,1,-0.488219738006592,-0.526380896568298,0.138408377766609,-0.0146629763767123,0.00146876508370042,-0.749356329441071,0.662002980709076
103.801869869232,1,-0.488154351711273,-0.526550531387329,0.138490617275238,-0.0136937461793423,0.00220392132177949,-0.748900353908539,0.662537574768066
103.821341753006,1,-0.487953156232834,-0.52701997756958,0.138582184910774,-0.013200213201344,0.00274570100009441,-0.749356031417847,0.662030100822449
103.841670513153,1,-0.487985014915466,-0.527094423770905,0.138581112027168,-0.0125641105696559,0.00455245515331626,-0.749308586120605,0.662086129188538
103.860625743866,1,-0.487998902797699,-0.526929974555969,0.138606280088425,-0.0117709338665009,0.00636824732646346,-0.748993575572968,0.662442088127136
103.892693042755,1,-0.488190412521362,-0.526989698410034,0.138742908835411,-0.0120159108191729,0.00747679639607668,-0.749664664268494,0.661666512489319
103.904102802277,1,-0.488669246435165,-0.527172446250916,0.138947263360023,-0.0127561204135418,0.00820539612323046,-0.750787854194641,0.660369336605072
103.920102834702,1,-0.488329142332077,-0.526296436786652,0.138439282774925,-0.00946575123816729,0.0121113620698452,-0.747248649597168,0.664366781711578
103.94092297554,1,-0.488404870033264,-0.526412904262543,0.138490259647369,-0.00898271519690752,0.0125098098069429,-0.746195733547211,0.665548503398895
103.969077587128,1,-0.488108843564987,-0.526992678642273,0.138603523373604,-0.00875245314091444,0.0109832864254713,-0.745179891586304,0.666715621948242
103.980127573013,1,-0.487758487462997,-0.527542769908905,0.138757646083832,-0.00862407870590687,0.00905159115791321,-0.744201302528381,0.667838394641876
104.001344442368,1,-0.488253444433212,-0.526712656021118,0.138373076915741,-0.00746888667345047,0.0116751985624433,-0.743806719779968,0.668251037597656
104.039242744446,1,-0.487942218780518,-0.526703119277954,0.138563632965088,-0.00699564209207892,0.0098048010841012,-0.741954147815704,0.67034250497818
104.042001247406,1,-0.488524854183197,-0.5262411236763,0.1385567933321,-0.00644687283784151,0.0100883543491364,-0.740619480609894,0.671818137168884
104.060525178909,1,-0.488674700260162,-0.526403248310089,0.138531744480133,-0.00581554789096117,0.00890071410685778,-0.738354980945587,0.674328505992889
104.079612255096,1,-0.488217920064926,-0.526977717876434,0.138518735766411,-0.00462416373193264,0.00717778317630291,-0.733984708786011,0.679112315177917
104.112399339676,1,-0.488094925880432,-0.52638190984726,0.138421192765236,-0.00238247681409121,0.00757302111014724,-0.730639040470123,0.682717800140381
104.121054887772,1,-0.489090710878372,-0.526018679141998,0.138334885239601,-0.00181430869270116,0.00912420358508825,-0.728626787662506,0.684847831726074
104.140936136246,1,-0.488686084747314,-0.52674126625061,0.138539746403694,-0.000914313655812293,0.00596351874992251,-0.72428822517395,0.689471006393433
104.180168628693,1,-0.488351225852966,-0.527031481266022,0.138645708560944,0.000508998695295304,0.00427280133590102,-0.719920754432678,0.694043040275574
104.183136940002,1,-0.488398790359497,-0.52671480178833,0.138698637485504,0.00230130995623767,0.00390505162067711,-0.715485870838165,0.698612451553345
104.201623439789,1,-0.488836079835892,-0.52631002664566,0.138472363352776,0.00459403172135353,0.00506483297795057,-0.711435317993164,0.702718377113342
104.220361948013,1,-0.488568097352982,-0.526989579200745,0.138594642281532,0.00563256535679102,0.00281821354292333,-0.709307432174683,0.70487117767334
104.253046989441,1,-0.488233625888824,-0.52720844745636,0.138770654797554,0.00665498105809093,0.00153309863526374,-0.708119571208954,0.706059575080872
104.265198469162,1,-0.488453567028046,-0.527171432971954,0.138862952589989,0.00679568201303482,0.00161292287521064,-0.707168161869049,0.707010865211487
104.279456615448,1,-0.488812804222107,-0.526886582374573,0.138778015971184,0.00714524881914258,0.0021065806504339,-0.705669701099396,0.708501875400543
104.300758361816,1,-0.48871511220932,-0.5269975066185,0.138699427247047,0.00717909168452024,0.00150782347191125,-0.703163027763367,0.710990905761719
104.328996181488,1,-0.488673657178879,-0.52632087469101,0.138563647866249,0.00788082554936409,0.00179726863279939,-0.700217664241791,0.713883697986603
104.340646505356,1,-0.489022225141525,-0.525933146476746,0.138419643044472,0.00764113711193204,0.00247150054201484,-0.697981417179108,0.716070830821991
104.36049413681,1,-0.488767355680466,-0.526442229747772,0.138428121805191,0.00689518125727773,0.00134289334528148,-0.696283519268036,0.717732489109039
104.397840738297,1,-0.488798171281815,-0.525983572006226,0.138333648443222,0.00704483408480883,0.00199058721773326,-0.695105016231537,0.718870997428894
104.402244329453,1,-0.48906683921814,-0.526124954223633,0.138371348381042,0.00637559173628688,0.00244477996602654,-0.695360004901886,0.71862918138504
104.420486688614,1,-0.488627910614014,-0.526220381259918,0.13838529586792,0.00721319951117039,0.002510309452191,-0.694590508937836,0.719364821910858
104.440337896347,1,-0.488934904336929,-0.526070952415466,0.138528048992157,0.00725094228982925,0.00355236022733152,-0.694087266921997,0.719845652580261
104.477322816849,1,-0.488624215126038,-0.527041912078857,0.138601407408714,0.00775195937603712,0.00211281795054674,-0.692876040935516,0.721012055873871
104.481677055359,1,-0.488303989171982,-0.527009785175323,0.138767465949059,0.00968531798571348,0.00204430310986936,-0.690743386745453,0.723032295703888
104.500454187393,1,-0.489135056734085,-0.526663064956665,0.138602361083031,0.011141843162477,0.00476010516285896,-0.689574658870697,0.724113345146179
104.519776821136,1,-0.488635927438736,-0.526749432086945,0.1386808604002,0.0133724361658096,0.00392874050885439,-0.688082635402679,0.72549843788147
104.553311347961,1,-0.488990038633347,-0.526445508003235,0.138748183846474,0.0137493992224336,0.00471264496445656,-0.687861680984497,0.725696265697479
104.56464266777,1,-0.488757282495499,-0.527055978775024,0.138609603047371,0.013949066400528,0.00407108850777149,-0.688128769397736,0.725443065166473
104.580426931381,1,-0.488617271184921,-0.526893079280853,0.138712629675865,0.0132689224556088,0.00456499634310603,-0.688094794750214,0.725485146045685
104.601273775101,1,-0.488853424787521,-0.527402222156525,0.138752311468124,0.0112916762009263,0.00521180685609579,-0.689271152019501,0.724396765232086
104.624581098557,1,-0.488484531641006,-0.5268674492836,0.138685017824173,0.0118913948535919,0.00732667418196797,-0.689869940280914,0.723798632621765
104.641538381577,1,-0.488995134830475,-0.526487588882446,0.138551622629166,0.011492932215333,0.0101131247356534,-0.691274106502533,0.722430527210236
104.660504102707,1,-0.488576471805573,-0.527203619480133,0.138643637299538,0.011034551076591,0.00948075111955404,-0.691964149475098,0.721785306930542
104.695148706436,1,-0.488982915878296,-0.52702808380127,0.138697236776352,0.0110675878822803,0.0104801189154387,-0.692202150821686,0.721542716026306
104.704986572266,1,-0.488621085882187,-0.527476251125336,0.138765960931778,0.0117590688169003,0.00950567796826363,-0.691968858242035,0.721768975257874
104.720447063446,1,-0.488644182682037,-0.526901364326477,0.138784542679787,0.0129368510097265,0.0107471868395805,-0.691923856735229,0.721774637699127
104.740376472473,1,-0.488719165325165,-0.527386724948883,0.138683572411537,0.0125571042299271,0.0112803056836128,-0.692418098449707,0.72129899263382
104.772027015686,1,-0.488853245973587,-0.52702784538269,0.138715997338295,0.0125195244327188,0.0123239886015654,-0.692594647407532,0.721113085746765
104.780896663666,1,-0.488980531692505,-0.527410209178925,0.138679087162018,0.0119347106665373,0.0123428804799914,-0.693040072917938,0.720694661140442
104.800394058228,1,-0.488662898540497,-0.52681827545166,0.13860110938549,0.0129095632582903,0.0125258592888713,-0.691667497158051,0.721992135047913
104.820400476456,1,-0.488732814788818,-0.527466952800751,0.138627171516418,0.0116966161876917,0.011647155508399,-0.69091409444809,0.722748517990112
104.847925901413,1,-0.48872047662735,-0.527127861976624,0.13868710398674,0.0117906238883734,0.0117170531302691,-0.689882159233093,0.723730802536011
104.860413312912,1,-0.488869071006775,-0.527093350887299,0.138492271304131,0.0120177054777741,0.0119795706123114,-0.690038204193115,0.723574101924896
104.881909370422,1,-0.488458037376404,-0.527101039886475,0.138679891824722,0.0118376687169075,0.0110965333878994,-0.689792692661285,0.723825097084045
104.918828964233,1,-0.488859236240387,-0.527464389801025,0.138681933283806,0.0105553949251771,0.0113599225878716,-0.690500140190125,0.723166048526764
104.922184944153,1,-0.488538384437561,-0.526955425739288,0.138624757528305,0.0119471065700054,0.0115345008671284,-0.690408945083618,0.723228693008423
104.940400838852,1,-0.488892912864685,-0.527009546756744,0.138520121574402,0.011637139134109,0.0123011823743582,-0.690568089485168,0.723069131374359
104.960248708725,1,-0.488421529531479,-0.52711421251297,0.138712495565414,0.0118477316573262,0.0113353645429015,-0.689893126487732,0.723725557327271
104.992480039597,1,-0.488814353942871,-0.527289867401123,0.138620972633362,0.0114325769245625,0.0118094384670258,-0.690104722976685,0.723522841930389
105.00316119194,1,-0.488558739423752,-0.526825189590454,0.138569667935371,0.0128644462674856,0.0116280457004905,-0.689480721950531,0.724096536636353
105.02029800415,1,-0.488964021205902,-0.52696418762207,0.138406962156296,0.0125530073419213,0.0118203982710838,-0.688864946365356,0.724684655666351
105.045359134674,1,-0.488498121500015,-0.526735842227936,0.138525113463402,0.0134014068171382,0.0103643070906401,-0.68779718875885,0.725705206394196
105.067130804062,1,-0.488856762647629,-0.527226865291595,0.138502568006516,0.0126094846054912,0.00966003257781267,-0.687632918357849,0.725884735584259
105.080645561218,1,-0.488740384578705,-0.526778936386108,0.138574242591858,0.0135347349569201,0.00942000187933445,-0.686224281787872,0.727203071117401
105.100393295288,1,-0.488704413175583,-0.527007937431335,0.138455435633659,0.0138286557048559,0.00931633729487658,-0.686131656169891,0.727286279201508
105.141141891479,1,-0.488410204648972,-0.526574313640594,0.138574004173279,0.0146854920312762,0.00926389172673225,-0.685872733592987,0.727514386177063
105.144177436829,1,-0.488556087017059,-0.526909828186035,0.138426661491394,0.0142458165064454,0.00982179399579763,-0.686226785182953,0.727181792259216
105.161192655563,1,-0.488558262586594,-0.526432812213898,0.138563692569733,0.014411885291338,0.0103172305971384,-0.686142802238464,0.727250933647156
105.180308580399,1,-0.488302499055862,-0.526752352714539,0.138416662812233,0.0145804258063436,0.0108230421319604,-0.687257587909698,0.726186811923981
105.200372457504,1,-0.488542348146439,-0.526390373706818,0.138428494334221,0.0143198147416115,0.0123316086828709,-0.687531471252441,0.725908637046814
105.228262901306,1,-0.488125741481781,-0.526959002017975,0.138413935899734,0.0143140628933907,0.0115076145157218,-0.687979757785797,0.725497543811798
105.239809274673,1,-0.48885253071785,-0.526507019996643,0.138368353247643,0.0136220399290323,0.0132141970098019,-0.688395321369171,0.725087463855743
105.260547637939,1,-0.488341927528381,-0.527029097080231,0.138582915067673,0.0132689522579312,0.0115405432879925,-0.689171135425568,0.724385261535645
105.284138441086,1,-0.488855272531509,-0.527114689350128,0.138479024171829,0.0129966400563717,0.0118563920259476,-0.689640998840332,0.723937809467316
105.306452512741,1,-0.488703161478043,-0.526121497154236,0.138362780213356,0.0150550454854965,0.0127030787989497,-0.688871502876282,0.724615871906281
105.319884061813,1,-0.48845449090004,-0.526643037796021,0.138378202915192,0.0146167194470763,0.0115186804905534,-0.688752889633179,0.724757254123688
105.340060472488,1,-0.488617777824402,-0.526484370231628,0.138494536280632,0.0140200266614556,0.0117764072492719,-0.688567459583282,0.72494113445282
105.371454954147,1,-0.488253563642502,-0.526727557182312,0.138388007879257,0.0146352266892791,0.0113879926502705,-0.68908166885376,0.724446415901184
105.381020069122,1,-0.488893270492554,-0.526665270328522,0.138368591666222,0.0137021923437715,0.0124180512502789,-0.689744770526886,0.723816394805908
105.400191545486,1,-0.488639771938324,-0.526714324951172,0.138441875576973,0.0135795241221786,0.0121521297842264,-0.689748585224152,0.723819673061371
105.439375162125,1,-0.488707810640335,-0.527230799198151,0.138407126069069,0.013121752999723,0.0113268094137311,-0.689881265163422,0.723715007305145
105.440994977951,1,-0.488690972328186,-0.526356279850006,0.13829343020916,0.0145938452333212,0.0126131195574999,-0.689268946647644,0.724248826503754
105.460013151169,1,-0.488223612308502,-0.526624619960785,0.138358354568481,0.0147617571055889,0.0121884439140558,-0.690118849277496,0.723442852497101
105.480320692062,1,-0.489017456769943,-0.526986241340637,0.138485923409462,0.0125018758699298,0.0129218148067594,-0.690775275230408,0.722846031188965
105.508079528809,1,-0.488700896501541,-0.526580095291138,0.13848377764225,0.0132249826565385,0.0133138904348016,-0.690983057022095,0.722627341747284
105.520460367203,1,-0.48830047249794,-0.526997923851013,0.138288170099258,0.0135214980691671,0.012475710362196,-0.691359102725983,0.722277045249939
105.540436983109,1,-0.488810628652573,-0.527099013328552,0.138311371207237,0.0121369687840343,0.0130855953320861,-0.691299617290497,0.722347795963287
105.560444831848,1,-0.488793969154358,-0.527095854282379,0.138380482792854,0.0124379061162472,0.0135650923475623,-0.691944181919098,0.721716463565826
105.581894636154,1,-0.489027738571167,-0.526812672615051,0.138300538063049,0.0133892325684428,0.0146582154557109,-0.692195892333984,0.721436560153961
105.599917173386,1,-0.488492548465729,-0.526003241539001,0.138302356004715,0.0159876886755228,0.015375854447484,-0.691610038280487,0.721930503845215
105.620217323303,1,-0.488560914993286,-0.526217043399811,0.138176634907722,0.0160173270851374,0.0160703640431166,-0.69203770160675,0.721504688262939
105.647780179977,1,-0.489309877157211,-0.526341199874878,0.138249650597572,0.0144613878801465,0.0167256742715836,-0.691899657249451,0.721655130386353
105.660107135773,1,-0.488699078559875,-0.526118814945221,0.138170793652534,0.0158244948834181,0.0160562880337238,-0.69233512878418,0.721223890781403
105.680921316147,1,-0.488535523414612,-0.526762545108795,0.13799674808979,0.0151773355901241,0.0151875736191869,-0.692967593669891,0.720648944377899
105.699399471283,1,-0.489133566617966,-0.526848495006561,0.138118550181389,0.0135226091369987,0.0157221164554358,-0.693282067775726,0.720367908477783
105.724097967148,1,-0.488902419805527,-0.526807308197021,0.13811482489109,0.0136062558740377,0.0159456431865692,-0.693466424942017,0.720183968544006
105.745162010193,1,-0.48876166343689,-0.526903331279755,0.137948736548424,0.0140169747173786,0.0157139096409082,-0.693151593208313,0.72048419713974
105.759669780731,1,-0.48908269405365,-0.526548862457275,0.138079077005386,0.0135459117591381,0.0168220400810242,-0.693416833877563,0.720212936401367
105.790743350983,1,-0.488716185092926,-0.526461541652679,0.138251706957817,0.0136030139401555,0.0170550998300314,-0.694239914417267,0.719412982463837
105.799993991852,1,-0.488885045051575,-0.526373147964478,0.138062357902527,0.0139625733718276,0.0174885615706444,-0.694443702697754,0.719198942184448
105.820617198944,1,-0.488978981971741,-0.52590274810791,0.138054117560387,0.0144362049177289,0.0181019622832537,-0.693144142627716,0.720427095890045
105.841114759445,1,-0.488862961530685,-0.526395499706268,0.138218998908997,0.0135530112311244,0.0174343176186085,-0.692460060119629,0.721118271350861
105.859398365021,1,-0.488902777433395,-0.526477038860321,0.1380415558815,0.0140432110056281,0.016981590539217,-0.691751062870026,0.721799850463867
105.880064487457,1,-0.488938421010971,-0.52626359462738,0.138065308332443,0.014043984003365,0.0171475820243359,-0.691702306270599,0.721842586994171
105.900674343109,1,-0.488924890756607,-0.526457607746124,0.138157695531845,0.0135011719539762,0.0178409144282341,-0.692232251167297,0.721327900886536
105.932077646255,1,-0.488894641399384,-0.52642548084259,0.137997850775719,0.0142383677884936,0.0175891499966383,-0.691602766513824,0.721923530101776
105.942403316498,1,-0.488953530788422,-0.526098787784576,0.138053521513939,0.0146101834252477,0.0177892539650202,-0.690285861492157,0.723170518875122
105.959381580353,1,-0.488836646080017,-0.52639764547348,0.13815701007843,0.0141955688595772,0.0175068583339453,-0.689569890499115,0.723868370056152
105.981367588043,1,-0.488761305809021,-0.526378452777863,0.137938171625137,0.0147377448156476,0.0172004476189613,-0.689210951328278,0.724206626415253
106.003626585007,1,-0.489025682210922,-0.526332080364227,0.137990012764931,0.0138589339330792,0.0179934836924076,-0.690913617610931,0.722580552101135
106.020015239716,1,-0.488777756690979,-0.526262283325195,0.138104766607285,0.0136628057807684,0.0190113130956888,-0.692949771881104,0.720605611801147
106.040473937988,1,-0.488383322954178,-0.526885092258453,0.13791711628437,0.0132561763748527,0.0174146350473166,-0.693694591522217,0.719936728477478
106.070883989334,1,-0.489211201667786,-0.526463031768799,0.138001412153244,0.0119674457237124,0.0197685621678829,-0.694040536880493,0.719564974308014
106.080262184143,1,-0.488534033298492,-0.526283264160156,0.138015374541283,0.0132520981132984,0.0193317141383886,-0.693920969963074,0.71966964006424
106.10122179985,1,-0.488444834947586,-0.526603221893311,0.137790963053703,0.0129122408106923,0.0189466923475266,-0.694293320178986,0.719326853752136
106.13910150528,1,-0.489217311143875,-0.526411175727844,0.137972518801689,0.0114047629758716,0.0200821347534657,-0.694903492927551,0.718732178211212
106.141827106476,1,-0.488351911306381,-0.525934457778931,0.137800395488739,0.0142079005017877,0.0194681193679571,-0.693909227848053,0.719659149646759
106.159308195114,1,-0.48848482966423,-0.526775240898132,0.13780315220356,0.0127475783228874,0.0182066466659307,-0.693781852722168,0.719842255115509
106.179832696915,1,-0.489279329776764,-0.526559352874756,0.137960061430931,0.0114222262054682,0.0190974902361631,-0.693950831890106,0.719678461551666
106.210063934326,1,-0.488482385873795,-0.526083767414093,0.137750029563904,0.0135267106816173,0.0187907051295042,-0.69351327419281,0.720071792602539
106.220234394073,1,-0.4886215031147,-0.526606678962708,0.137744605541229,0.0123429503291845,0.018552627414465,-0.694306969642639,0.719334006309509
106.240229606628,1,-0.489129930734634,-0.526420176029205,0.137826189398766,0.0117001589387655,0.0190361440181732,-0.694171845912933,0.719462394714355
106.265354394913,1,-0.488595813512802,-0.526149690151215,0.137710779905319,0.0130208088085055,0.0187313575297594,-0.693572163581848,0.720025897026062
106.285244703293,1,-0.488695561885834,-0.526423096656799,0.137764871120453,0.0123448325321078,0.018731951713562,-0.69427078962326,0.71936422586441
106.30064868927,1,-0.488749474287033,-0.526171326637268,0.137720122933388,0.0126330191269517,0.0188244469463825,-0.694598793983459,0.719040036201477
106.320112705231,1,-0.488497912883759,-0.525931358337402,0.137680724263191,0.0128591479733586,0.018818061798811,-0.694754123687744,0.718886137008667
106.354203462601,1,-0.4886534512043,-0.526181578636169,0.137756928801537,0.0120872836560011,0.0183390378952026,-0.695275485515594,0.7184077501297
106.363502979279,1,-0.488636672496796,-0.526208877563477,0.137749075889587,0.012345994822681,0.0165289044380188,-0.694843649864197,0.718864917755127
106.38045501709,1,-0.488559067249298,-0.526276826858521,0.137806922197342,0.0121767986565828,0.0153243951499462,-0.694284737110138,0.719434320926666
106.403879404068,1,-0.488777488470078,-0.526647686958313,0.137901782989502,0.0114905815571547,0.0144720850512385,-0.694478631019592,0.719276010990143
106.423532962799,1,-0.488671272993088,-0.526620090007782,0.137810543179512,0.0122467000037432,0.0131629100069404,-0.693729162216187,0.720011532306671
106.440043210983,1,-0.48875305056572,-0.526488780975342,0.137860208749771,0.0124178286641836,0.0135338334366679,-0.694045901298523,0.719696462154388
106.460542917252,1,-0.4887914955616,-0.526651322841644,0.137875482439995,0.0127673000097275,0.0140675017610192,-0.69540399312973,0.718367874622345
106.480074644089,1,-0.488696902990341,-0.526417255401611,0.137716621160507,0.013851847499609,0.0145714450627565,-0.695776164531708,0.717977285385132
106.506194829941,1,-0.488717675209045,-0.526334345340729,0.137804225087166,0.0135231232270598,0.0154998321086168,-0.696520566940308,0.717242002487183
106.521547317505,1,-0.488756477832794,-0.526367545127869,0.137750416994095,0.0133344251662493,0.0162909384816885,-0.697447717189789,0.716326415538788
106.539808988571,1,-0.488562494516373,-0.526247799396515,0.137632787227631,0.0136400135233998,0.0157669391483068,-0.697364747524261,0.716413199901581
106.568646192551,1,-0.48870250582695,-0.526235699653625,0.137702494859695,0.012582172639668,0.0158125665038824,-0.697379410266876,0.716417193412781
106.580242395401,1,-0.488642543554306,-0.526579916477203,0.137748867273331,0.0118865352123976,0.0146315796300769,-0.697575390338898,0.71626341342926
106.600024461746,1,-0.488504499197006,-0.526447236537933,0.137578293681145,0.0124633889645338,0.0136517398059368,-0.697235465049744,0.716603875160217
106.620326519012,1,-0.488669693470001,-0.526392698287964,0.137681990861893,0.0117958001792431,0.0139216873794794,-0.6971635222435,0.716679871082306
106.641662359238,1,-0.488695025444031,-0.526536881923676,0.137701332569122,0.0115055684000254,0.0138560030609369,-0.697627067565918,0.716234743595123
106.65888261795,1,-0.488630652427673,-0.526230216026306,0.137507542967796,0.0122969830408692,0.0140505749732256,-0.697306156158447,0.716530203819275
106.688314437866,1,-0.488503128290176,-0.526228010654449,0.13763190805912,0.0120981251820922,0.0140072964131832,-0.697343170642853,0.71649843454361
106.698744535446,1,-0.488700687885284,-0.526508569717407,0.137644052505493,0.0112149864435196,0.0143017387017608,-0.697666704654694,0.716192007064819
106.719808101654,1,-0.488648951053619,-0.526363670825958,0.137551009654999,0.0115064354613423,0.0139689380303025,-0.69749516248703,0.716360986232758
106.739204883575,1,-0.488352000713348,-0.526319801807404,0.137536287307739,0.0116048399358988,0.0136665944010019,-0.697687387466431,0.716177940368652
106.75851893425,1,-0.488653779029846,-0.526808857917786,0.137537479400635,0.00997598096728325,0.0134313926100731,-0.698597192764282,0.715319573879242
106.788490772247,1,-0.488585889339447,-0.526593029499054,0.137556344270706,0.00992819014936686,0.0129066715016961,-0.699207007884979,0.714733898639679
106.799860477448,1,-0.488081395626068,-0.526329338550568,0.137373462319374,0.0110100796446204,0.0133033487945795,-0.69910055398941,0.714814841747284
106.819341897964,1,-0.488546252250671,-0.526915967464447,0.137375742197037,0.00882696080952883,0.0134551413357258,-0.699769556522369,0.714187383651733
106.840352058411,1,-0.488860785961151,-0.526604652404785,0.13751183450222,0.00802191160619259,0.0142822787165642,-0.699703991413116,0.714245140552521
106.8589220047,1,-0.488338351249695,-0.52616673707962,0.137186616659164,0.00985096953809261,0.0155752608552575,-0.699775695800781,0.714124917984009
106.879051923752,1,-0.488716214895248,-0.526643216609955,0.137190148234367,0.00832198560237885,0.0160141382366419,-0.700233638286591,0.713685631752014
106.900508403778,1,-0.489054590463638,-0.525979220867157,0.137275755405426,0.00857976451516151,0.0177700016647577,-0.699717879295349,0.714146792888641
106.919354915619,1,-0.488495230674744,-0.526059329509735,0.137056410312653,0.00969430152326822,0.0173700824379921,-0.699655890464783,0.714203059673309
106.939106941223,1,-0.488737285137177,-0.526344120502472,0.137180805206299,0.00859274715185165,0.0170110557228327,-0.699997425079346,0.71389102935791
106.962384462357,1,-0.488845705986023,-0.525769531726837,0.137137651443481,0.00907898601144552,0.0183127708733082,-0.700544357299805,0.713316082954407
106.980037212372,1,-0.488677114248276,-0.526157915592194,0.137161493301392,0.0093630887567997,0.0176925770938396,-0.700297892093658,0.713570058345795
106.999810695648,1,-0.488791584968567,-0.525741815567017,0.13718543946743,0.0101314587518573,0.0181002076715231,-0.699439764022827,0.714390575885773
107.02930855751,1,-0.488554209470749,-0.52561616897583,0.137154713273048,0.0105099063366652,0.0181376207619905,-0.698889195919037,0.714922785758972
107.039806842804,1,-0.488717555999756,-0.526161909103394,0.137138932943344,0.0094020739197731,0.0179640408605337,-0.699578821659088,0.714267790317535
107.060901165009,1,-0.488898485898972,-0.525844275951385,0.137113198637962,0.00909468997269869,0.0182837527245283,-0.699824273586273,0.714023113250732
107.091348409653,1,-0.488470047712326,-0.525680005550385,0.136955395340919,0.00984148681163788,0.0184890478849411,-0.699824750423431,0.714007437229156
107.101521015167,1,-0.48870787024498,-0.52654892206192,0.137062892317772,0.00767931342124939,0.0173131134361029,-0.700721919536591,0.713183045387268
107.119944810867,1,-0.489080607891083,-0.526180744171143,0.137101992964745,0.00733769871294498,0.0182009488344193,-0.700668752193451,0.713216781616211
107.155291795731,1,-0.488358408212662,-0.5260009765625,0.136942863464355,0.00922292098402977,0.0175707619637251,-0.700409233570099,0.713465631008148
107.164748668671,1,-0.488798528909683,-0.526407241821289,0.136993035674095,0.0078617837280035,0.01772740483284,-0.700781106948853,0.713112771511078
107.181227207184,1,-0.489115506410599,-0.52615612745285,0.137073308229446,0.00764335924759507,0.0182190146297216,-0.700529038906097,0.713350415229797
107.199405431747,1,-0.488400310277939,-0.525843799114227,0.136904537677765,0.00985082518309355,0.0181178394705057,-0.700209617614746,0.713639497756958
107.22652888298,1,-0.488821625709534,-0.526188790798187,0.136944323778152,0.00852801185101271,0.0184916220605373,-0.700965523719788,0.712904393672943
107.240007400513,1,-0.488988280296326,-0.525974929332733,0.137011826038361,0.0082535482943058,0.0186057295650244,-0.700416564941406,0.713443994522095
107.2611784935,1,-0.488462030887604,-0.525849759578705,0.136963650584221,0.00928183365613222,0.0184403657913208,-0.700419664382935,0.713432669639587
107.297369241714,1,-0.48888087272644,-0.526298224925995,0.137000888586044,0.00799607951194048,0.0182230342179537,-0.700976610183716,0.712906658649445
107.301164150238,1,-0.488563030958176,-0.525956928730011,0.136730670928955,0.00924924295395613,0.0176155902445316,-0.699790358543396,0.714071154594421
107.319391489029,1,-0.488835871219635,-0.526121973991394,0.137046903371811,0.00778332911431789,0.0176647920161486,-0.699921548366547,0.713958919048309
107.340010404587,1,-0.488337904214859,-0.526314377784729,0.136696994304657,0.00903479848057032,0.0166366137564182,-0.699379324913025,0.714499950408936
107.369440078735,1,-0.488641172647476,-0.526571154594421,0.136962577700615,0.00788104347884655,0.0162703189998865,-0.699212670326233,0.714685142040253
107.380082130432,1,-0.488350093364716,-0.526504158973694,0.136781021952629,0.0086063127964735,0.0157155096530914,-0.698499262332916,0.71538645029068
107.399803638458,1,-0.488737434148788,-0.526228427886963,0.136973634362221,0.00792950857430696,0.0169342327862978,-0.698800683021545,0.715072095394135
107.4251704216,1,-0.488306254148483,-0.525846660137177,0.136726766824722,0.00951533485203981,0.0174592863768339,-0.699109077453613,0.714738607406616
107.43989610672,1,-0.488351315259933,-0.526228904724121,0.136679902672768,0.00916644092649221,0.0167917106300592,-0.699219167232513,0.71465140581131
107.464092493057,1,-0.488592624664307,-0.526752412319183,0.137001514434814,0.00745235243812203,0.015899246558547,-0.699078857898712,0.71482902765274
107.478379487991,1,-0.488364905118942,-0.526895463466644,0.136716276407242,0.0081315329298377,0.0146737936884165,-0.69868016242981,0.715237438678741
107.498395681381,1,-0.488288909196854,-0.526645481586456,0.136627048254013,0.00883132126182318,0.0141170239076018,-0.697688043117523,0.716208219528198
107.519411087036,1,-0.488577544689178,-0.527105569839478,0.137035295367241,0.00692593306303024,0.0135160945355892,-0.697230935096741,0.716685771942139
107.540576696396,1,-0.488556385040283,-0.526652157306671,0.137019902467728,0.00790678896009922,0.0140439756214619,-0.697124183177948,0.716769218444824
107.576390743256,1,-0.488106667995453,-0.526016771793365,0.136660322546959,0.0100810080766678,0.0144289368763566,-0.697327733039856,0.716536343097687
107.579300403595,1,-0.48818251490593,-0.526302456855774,0.136650592088699,0.00906222872436047,0.0140781961381435,-0.697435438632965,0.71645200252533
107.600445747375,1,-0.488132268190384,-0.526919484138489,0.136863201856613,0.00707692699506879,0.0132070770487189,-0.697242081165314,0.716679215431213
107.619044780731,1,-0.488396286964417,-0.526862561702728,0.136755064129829,0.00668336823582649,0.0140091450884938,-0.698185324668884,0.71574878692627
107.640558481216,1,-0.488197237253189,-0.526288986206055,0.136683940887451,0.00831529404968023,0.0150783332064748,-0.69864946603775,0.715256929397583
107.660038948059,1,-0.488221913576126,-0.526450514793396,0.136743441224098,0.00831760838627815,0.0150563074275851,-0.69850879907608,0.715394735336304
107.679553985596,1,-0.488163977861404,-0.526560425758362,0.136898368597031,0.00826974678784609,0.0142833888530731,-0.698110044002533,0.715800285339355
107.705310583115,1,-0.488174438476562,-0.526714682579041,0.136681616306305,0.00837544165551662,0.0137564651668072,-0.697666525840759,0.716241657733917
107.721408843994,1,-0.488279491662979,-0.526793360710144,0.13655386865139,0.00759045546874404,0.0133124003186822,-0.697013020515442,0.716894745826721
107.740571737289,1,-0.488716185092926,-0.52679181098938,0.136240422725677,0.00653506256639957,0.014123173430562,-0.696927309036255,0.716973006725311
107.773578643799,1,-0.488804429769516,-0.526495695114136,0.136152744293213,0.00669647520408034,0.0144454464316368,-0.696709394454956,0.717176795005798
107.784028768539,1,-0.488856643438339,-0.526464223861694,0.136022135615349,0.00692333746701479,0.0145024200901389,-0.696664154529572,0.717217445373535
107.800090551376,1,-0.488773137331009,-0.526397049427032,0.13611076772213,0.00726271606981754,0.014142339117825,-0.696236431598663,0.717636525630951
107.819574832916,1,-0.488895416259766,-0.526528120040894,0.136039361357689,0.00722400937229395,0.0141452718526125,-0.696333289146423,0.717542886734009
107.854050636292,1,-0.488711208105087,-0.52654767036438,0.1361965239048,0.0076014562509954,0.0136171886697412,-0.696030497550964,0.717842936515808
107.860343694687,1,-0.488781601190567,-0.526453495025635,0.136081129312515,0.00804956816136837,0.0140640279278159,-0.696015477180481,0.717843890190125
107.880137443542,1,-0.488541454076767,-0.526465654373169,0.136190414428711,0.00823935959488153,0.0133594591170549,-0.69611269235611,0.717760920524597
107.900097131729,1,-0.488760471343994,-0.526451766490936,0.136110693216324,0.00788701418787241,0.0138240996748209,-0.696291387081146,0.717582762241364
107.930751800537,1,-0.488388866186142,-0.526457190513611,0.136313855648041,0.00832814257591963,0.0128192892298102,-0.696501672267914,0.717392385005951
107.940943956375,1,-0.488501042127609,-0.526295781135559,0.136141017079353,0.00883028283715248,0.0133887706324458,-0.696682989597321,0.717199802398682
107.960200071335,1,-0.488383114337921,-0.526339471340179,0.136257857084274,0.00881948601454496,0.0129228765144944,-0.696098625659943,0.717775702476501
108.003028154373,1,-0.488702446222305,-0.526105463504791,0.136199176311493,0.00886617694050074,0.0137984436005354,-0.695755660533905,0.718091249465942
108.003776311874,1,-0.488363772630692,-0.525890409946442,0.136097982525826,0.00998826697468758,0.0135036930441856,-0.695327401161194,0.718496799468994
108.021040439606,1,-0.48867079615593,-0.525786221027374,0.136073857545853,0.00937281362712383,0.0140636386349797,-0.694932579994202,0.718876242637634
108.041214227676,1,-0.488529890775681,-0.525674402713776,0.136005356907845,0.0096006141975522,0.0137444641441107,-0.695189952850342,0.71863055229187
108.07373213768,1,-0.48873171210289,-0.525423228740692,0.13597971200943,0.0096086049452424,0.0142578892409801,-0.695418357849121,0.718399405479431
108.083994865417,1,-0.488666474819183,-0.525371670722961,0.135837331414223,0.00952909328043461,0.0143319638445973,-0.69555926322937,0.718262553215027
108.100420951843,1,-0.488903760910034,-0.525441229343414,0.135860726237297,0.00871699489653111,0.0141125489026308,-0.695026934146881,0.718792319297791
108.120166301727,1,-0.488824814558029,-0.525626838207245,0.135750219225883,0.00835362263023853,0.0134696271270514,-0.695008337497711,0.718826949596405
108.145924568176,1,-0.48891270160675,-0.52569043636322,0.13583043217659,0.0079246386885643,0.0131300035864115,-0.69510281085968,0.718746781349182
108.160871267319,1,-0.48884841799736,-0.525791168212891,0.135690093040466,0.00796640384942293,0.0134281497448683,-0.695943057537079,0.717927277088165
108.18021273613,1,-0.488889157772064,-0.525471448898315,0.135613948106766,0.00855324603617191,0.0137807792052627,-0.696360886096954,0.717508494853973
108.216017007828,1,-0.488998860120773,-0.526268005371094,0.135771006345749,0.0066524650901556,0.0125793581828475,-0.695921897888184,0.71797651052475
108.220738649368,1,-0.488865703344345,-0.526104331016541,0.135787948966026,0.00710559822618961,0.0119719495996833,-0.695289671421051,0.718594789505005
108.240462779999,1,-0.488842934370041,-0.526211977005005,0.135758996009827,0.00730902422219515,0.0115971248596907,-0.695699632167816,0.718201994895935
108.259348630905,1,-0.488781720399857,-0.525999546051025,0.135709673166275,0.0079411780461669,0.0111215449869633,-0.695291817188263,0.718597590923309
108.291228532791,1,-0.488718241453171,-0.526411950588226,0.135809823870659,0.00754535757005215,0.0100778117775917,-0.694373667240143,0.719504535198212
108.301048517227,1,-0.488665401935577,-0.525930881500244,0.135713443160057,0.00859048031270504,0.0104264179244637,-0.694072425365448,0.719778418540955
108.320108413696,1,-0.488814055919647,-0.526114165782928,0.135684058070183,0.00815783627331257,0.0102963773533702,-0.694220066070557,0.71964293718338
108.340221405029,1,-0.488794654607773,-0.525872468948364,0.135616943240166,0.00835093297064304,0.0104985786601901,-0.694267094135284,0.719592452049255
108.365555524826,1,-0.488790243864059,-0.526226103305817,0.135642737150192,0.00756276724860072,0.00982641708105803,-0.694805264472961,0.719091057777405
108.380255937576,1,-0.488813489675522,-0.526010632514954,0.135619044303894,0.00749801471829414,0.0105223450809717,-0.695329010486603,0.718575417995453
108.400912284851,1,-0.488714218139648,-0.526068508625031,0.135473877191544,0.00790875405073166,0.0102134961634874,-0.695279240608215,0.718623697757721
108.421854019165,1,-0.48881122469902,-0.526070177555084,0.135554656386375,0.00762412510812283,0.0103197824209929,-0.695045292377472,0.718851506710052
108.445224761963,1,-0.488626509904861,-0.526073455810547,0.135396659374237,0.00836422387510538,0.00971733406186104,-0.694605648517609,0.719276428222656
108.459903717041,1,-0.488494873046875,-0.526021659374237,0.135250627994537,0.00839728210121393,0.00962029304355383,-0.694534420967102,0.719346165657043
108.479522705078,1,-0.488773018121719,-0.526084899902344,0.135387107729912,0.007415687199682,0.00978898722678423,-0.694670796394348,0.719222962856293
108.508171319962,1,-0.488369256258011,-0.525915205478668,0.135107815265656,0.00846417807042599,0.00984696112573147,-0.69484555721283,0.719041764736176
108.520383119583,1,-0.48876366019249,-0.525833487510681,0.135140717029572,0.00770498905330896,0.0103585515171289,-0.694563269615173,0.719315886497498
108.541101694107,1,-0.488376438617706,-0.526085615158081,0.134572729468346,0.00779463909566402,0.00967134162783623,-0.694397628307343,0.719484269618988
108.578643083572,1,-0.488808184862137,-0.526051700115204,0.130674794316292,0.00643837824463844,0.0121106281876564,-0.697972774505615,0.715992987155914
108.581863641739,1,-0.488932251930237,-0.526652991771698,0.125973626971245,0.00513675343245268,0.0144784618169069,-0.701311528682709,0.712689459323883
108.600584745407,1,-0.488415062427521,-0.525368571281433,0.125332251191139,0.0105495285242796,0.0121574541553855,-0.69281667470932,0.720934152603149
108.620360612869,1,-0.488915413618088,-0.525529205799103,0.125263497233391,0.0099255396053195,0.0112705640494823,-0.689536213874817,0.724095523357391
108.656338453293,1,-0.489033281803131,-0.526356041431427,0.125631734728813,0.00810980051755905,0.0102939624339342,-0.684767484664917,0.728643774986267
108.665754556656,1,-0.488830000162125,-0.526353895664215,0.125606596469879,0.00670451717451215,0.0159259960055351,-0.686672449111938,0.726761639118195
108.680245876312,1,-0.488748222589493,-0.526275932788849,0.125971987843513,0.00235526799224317,0.0253883507102728,-0.695090770721436,0.718469798564911
108.699765443802,1,-0.488363325595856,-0.52622652053833,0.127826631069183,-0.00263953511603177,0.0342004932463169,-0.707718789577484,0.705660998821259
108.731271982193,1,-0.488051146268845,-0.525739908218384,0.132656455039978,-0.00301215844228864,0.0364872999489307,-0.715640783309937,0.697508454322815
108.74137711525,1,-0.48723953962326,-0.525644898414612,0.140002310276031,0.000433145731221884,0.0313053540885448,-0.712718665599823,0.700751066207886
108.760349988937,1,-0.483799010515213,-0.52580201625824,0.149619102478027,0.00866750162094831,0.0186084490269423,-0.702371299266815,0.711514711380005
108.788422107697,1,-0.479905337095261,-0.525075852870941,0.159625470638275,0.0184320490807295,0.00640557566657662,-0.692296743392944,0.721349060535431
108.798301935196,1,-0.478082746267319,-0.522512853145599,0.166914999485016,0.0260352864861488,0.00490371277555823,-0.688843667507172,0.724425733089447
108.835862636566,1,-0.477345526218414,-0.518976032733917,0.172690778970718,0.032352801412344,0.00994533579796553,-0.689608037471771,0.723391473293304
108.83939743042,1,-0.476625829935074,-0.516602456569672,0.177183195948601,0.037434745579958,0.0157299153506756,-0.692840695381165,0.719946563243866
108.859174489975,1,-0.47404208779335,-0.516589462757111,0.181906521320343,0.0428941734135151,0.0141165545210242,-0.695643365383148,0.71696662902832
108.88364815712,1,-0.471140503883362,-0.516907095909119,0.18627068400383,0.0496075190603733,0.0124180819839239,-0.698460340499878,0.713819444179535
108.899642944336,1,-0.467163652181625,-0.518348932266235,0.190801918506622,0.0567548684775829,0.00673110736533999,-0.701041340827942,0.710826754570007
108.924253940582,1,-0.464589416980743,-0.518674075603485,0.193973854184151,0.0648486465215683,0.00835259910672903,-0.704842329025269,0.706344306468964
108.941133737564,1,-0.46200031042099,-0.521767377853394,0.196711584925652,0.0696352273225784,0.00522121740505099,-0.710629045963287,0.700092971324921
108.973492860794,1,-0.460021018981934,-0.524597823619843,0.198783054947853,0.0744241029024124,0.00480776419863105,-0.715570330619812,0.6945481300354
108.980963945389,1,-0.458880633115768,-0.528469204902649,0.200839936733246,0.0780186280608177,0.00353403389453888,-0.721165299415588,0.688346803188324
108.998694896698,1,-0.457795530557632,-0.532970011234283,0.203214198350906,0.0821865946054459,0.00113150989636779,-0.725585699081421,0.683205366134644
109.030096530914,1,-0.457748055458069,-0.537811398506165,0.205871284008026,0.0858453139662743,-0.000340266240527853,-0.729906737804413,0.678134679794312
109.039576768875,1,-0.458207428455353,-0.542248070240021,0.208706304430962,0.0893446579575539,-0.00116567779332399,-0.734131634235382,0.673102498054504
109.060533285141,1,-0.459217488765717,-0.546227097511292,0.211143493652344,0.0927253812551498,0.000740226008929312,-0.738450348377228,0.667901635169983
109.091302394867,1,-0.460006773471832,-0.550752103328705,0.213522240519524,0.0960691273212433,0.00207936484366655,-0.74290657043457,0.66246223449707
109.099816083908,1,-0.460483610630035,-0.555603086948395,0.215990364551544,0.0998768880963326,0.00324830715544522,-0.748050332069397,0.656075358390808
109.12015247345,1,-0.460501492023468,-0.561091423034668,0.218612015247345,0.103643544018269,0.00237227184697986,-0.752842247486115,0.649985432624817
109.142663002014,1,-0.460583984851837,-0.566249310970306,0.221036806702614,0.107745081186295,0.0023750513792038,-0.75760018825531,0.643760323524475
109.161205291748,1,-0.460486114025116,-0.571305871009827,0.223454281687737,0.112349607050419,0.0029545642901212,-0.762499451637268,0.63715261220932
109.180053949356,1,-0.460433334112167,-0.575631558895111,0.22545975446701,0.118096806108952,0.00594310881569982,-0.767039120197296,0.63060986995697
109.200399637222,1,-0.460612535476685,-0.579946517944336,0.227200359106064,0.123382747173309,0.00894675683230162,-0.771649420261383,0.623902022838593
109.230549812317,1,-0.460754424333572,-0.583803415298462,0.228844314813614,0.12980380654335,0.0131110707297921,-0.775840580463409,0.617292821407318
109.24081158638,1,-0.461553364992142,-0.587375342845917,0.230272695422173,0.136170655488968,0.0194107070565224,-0.780940890312195,0.609271824359894
109.261130332947,1,-0.462809711694717,-0.590735018253326,0.231513574719429,0.14162415266037,0.0261150225996971,-0.786606311798096,0.600425779819489
109.280121326447,1,-0.464222311973572,-0.594663500785828,0.23247754573822,0.145803570747375,0.0319576077163219,-0.792811691761017,0.590905845165253
109.304862499237,1,-0.465647280216217,-0.599844574928284,0.233134850859642,0.147928014397621,0.035689864307642,-0.797724187374115,0.583506345748901
109.321171760559,1,-0.467576175928116,-0.604322731494904,0.233386427164078,0.15026743710041,0.0413583442568779,-0.801909029483795,0.576759099960327
109.340803384781,1,-0.469805806875229,-0.608531534671783,0.233642965555191,0.15222342312336,0.0468976050615311,-0.805869400501251,0.570265769958496
109.37268280983,1,-0.472294807434082,-0.612867295742035,0.233883991837502,0.153713926672935,0.0522907748818398,-0.809453248977661,0.564289927482605
109.383937835693,1,-0.474994003772736,-0.61707079410553,0.234123200178146,0.155007779598236,0.0581233128905296,-0.813406944274902,0.55764102935791
109.400619983673,1,-0.477628171443939,-0.621850490570068,0.234312981367111,0.155576899647713,0.063029870390892,-0.818253815174103,0.549803376197815
109.42640209198,1,-0.479820370674133,-0.626094996929169,0.234460517764091,0.157732233405113,0.0688138082623482,-0.822823464870453,0.541615068912506
109.444095611572,1,-0.481686681509018,-0.62985771894455,0.234739497303963,0.160527676343918,0.074616052210331,-0.826499044895172,0.534380614757538
109.461631059647,1,-0.48330757021904,-0.633846998214722,0.235215827822685,0.16333694756031,0.0785854831337929,-0.829907834529877,0.527634799480438
109.480987548828,1,-0.485298722982407,-0.637395977973938,0.235526129603386,0.165563136339188,0.0841215178370476,-0.832372903823853,0.522175908088684
109.51634144783,1,-0.487020969390869,-0.641474008560181,0.235771462321281,0.166691303253174,0.0881720408797264,-0.83373636007309,0.518963813781738
109.521083116531,1,-0.488629966974258,-0.644647836685181,0.235862508416176,0.168588951230049,0.0932903215289116,-0.834692358970642,0.515910267829895
109.540414810181,1,-0.490264117717743,-0.647700130939484,0.235983937978745,0.170478150248528,0.0984914675354958,-0.835919618606567,0.512323021888733
109.560556650162,1,-0.491417199373245,-0.649954795837402,0.235854059457779,0.173930510878563,0.105254240334034,-0.836092710494995,0.50952810049057
109.588331460953,1,-0.492312610149384,-0.652844786643982,0.235520780086517,0.176207631826401,0.110546492040157,-0.837544202804565,0.505222797393799
109.600408315659,1,-0.492966294288635,-0.656250953674316,0.234783351421356,0.177892401814461,0.114837773144245,-0.839611709117889,0.500218629837036
109.621374845505,1,-0.493685573339462,-0.660025238990784,0.233842372894287,0.178602233529091,0.118778266012669,-0.842116355895996,0.494806051254272
109.643176555634,1,-0.494198113679886,-0.663356900215149,0.232842728495598,0.179175153374672,0.122896753251553,-0.844248533248901,0.489935904741287
109.662214279175,1,-0.494904726743698,-0.667299330234528,0.231292888522148,0.178323030471802,0.127202644944191,-0.84806227684021,0.482504785060883
109.680401802063,1,-0.495330274105072,-0.67119574546814,0.229389041662216,0.177412196993828,0.131249666213989,-0.851267039775848,0.476070463657379
109.700047254562,1,-0.495572030544281,-0.676000535488129,0.226947277784348,0.175700172781944,0.133519113063812,-0.85502701997757,0.469287604093552
109.731066226959,1,-0.495649516582489,-0.681721746921539,0.224028289318085,0.173187777400017,0.133666202425957,-0.857845306396484,0.465017020702362
109.740481376648,1,-0.495605707168579,-0.687186300754547,0.221019923686981,0.17119687795639,0.133619055151939,-0.860404133796692,0.461023300886154
109.760485887527,1,-0.495553940534592,-0.692785084247589,0.21747724711895,0.169005811214447,0.134306401014328,-0.862776339054108,0.45718252658844
109.799345254898,1,-0.495837420225143,-0.698434948921204,0.213486969470978,0.165794521570206,0.13635978102684,-0.866240203380585,0.451161086559296
109.800099134445,1,-0.496396690607071,-0.704670011997223,0.2088263630867,0.161367788910866,0.138521894812584,-0.871001183986664,0.442864894866943
109.820367336273,1,-0.497525900602341,-0.711506485939026,0.203699767589569,0.155408933758736,0.139522686600685,-0.875807821750641,0.435134768486023
109.840123414993,1,-0.498851418495178,-0.718193888664246,0.198140367865562,0.149723917245865,0.139746442437172,-0.879537224769592,0.429497629404068
109.870760679245,1,-0.500642538070679,-0.725392639636993,0.192347645759583,0.14301672577858,0.137536734342575,-0.883040428161621,0.425287455320358
109.8801176548,1,-0.502674043178558,-0.733610391616821,0.186265334486961,0.134954065084457,0.131162121891975,-0.886290431022644,0.423170536756516
109.901200532913,1,-0.504171848297119,-0.741630434989929,0.179187774658203,0.13021020591259,0.127509266138077,-0.884470045566559,0.429534077644348
109.921200275421,1,-0.506579458713531,-0.748615086078644,0.17259469628334,0.122796878218651,0.126493528485298,-0.886572480201721,0.42767933011055
109.941162824631,1,-0.510049939155579,-0.755352258682251,0.165792062878609,0.112334586679935,0.1291473954916,-0.891441464424133,0.419564008712769
109.960067510605,1,-0.513761162757874,-0.761779308319092,0.159216597676277,0.101025193929672,0.133109107613564,-0.896874010562897,0.409503221511841
109.980085134506,1,-0.517644762992859,-0.767430245876312,0.15242075920105,0.0898702070116997,0.140441507101059,-0.903147876262665,0.395630568265915
110.01053071022,1,-0.52117645740509,-0.773909091949463,0.14598137140274,0.0784093216061592,0.143301457166672,-0.908481240272522,0.384679764509201
110.019930362701,1,-0.523014068603516,-0.780534088611603,0.139430493116379,0.0717994570732117,0.143628939986229,-0.911317408084869,0.379099160432816
110.039826154709,1,-0.524586796760559,-0.788052976131439,0.132967963814735,0.0642992332577705,0.139389753341675,-0.913476347923279,0.376824885606766
110.060873031616,1,-0.526176750659943,-0.797650456428528,0.126236975193024,0.0556049570441246,0.13018524646759,-0.916167199611664,0.374963402748108
110.082802772522,1,-0.525456428527832,-0.803590893745422,0.119407683610916,0.0557845123112202,0.125594317913055,-0.916674971580505,0.375261425971985
