timestamp,rb_id,pos_x,pos_y,pos_z,quat_x,quat_y,quat_z,quat_w
34.2993340492249,1,-0.484742492437363,-0.544597208499908,0.15145580470562,-0.0166721753776073,0.353603810071945,-0.828415215015411,0.434067606925964
34.3233511447906,1,-0.484514355659485,-0.544515013694763,0.150871127843857,-0.0209332481026649,0.355078399181366,-0.830443203449249,0.428771704435349
34.341187953949,1,-0.483706563711166,-0.544485986232758,0.14986264705658,-0.0237910151481628,0.355768620967865,-0.831352233886719,0.426281809806824
34.3597326278687,1,-0.483076244592667,-0.54461008310318,0.148957595229149,-0.0268637388944626,0.356587678194046,-0.832420229911804,0.423320472240448
34.3935608863831,1,-0.482708275318146,-0.54387354850769,0.148517847061157,-0.0296159256249666,0.360501646995544,-0.833253026008606,0.418151885271072
34.4036304950714,1,-0.482624530792236,-0.54311740398407,0.148535326123238,-0.0349936448037624,0.362859845161438,-0.836508810520172,0.409097820520401
34.4204595088959,1,-0.482469499111176,-0.543795704841614,0.148017078638077,-0.0406638197600842,0.363623291254044,-0.837841153144836,0.405150234699249
34.4423680305481,1,-0.48240402340889,-0.543764770030975,0.147492304444313,-0.0444957129657269,0.367180824279785,-0.838409304618835,0.400335073471069
34.466020822525,1,-0.482380479574203,-0.542969226837158,0.147039383649826,-0.0478722751140594,0.370525330305099,-0.840822875499725,0.391709268093109
34.4800581932068,1,-0.482743889093399,-0.54401421546936,0.145978078246117,-0.0536674708127975,0.370348960161209,-0.842483401298523,0.387534707784653
34.4995975494385,1,-0.483048111200333,-0.54400634765625,0.144787356257439,-0.0568609572947025,0.372222185134888,-0.843378663063049,0.383314341306686
34.5320329666138,1,-0.483765184879303,-0.544746875762939,0.143483206629753,-0.0614892728626728,0.372779786586761,-0.843970775604248,0.380746334791183
34.5413453578949,1,-0.484340339899063,-0.544295728206635,0.14267486333847,-0.0648945420980453,0.374638587236404,-0.845145404338837,0.375717878341675
34.5608716011047,1,-0.485007733106613,-0.543651521205902,0.142086490988731,-0.0687577053904533,0.37715870141983,-0.846590042114258,0.369200736284256
34.5805180072784,1,-0.485520005226135,-0.5433189868927,0.141437366604805,-0.0719884261488914,0.379653781652451,-0.847082316875458,0.364873111248016
34.6110632419586,1,-0.485764384269714,-0.542410731315613,0.14118529856205,-0.0742891654372215,0.381854355335236,-0.847757935523987,0.360520124435425
34.6205344200134,1,-0.485892027616501,-0.541574418544769,0.141140460968018,-0.0760459527373314,0.383782356977463,-0.848244845867157,0.356943905353546
34.6400949954987,1,-0.486132591962814,-0.542177319526672,0.140820890665054,-0.079349122941494,0.383481085300446,-0.847778558731079,0.357655584812164
34.6823208332062,1,-0.48621666431427,-0.541389644145966,0.140977337956429,-0.0820412933826447,0.384510725736618,-0.848756015300751,0.353601366281509
34.6836583614349,1,-0.486047506332397,-0.540251612663269,0.140980452299118,-0.0833671018481255,0.386963099241257,-0.849267065525055,0.349363833665848
34.7000999450684,1,-0.485972285270691,-0.539678454399109,0.140701934695244,-0.0852358341217041,0.389036983251572,-0.849201619625092,0.346758961677551
34.7197210788727,1,-0.485839337110519,-0.53924161195755,0.140197426080704,-0.0879869908094406,0.38946145772934,-0.85100531578064,0.341127574443817
34.7516317367554,1,-0.485664248466492,-0.539172112941742,0.139709621667862,-0.0902895033359528,0.389915496110916,-0.851487457752228,0.338796138763428
34.7614617347717,1,-0.485503435134888,-0.53901880979538,0.139391601085663,-0.0915327072143555,0.391206294298172,-0.850816071033478,0.338661462068558
34.78045129776,1,-0.485105335712433,-0.538228809833527,0.139282554388046,-0.0919313952326775,0.392339080572128,-0.851732075214386,0.334919810295105
34.7997472286224,1,-0.485135316848755,-0.538335800170898,0.139088958501816,-0.0938234105706215,0.392234951257706,-0.852307677268982,0.333047330379486
34.8256621360779,1,-0.48529788851738,-0.53870302438736,0.139004230499268,-0.0962855592370033,0.391479283571243,-0.852804362773895,0.331960529088974
34.8396656513214,1,-0.485363721847534,-0.539212763309479,0.139108091592789,-0.0986214280128479,0.390847712755203,-0.85302609205246,0.331448972225189
34.8603618144989,1,-0.485211789608002,-0.538946986198425,0.139357954263687,-0.0990583002567291,0.391954243183136,-0.853076636791229,0.329878330230713
34.8939340114594,1,-0.485070496797562,-0.538917481899261,0.1395054012537,-0.0996308997273445,0.392490029335022,-0.853189468383789,0.328775256872177
34.9043519496918,1,-0.484910875558853,-0.538970708847046,0.139524802565575,-0.100610993802547,0.391818404197693,-0.853992819786072,0.327187955379486
34.9210131168365,1,-0.48490834236145,-0.538876533508301,0.139444530010223,-0.101512342691422,0.391159296035767,-0.854698956012726,0.325851559638977
34.9396901130676,1,-0.484845489263535,-0.538698971271515,0.139322996139526,-0.10181351006031,0.391066581010818,-0.855001509189606,0.325074523687363
34.9649302959442,1,-0.484741538763046,-0.538466334342957,0.139139264822006,-0.101741410791874,0.390670716762543,-0.85542768239975,0.324451237916946
34.979793548584,1,-0.484630793333054,-0.538298904895782,0.138928979635239,-0.101201325654984,0.390278249979019,-0.855532467365265,0.324815988540649
35.0002191066742,1,-0.484628558158875,-0.538280308246613,0.138794675469398,-0.100763007998466,0.389789581298828,-0.855202794075012,0.326403349637985
35.0354819297791,1,-0.484857320785522,-0.538810193538666,0.138655513525009,-0.101288355886936,0.388291507959366,-0.854890048503876,0.328836649656296
35.0443394184113,1,-0.484993517398834,-0.539036571979523,0.138668075203896,-0.101671807467937,0.387464135885239,-0.855088829994202,0.32917708158493
35.0600106716156,1,-0.485123097896576,-0.53918331861496,0.138773784041405,-0.102616555988789,0.387048065662384,-0.855650424957275,0.327911585569382
35.0799667835236,1,-0.485029101371765,-0.538436412811279,0.139059722423553,-0.102407447993755,0.388763755559921,-0.85614401102066,0.324642926454544
35.1042058467865,1,-0.484921276569366,-0.538068950176239,0.13926163315773,-0.102847911417484,0.389725536108017,-0.856953680515289,0.321195989847183
35.119966506958,1,-0.484923541545868,-0.538515269756317,0.139297872781754,-0.103720247745514,0.390382319688797,-0.856819868087769,0.320473819971085
35.1408987045288,1,-0.485025644302368,-0.539170265197754,0.139258086681366,-0.104990810155869,0.390665173530579,-0.856546759605408,0.320445537567139
35.1758720874786,1,-0.484902799129486,-0.539433717727661,0.139212340116501,-0.106001451611519,0.390179634094238,-0.857541084289551,0.318036049604416
35.1847593784332,1,-0.484794586896896,-0.539263010025024,0.139207318425179,-0.105926245450974,0.390433013439178,-0.857970178127289,0.316589325666428
35.2004377841949,1,-0.484817326068878,-0.539206922054291,0.139128521084785,-0.10581636428833,0.390388190746307,-0.857996881008148,0.31660932302475
35.219883441925,1,-0.484905779361725,-0.538995087146759,0.13906355202198,-0.10541620850563,0.39029923081398,-0.857970595359802,0.316923260688782
35.2505943775177,1,-0.485053896903992,-0.538750886917114,0.139036297798157,-0.105395384132862,0.389596432447433,-0.858267426490784,0.31699126958847
35.259925365448,1,-0.485180258750916,-0.538342952728271,0.139026120305061,-0.105651870369911,0.388651788234711,-0.859058558940887,0.315920680761337
35.2794027328491,1,-0.485367327928543,-0.538202285766602,0.1389419734478,-0.10655402392149,0.387970834970474,-0.859436750411987,0.315425634384155
35.3052542209625,1,-0.485480129718781,-0.538201510906219,0.138765498995781,-0.107557334005833,0.387549966573715,-0.859587550163269,0.315191388130188
35.3232367038727,1,-0.485517352819443,-0.538162112236023,0.138581424951553,-0.108392268419266,0.387504667043686,-0.859621584415436,0.314868062734604
35.3404998779297,1,-0.485479205846786,-0.538040399551392,0.138453885912895,-0.109161525964737,0.387581616640091,-0.859858691692352,0.313858777284622
35.3600008487701,1,-0.485488295555115,-0.538183271884918,0.138413935899734,-0.110055133700371,0.387845754623413,-0.8597691655159,0.313465297222137
35.392591714859,1,-0.485436767339706,-0.538275241851807,0.138381570577621,-0.11059483140707,0.387800633907318,-0.85994952917099,0.312835872173309
35.4023451805115,1,-0.48536542057991,-0.538293659687042,0.138361781835556,-0.110571809113026,0.387883067131042,-0.860056638717651,0.31244695186615
35.4213984012604,1,-0.4853695333004,-0.538505017757416,0.138339042663574,-0.110808618366718,0.38741397857666,-0.860241830348969,0.312435418367386
35.4393570423126,1,-0.485357761383057,-0.538645267486572,0.138301998376846,-0.110948622226715,0.387167513370514,-0.860308349132538,0.312508016824722
35.4672667980194,1,-0.485335946083069,-0.538569986820221,0.138306617736816,-0.110720172524452,0.387153595685959,-0.860423922538757,0.312288075685501
35.4797897338867,1,-0.485363870859146,-0.538479328155518,0.138339355587959,-0.110608533024788,0.38680773973465,-0.860683798789978,0.312040060758591
35.5003702640533,1,-0.485453128814697,-0.53850930929184,0.138369023799896,-0.110801056027412,0.386361449956894,-0.860825300216675,0.312134057283401
35.5362331867218,1,-0.485546886920929,-0.538514196872711,0.138379335403442,-0.111129730939865,0.385834723711014,-0.860956728458405,0.312306344509125
35.5432832241058,1,-0.485565364360809,-0.538510143756866,0.138367518782616,-0.111370459198952,0.385349571704865,-0.861204564571381,0.312136292457581
35.5594716072083,1,-0.485569030046463,-0.53849321603775,0.138355359435081,-0.111578896641731,0.384878367185593,-0.861544847488403,0.31170392036438
35.5802481174469,1,-0.485564827919006,-0.538469851016998,0.138356506824493,-0.111717961728573,0.384296357631683,-0.861963748931885,0.311213731765747
35.6099720001221,1,-0.485545217990875,-0.538409233093262,0.138372838497162,-0.111587442457676,0.383727818727493,-0.862331867218018,0.310942053794861
35.6199963092804,1,-0.485538959503174,-0.538415789604187,0.13834835588932,-0.111493855714798,0.382873684167862,-0.862711310386658,0.310975968837738
35.6397666931152,1,-0.485558569431305,-0.538465261459351,0.138342782855034,-0.111628226935863,0.381771713495255,-0.86316591501236,0.311021208763123
35.681122303009,1,-0.485570877790451,-0.538575947284698,0.138296619057655,-0.111884221434593,0.380574256181717,-0.863636255264282,0.31109094619751
35.6839954853058,1,-0.485572516918182,-0.538658916950226,0.138267785310745,-0.112179696559906,0.379336357116699,-0.864187061786652,0.310967087745667
35.7010314464569,1,-0.48558109998703,-0.538871049880981,0.138201698660851,-0.111928194761276,0.378178924322128,-0.864343285560608,0.312031298875809
35.7203483581543,1,-0.485664755105972,-0.539016246795654,0.138216748833656,-0.11140788346529,0.376670986413956,-0.864663302898407,0.31315290927887
35.739461183548,1,-0.485600888729095,-0.538515865802765,0.138354241847992,-0.109833009541035,0.375766694545746,-0.865144312381744,0.313466936349869
35.7646026611328,1,-0.48571839928627,-0.538529813289642,0.138368993997574,-0.109010830521584,0.373929798603058,-0.865320444107056,0.315458029508591
35.7799198627472,1,-0.485779404640198,-0.538685917854309,0.138356074690819,-0.108231283724308,0.372264832258224,-0.865255415439606,0.317865043878555
35.7998461723328,1,-0.485877305269241,-0.538971364498138,0.138333186507225,-0.10848692804575,0.370206385850906,-0.865556180477142,0.319359421730042
35.8285641670227,1,-0.485856354236603,-0.538822591304779,0.138364195823669,-0.108345821499825,0.368385255336761,-0.86641401052475,0.319186836481094
35.8398139476776,1,-0.4858677983284,-0.538712918758392,0.138359636068344,-0.108348250389099,0.365946590900421,-0.867498099803925,0.319046974182129
35.8596124649048,1,-0.485844999551773,-0.538616955280304,0.138328909873962,-0.107318118214607,0.364152014255524,-0.867643535137177,0.321046620607376
35.8998997211456,1,-0.485778570175171,-0.538555204868317,0.138349801301956,-0.105949968099594,0.360867768526077,-0.868539869785309,0.322781205177307
35.9200692176819,1,-0.486267447471619,-0.540769875049591,0.138187021017075,-0.103346116840839,0.347901552915573,-0.868817985057831,0.336807757616043
35.9406108856201,1,-0.486238479614258,-0.540104508399963,0.138266518712044,-0.0979213938117027,0.34514519572258,-0.86757904291153,0.344373255968094
35.9761974811554,1,-0.486354827880859,-0.540750443935394,0.138168573379517,-0.0952723920345306,0.339888423681259,-0.867488980293274,0.350516647100449
35.9809265136719,1,-0.486259043216705,-0.5402911901474,0.138238474726677,-0.091816283762455,0.336402744054794,-0.868090808391571,0.35330057144165
35.9993495941162,1,-0.486248105764389,-0.540015578269958,0.138287514448166,-0.0893008038401604,0.333121776580811,-0.868751883506775,0.355422854423523
36.0204482078552,1,-0.486490309238434,-0.540607392787933,0.138364672660828,-0.0885333120822906,0.32779660820961,-0.86993545293808,0.35766413807869
36.0496482849121,1,-0.486460119485855,-0.540567934513092,0.138365522027016,-0.0866683125495911,0.324440747499466,-0.870303928852081,0.360275030136108
36.059868812561,1,-0.486612021923065,-0.540929138660431,0.1383216381073,-0.0857679322361946,0.320236653089523,-0.871091485023499,0.362342357635498
36.0806829929352,1,-0.486484169960022,-0.540410459041595,0.138371452689171,-0.0834789350628853,0.318730503320694,-0.870860457420349,0.364752233028412
36.1009922027588,1,-0.486663311719894,-0.540740549564362,0.138412550091743,-0.0829504057765007,0.315196126699448,-0.872790575027466,0.363328099250793
36.120183467865,1,-0.486581176519394,-0.540552318096161,0.138430029153824,-0.0815748944878578,0.314284026622772,-0.872568845748901,0.364958584308624
36.1400172710419,1,-0.486618608236313,-0.540508449077606,0.138458549976349,-0.0813564509153366,0.313257068395615,-0.873493909835815,0.363675177097321
36.1598834991455,1,-0.486558735370636,-0.540536403656006,0.138408869504929,-0.0813018605113029,0.312953680753708,-0.874663829803467,0.361127704381943
36.199392080307,1,-0.486551135778427,-0.540403783321381,0.138438254594803,-0.0817184969782829,0.31343001127243,-0.876269042491913,0.356701791286469
36.2001485824585,1,-0.486444085836411,-0.539732456207275,0.138506591320038,-0.0817240029573441,0.315876662731171,-0.877205312252045,0.352212935686111
36.220680475235,1,-0.48604890704155,-0.539237916469574,0.138404205441475,-0.0813203305006027,0.31929486989975,-0.877522170543671,0.348414421081543
36.239933013916,1,-0.485870450735092,-0.538899183273315,0.138447254896164,-0.0822942927479744,0.321502059698105,-0.878705084323883,0.343134880065918
36.2738981246948,1,-0.48570716381073,-0.538752257823944,0.138419151306152,-0.0832970514893532,0.324316442012787,-0.879243493080139,0.338838309049606
36.2831485271454,1,-0.485482454299927,-0.538264811038971,0.138400375843048,-0.0839725062251091,0.328402608633041,-0.879696190357208,0.333519011735916
36.3001084327698,1,-0.485507011413574,-0.53795713186264,0.138487711548805,-0.0865051820874214,0.331054985523224,-0.88077187538147,0.327353626489639
36.3202548027039,1,-0.485491335391998,-0.537829458713531,0.138631224632263,-0.0898728743195534,0.333118617534637,-0.882493197917938,0.319625914096832
36.3520526885986,1,-0.485594928264618,-0.538044333457947,0.138617724180222,-0.0935356393456459,0.335744291543961,-0.883199572563171,0.313823968172073
36.3613171577454,1,-0.48569655418396,-0.538445830345154,0.138543903827667,-0.0970683097839355,0.338045805692673,-0.884293913841248,0.307127118110657
36.3804678916931,1,-0.485575675964355,-0.53803014755249,0.138527169823647,-0.0982375890016556,0.341832250356674,-0.884929060935974,0.300667077302933
36.3997104167938,1,-0.48556187748909,-0.538151443004608,0.138446465134621,-0.0997642278671265,0.344434142112732,-0.885098218917847,0.296670407056808
36.4264190196991,1,-0.485372245311737,-0.537502765655518,0.138462275266647,-0.0993853211402893,0.348048269748688,-0.884727895259857,0.293669432401657
36.4399676322937,1,-0.485214203596115,-0.537038385868073,0.138490378856659,-0.0989761427044868,0.350733578205109,-0.884188652038574,0.292233109474182
36.4617166519165,1,-0.485182106494904,-0.536792576313019,0.138549670577049,-0.0990487560629845,0.352471321821213,-0.883810758590698,0.291259080171585
36.5003590583801,1,-0.485113978385925,-0.53657728433609,0.138591825962067,-0.0988911166787148,0.353696644306183,-0.883612394332886,0.290428102016449
36.5031802654266,1,-0.485199064016342,-0.536726117134094,0.138608008623123,-0.0989379733800888,0.353627592325211,-0.883390247821808,0.291170954704285
36.5215241909027,1,-0.485221356153488,-0.53678947687149,0.138643488287926,-0.0987562015652657,0.353600025177002,-0.88324248790741,0.291713833808899
36.5409092903137,1,-0.485288619995117,-0.536925494670868,0.138685867190361,-0.0991181805729866,0.353329628705978,-0.883309602737427,0.291715800762177
36.5604906082153,1,-0.485281765460968,-0.536920428276062,0.138708457350731,-0.0992342680692673,0.353643268346786,-0.88324511051178,0.291491121053696
36.5837404727936,1,-0.485281497240067,-0.536830961704254,0.138757258653641,-0.0993685945868492,0.354147017002106,-0.88315612077713,0.291103214025497
36.5994627475739,1,-0.485381871461868,-0.537267744541168,0.138713732361794,-0.100452601909637,0.35347393155098,-0.883337259292603,0.29099977016449
36.6200525760651,1,-0.485382914543152,-0.537325918674469,0.138699427247047,-0.100590206682682,0.353949338197708,-0.883011162281036,0.291363775730133
36.6499993801117,1,-0.485457807779312,-0.537664353847504,0.138673365116119,-0.101483061909676,0.353294432163239,-0.883277416229248,0.291041642427444
36.6594824790955,1,-0.485458999872208,-0.537660896778107,0.13870145380497,-0.1018330976367,0.353145390748978,-0.88339102268219,0.290755540132523
36.6807696819305,1,-0.485480159521103,-0.537754237651825,0.138692185282707,-0.102108433842659,0.35305055975914,-0.883198499679565,0.291358441114426
36.7004284858704,1,-0.485497951507568,-0.537900328636169,0.138640761375427,-0.102345161139965,0.35310497879982,-0.882978081703186,0.29187673330307
36.7287573814392,1,-0.485637843608856,-0.53882908821106,0.138618171215057,-0.104285418987274,0.350783169269562,-0.883194446563721,0.293331325054169
36.7398457527161,1,-0.485377430915833,-0.537943959236145,0.138628512620926,-0.103178150951862,0.353494703769684,-0.882902979850769,0.291338354349136
36.7601895332336,1,-0.485204011201859,-0.537614107131958,0.138688072562218,-0.102899461984634,0.354648858308792,-0.882925748825073,0.289962291717529
36.7825741767883,1,-0.485148847103119,-0.537663638591766,0.138651743531227,-0.102898560464382,0.355337083339691,-0.88275009393692,0.289654493331909
36.8033852577209,1,-0.485355138778687,-0.538220643997192,0.138515055179596,-0.104116521775723,0.354903995990753,-0.883399426937103,0.287764549255371
36.8200552463531,1,-0.485399305820465,-0.538327753543854,0.138507068157196,-0.104609966278076,0.354811072349548,-0.883455872535706,0.28752663731575
36.8406298160553,1,-0.484962731599808,-0.537629127502441,0.138511627912521,-0.102652430534363,0.356341600418091,-0.883451521396637,0.286350756883621
36.8612370491028,1,-0.484526634216309,-0.537087500095367,0.138568207621574,-0.100667469203472,0.357799291610718,-0.882415473461151,0.288424402475357
36.8811628818512,1,-0.484430968761444,-0.537149012088776,0.138571992516518,-0.100367181003094,0.357607781887054,-0.882354319095612,0.28895315527916
36.9004051685333,1,-0.484807223081589,-0.537899076938629,0.138524159789085,-0.102286502718925,0.356082379817963,-0.882367134094238,0.290122449398041
36.9200420379639,1,-0.48445463180542,-0.537221789360046,0.138552397489548,-0.100674971938133,0.357716977596283,-0.882356524467468,0.288703978061676
36.9524295330048,1,-0.484289288520813,-0.536707520484924,0.138584703207016,-0.0998158827424049,0.358927339315414,-0.882398664951324,0.287368357181549
36.9625849723816,1,-0.48478889465332,-0.537767171859741,0.138554781675339,-0.102583102881908,0.356098592281342,-0.882727563381195,0.28889861702919
36.9801821708679,1,-0.48483344912529,-0.537836313247681,0.13854992389679,-0.102772139012814,0.355455189943314,-0.882801055908203,0.289399117231369
37.0001530647278,1,-0.484765380620956,-0.537590742111206,0.13858862221241,-0.102125644683838,0.355049699544907,-0.883029997348785,0.289427101612091
37.0253865718842,1,-0.484962552785873,-0.538273930549622,0.138382002711296,-0.101714543998241,0.354396313428879,-0.881930768489838,0.293692737817764
37.0401012897491,1,-0.485309779644012,-0.539666712284088,0.138313740491867,-0.103362321853638,0.350276440382004,-0.882167100906372,0.297327846288681
37.0605840682983,1,-0.485430210828781,-0.540031433105469,0.138240933418274,-0.103297092020512,0.349197775125504,-0.881890833377838,0.299431443214417
37.0818722248077,1,-0.48543393611908,-0.540171802043915,0.138156175613403,-0.102902874350548,0.348663210868835,-0.881636798381805,0.300934672355652
37.1026155948639,1,-0.48538863658905,-0.539979159832001,0.138163164258003,-0.102221772074699,0.34827333688736,-0.881775081157684,0.301212757825851
37.1193819046021,1,-0.485325455665588,-0.539534032344818,0.138231918215752,-0.101171351969242,0.347618222236633,-0.882457196712494,0.300325453281403
37.1403713226318,1,-0.48524272441864,-0.538512051105499,0.138360008597374,-0.0990056097507477,0.348497331142426,-0.882825255393982,0.29894357919693
37.1705892086029,1,-0.48510679602623,-0.538646578788757,0.13822603225708,-0.0966283977031708,0.34763565659523,-0.882068037986755,0.302932947874069
37.181919336319,1,-0.48509669303894,-0.537898421287537,0.138478562235832,-0.0945604592561722,0.346432715654373,-0.882413566112518,0.30395582318306
37.2001006603241,1,-0.485459685325623,-0.539662599563599,0.138249263167381,-0.0953735262155533,0.341550558805466,-0.882379353046417,0.309279680252075
37.2193529605865,1,-0.485390365123749,-0.539024710655212,0.138364866375923,-0.0932270884513855,0.34071010351181,-0.882340908050537,0.310966223478317
37.251895904541,1,-0.48510867357254,-0.538671553134918,0.138211026787758,-0.0905816927552223,0.339148342609406,-0.882432162761688,0.313188165426254
37.260470867157,1,-0.485365033149719,-0.539584338665009,0.138082951307297,-0.0909007042646408,0.334904491901398,-0.88283360004425,0.316513657569885
37.2801775932312,1,-0.485497504472733,-0.539791166782379,0.138068810105324,-0.0903804525732994,0.331973493099213,-0.883747100830078,0.317200273275375
37.3149781227112,1,-0.485527098178864,-0.539784908294678,0.137976080179214,-0.0890782624483109,0.330302238464355,-0.884163439273834,0.318151861429214
37.3252952098846,1,-0.48573562502861,-0.539841651916504,0.138042628765106,-0.0881926342844963,0.327983230352402,-0.884936630725861,0.318647563457489
37.340217590332,1,-0.486063569784164,-0.540478706359863,0.138091951608658,-0.0879104286432266,0.324314445257187,-0.88569450378418,0.320370584726334
37.3605077266693,1,-0.486291319131851,-0.541006445884705,0.138019219040871,-0.0869931131601334,0.320588648319244,-0.886356890201569,0.322531670331955
37.3917870521545,1,-0.486558079719543,-0.541437149047852,0.138034462928772,-0.0864396467804909,0.316818296909332,-0.886864483356476,0.325001299381256
37.402251958847,1,-0.486720412969589,-0.541805922985077,0.138031423091888,-0.0858746916055679,0.312492549419403,-0.887615740299225,0.327280312776566
37.4201040267944,1,-0.486666709184647,-0.541562139987946,0.137965887784958,-0.0839237049221992,0.309828996658325,-0.887686848640442,0.330113410949707
37.4397730827332,1,-0.487015962600708,-0.541848003864288,0.138057246804237,-0.0832438766956329,0.305224508047104,-0.887511312961578,0.335010826587677
37.4653837680817,1,-0.487093269824982,-0.541834473609924,0.138145819306374,-0.0812520831823349,0.300164997577667,-0.887493908405304,0.340078800916672
37.4806447029114,1,-0.487256109714508,-0.541666150093079,0.138190478086472,-0.0789168030023575,0.295770347118378,-0.887121200561523,0.345409959554672
37.4997413158417,1,-0.486172169446945,-0.539197087287903,0.138256937265396,-0.0713531896471977,0.296582579612732,-0.883283913135529,0.356029629707336
37.535236120224,1,-0.486171662807465,-0.540108978748322,0.138359501957893,-0.0704190582036972,0.289393335580826,-0.883061766624451,0.362621814012527
37.541130065918,1,-0.486353039741516,-0.540970325469971,0.138341307640076,-0.0690804272890091,0.282854795455933,-0.882993698120117,0.368161797523499
37.5610201358795,1,-0.486455887556076,-0.541588664054871,0.138265609741211,-0.0668816044926643,0.277656644582748,-0.88222324848175,0.374320596456528
37.5804607868195,1,-0.485706448554993,-0.538572728633881,0.138396054506302,-0.0582550689578056,0.280294328927994,-0.879855990409851,0.379334956407547
37.6139948368073,1,-0.485896527767181,-0.538935244083405,0.138511657714844,-0.057182315737009,0.274219959974289,-0.879404366016388,0.384943455457687
37.6217460632324,1,-0.485999047756195,-0.5390265583992,0.138501971960068,-0.0554322898387909,0.269459396600723,-0.878659605979919,0.390225648880005
37.6399137973785,1,-0.485804110765457,-0.538263261318207,0.138498187065125,-0.0517641194164753,0.267215251922607,-0.877728819847107,0.394345998764038
37.6841657161713,1,-0.485877931118011,-0.538572788238525,0.138525798916817,-0.0502130724489689,0.263565242290497,-0.87759006023407,0.397300392389297
37.6869115829468,1,-0.48595130443573,-0.538626790046692,0.138574704527855,-0.0486934185028076,0.261411041021347,-0.878116846084595,0.397748559713364
37.6996250152588,1,-0.485881090164185,-0.538776218891144,0.138566941022873,-0.0473033487796783,0.260768443346024,-0.878941833972931,0.396514296531677
37.7202425003052,1,-0.485818445682526,-0.53878390789032,0.138523876667023,-0.0470222383737564,0.261533915996552,-0.880038022994995,0.393601387739182
37.7417860031128,1,-0.485835790634155,-0.53894579410553,0.138457834720612,-0.0480765290558338,0.262597441673279,-0.880626440048218,0.391443908214569
37.7605407238007,1,-0.485898792743683,-0.538812041282654,0.138531342148781,-0.0501806922256947,0.263440400362015,-0.8809934258461,0.389784246683121
37.7804372310638,1,-0.485917717218399,-0.53865122795105,0.138566553592682,-0.0519146732985973,0.262767493724823,-0.881554782390594,0.38874077796936
37.8000988960266,1,-0.485972791910172,-0.538663506507874,0.138563558459282,-0.0525896698236465,0.260299146175385,-0.881556510925293,0.390303522348404
37.8272471427917,1,-0.486017346382141,-0.538687765598297,0.138596028089523,-0.0513744689524174,0.256702750921249,-0.880786836147308,0.394561529159546
37.840069770813,1,-0.48603218793869,-0.5385422706604,0.138634875416756,-0.0488549433648586,0.25351271033287,-0.879959344863892,0.398768156766891
37.8608136177063,1,-0.486055195331573,-0.538610935211182,0.138629823923111,-0.0462118461728096,0.250588893890381,-0.87932813167572,0.40230792760849
37.8978862762451,1,-0.48608660697937,-0.538389205932617,0.13866014778614,-0.0433068834245205,0.248992159962654,-0.87866199016571,0.405068874359131
37.9016699790955,1,-0.486051440238953,-0.538247644901276,0.13865227997303,-0.0415578782558441,0.247323095798492,-0.878381848335266,0.406877815723419
37.91987657547,1,-0.486177027225494,-0.538657069206238,0.138680920004845,-0.0417995154857635,0.244532003998756,-0.878525614738464,0.408227473497391
37.9401793479919,1,-0.486128002405167,-0.538708090782166,0.138675913214684,-0.041954580694437,0.242720291018486,-0.878717303276062,0.408879786729813
37.972332239151,1,-0.486068904399872,-0.538698971271515,0.13864754140377,-0.0422447510063648,0.24160335958004,-0.879179239273071,0.408518224954605
37.9823982715607,1,-0.486082792282104,-0.538759052753448,0.138636931777,-0.0427695736289024,0.240822181105614,-0.87988018989563,0.407414346933365
38.0010557174683,1,-0.486128717660904,-0.538755238056183,0.138669788837433,-0.0430077128112316,0.240737348794937,-0.880712807178497,0.405636429786682
38.0209023952484,1,-0.486183702945709,-0.538785994052887,0.138692796230316,-0.0432270616292953,0.241083353757858,-0.881864368915558,0.40289643406868
38.0473284721375,1,-0.486117511987686,-0.538596272468567,0.13871331512928,-0.0429277755320072,0.242324709892273,-0.882970213890076,0.399749487638474
38.0603637695312,1,-0.486143231391907,-0.53853440284729,0.138760089874268,-0.0432429127395153,0.243289843201637,-0.883807003498077,0.397272378206253
38.0811245441437,1,-0.486117839813232,-0.538357019424438,0.138703554868698,-0.0433547869324684,0.245058879256248,-0.884336948394775,0.394986987113953
38.1167008876801,1,-0.486012369394302,-0.53847324848175,0.13864678144455,-0.0438423231244087,0.246111378073692,-0.884971439838409,0.392852038145065
38.1202986240387,1,-0.48560842871666,-0.537609159946442,0.138592928647995,-0.0426438897848129,0.25000262260437,-0.885284602642059,0.389809548854828
38.1411700248718,1,-0.485751330852509,-0.53784853219986,0.138592839241028,-0.0448724739253521,0.252196907997131,-0.886751294136047,0.384779423475266
38.1605384349823,1,-0.485947102308273,-0.538670897483826,0.138612791895866,-0.0485188737511635,0.253516465425491,-0.888738751411438,0.378838717937469
38.1971428394318,1,-0.485831171274185,-0.539206802845001,0.138500794768333,-0.0517413727939129,0.256738185882568,-0.890073716640472,0.373064517974854
38.2071719169617,1,-0.48577418923378,-0.539479494094849,0.138436019420624,-0.0551363937556744,0.260428011417389,-0.892239809036255,0.364753931760788
38.2231457233429,1,-0.485628604888916,-0.539500951766968,0.138355880975723,-0.0580995343625546,0.265327364206314,-0.893734931945801,0.357020735740662
38.2401127815247,1,-0.485807061195374,-0.539216160774231,0.138340324163437,-0.0615676790475845,0.271644711494446,-0.895666062831879,0.346700102090836
38.2734220027924,1,-0.48582050204277,-0.539079785346985,0.138369128108025,-0.0652335435152054,0.276891231536865,-0.896814942359924,0.338819652795792
38.2797236442566,1,-0.486264914274216,-0.541079223155975,0.138362005352974,-0.0726195350289345,0.277188569307327,-0.898146510124207,0.333505541086197
38.2998218536377,1,-0.486506938934326,-0.542275369167328,0.138453722000122,-0.0786308571696281,0.27887549996376,-0.899660050868988,0.326584488153458
38.3200736045837,1,-0.486490607261658,-0.543345034122467,0.138270363211632,-0.0828220099210739,0.281080275774002,-0.900400817394257,0.321578621864319
38.3467881679535,1,-0.486634165048599,-0.54374897480011,0.138298362493515,-0.0863390415906906,0.283959686756134,-0.901336371898651,0.315444648265839
38.3606691360474,1,-0.486659616231918,-0.544143795967102,0.138202160596848,-0.0891047120094299,0.286549031734467,-0.902107834815979,0.310083031654358
38.3793365955353,1,-0.486814200878143,-0.544146656990051,0.138303935527802,-0.0910552814602852,0.288917392492294,-0.902536511421204,0.30604499578476
38.4129514694214,1,-0.486819505691528,-0.543804943561554,0.138328641653061,-0.0914350971579552,0.291581153869629,-0.90258401632309,0.303252607584
38.4233012199402,1,-0.486613184213638,-0.542695701122284,0.138333305716515,-0.0896861851215363,0.29538282752037,-0.90200263261795,0.301822155714035
38.4413619041443,1,-0.486391097307205,-0.541513562202454,0.138328641653061,-0.0874937698245049,0.298789888620377,-0.901147305965424,0.301667153835297
38.4604127407074,1,-0.486320465803146,-0.541060388088226,0.138314038515091,-0.0863967835903168,0.299921721220016,-0.900259912014008,0.303503960371017
38.4879007339478,1,-0.486298680305481,-0.541086554527283,0.138302326202393,-0.0863364934921265,0.299873024225235,-0.899426221847534,0.306030869483948
38.4998264312744,1,-0.486247599124908,-0.541145622730255,0.13831527531147,-0.0868897885084152,0.299524068832397,-0.899059891700745,0.307289719581604
38.5208733081818,1,-0.486297994852066,-0.54118824005127,0.13836082816124,-0.0876544639468193,0.299299329519272,-0.899106502532959,0.307155072689056
38.5393795967102,1,-0.486288189888,-0.54121333360672,0.138335824012756,-0.0875057056546211,0.299292594194412,-0.898941576480865,0.307686030864716
38.5587451457977,1,-0.486249685287476,-0.541154980659485,0.13829131424427,-0.0866449028253555,0.299729019403458,-0.898756206035614,0.308046221733093
38.5839457511902,1,-0.486310720443726,-0.541370511054993,0.138266414403915,-0.0867923051118851,0.299583226442337,-0.898810505867004,0.307988196611404
38.5993692874908,1,-0.486309826374054,-0.541370928287506,0.138303831219673,-0.0869989544153214,0.299672544002533,-0.898908138275146,0.307557910680771
38.6232795715332,1,-0.486322611570358,-0.541428804397583,0.138314992189407,-0.0874390825629234,0.299481600522995,-0.898916661739349,0.307594031095505
38.6383805274963,1,-0.486304372549057,-0.541354358196259,0.138325348496437,-0.0875563621520996,0.299654215574265,-0.898813843727112,0.30769282579422
38.6598837375641,1,-0.486287236213684,-0.541214942932129,0.138336554169655,-0.0874577313661575,0.299938052892685,-0.898571014404297,0.308153361082077
38.6803314685822,1,-0.486271262168884,-0.541087925434113,0.138357251882553,-0.0874392539262772,0.29998579621315,-0.898470282554626,0.308405637741089
38.6991128921509,1,-0.486250728368759,-0.541164696216583,0.138308554887772,-0.0872300043702126,0.299560397863388,-0.898284196853638,0.309418827295303
38.7333295345306,1,-0.486207067966461,-0.54123729467392,0.138258039951324,-0.0866043716669083,0.299131691455841,-0.89800238609314,0.310824155807495
38.7403512001038,1,-0.485894411802292,-0.53942596912384,0.138233751058578,-0.0831106454133987,0.303516507148743,-0.897069990634918,0.310218751430511
38.7591614723206,1,-0.485962808132172,-0.539560377597809,0.138223052024841,-0.0833787471055984,0.302941024303436,-0.897080779075623,0.310677915811539
38.7819001674652,1,-0.485996216535568,-0.53961169719696,0.138215154409409,-0.0834106877446175,0.302674978971481,-0.897091746330261,0.310896933078766
38.8051071166992,1,-0.486071974039078,-0.539743006229401,0.138208091259003,-0.0837585255503654,0.302309036254883,-0.897093057632446,0.311155587434769
38.820564031601,1,-0.486111998558044,-0.539852738380432,0.138208463788033,-0.0841996520757675,0.302169919013977,-0.89705890417099,0.311270177364349
38.8400473594666,1,-0.486166954040527,-0.539921224117279,0.138234496116638,-0.0847503617405891,0.302155464887619,-0.897105991840363,0.310998827219009
38.8683378696442,1,-0.486116141080856,-0.539806723594666,0.138233810663223,-0.0844474732875824,0.302501410245895,-0.897167086601257,0.310568392276764
38.8795173168182,1,-0.486123770475388,-0.53982949256897,0.138219386339188,-0.08427694439888,0.302655547857285,-0.897188723087311,0.310402005910873
38.9003915786743,1,-0.486184358596802,-0.539898991584778,0.138229638338089,-0.0845971629023552,0.302602529525757,-0.897226929664612,0.310256481170654
38.9202399253845,1,-0.486207544803619,-0.539939045906067,0.138265565037727,-0.0851229503750801,0.302609324455261,-0.897334098815918,0.309795409440994
38.9447526931763,1,-0.486265003681183,-0.539988100528717,0.138268545269966,-0.0856034904718399,0.302652716636658,-0.8973588347435,0.309548884630203
38.9603703022003,1,-0.486213207244873,-0.539853632450104,0.138282030820847,-0.0854237377643585,0.303154617547989,-0.897397696971893,0.30899453163147
38.9793879985809,1,-0.486160039901733,-0.539788901805878,0.138278365135193,-0.0850859805941582,0.30351522564888,-0.897501051425934,0.308432668447495
39.0067989826202,1,-0.486187100410461,-0.540785789489746,0.138272508978844,-0.086261935532093,0.300878763198853,-0.8976930975914,0.310125738382339
39.0196268558502,1,-0.486279457807541,-0.541647791862488,0.138219177722931,-0.0868012011051178,0.29876720905304,-0.897930026054382,0.311328440904617
39.0402958393097,1,-0.486299961805344,-0.541940033435822,0.138167724013329,-0.0865841582417488,0.297983527183533,-0.897908627986908,0.312200397253036
39.061071395874,1,-0.486301422119141,-0.541959524154663,0.138171434402466,-0.0864032581448555,0.297899335622787,-0.897827684879303,0.312563598155975
39.0798187255859,1,-0.486282825469971,-0.541901290416718,0.138176023960114,-0.0865251049399376,0.298150807619095,-0.897797465324402,0.31237667798996
39.099781036377,1,-0.486245334148407,-0.541592419147491,0.138211101293564,-0.0864081904292107,0.299043625593185,-0.898021221160889,0.310909003019333
39.1199445724487,1,-0.486224889755249,-0.541359007358551,0.138238936662674,-0.0862946882843971,0.299822121858597,-0.898202002048492,0.309666186571121
39.1538336277008,1,-0.486219644546509,-0.541229963302612,0.138245731592178,-0.0859263390302658,0.300462454557419,-0.898325145244598,0.308789551258087
39.1604018211365,1,-0.486279875040054,-0.54137396812439,0.138220235705376,-0.0857903957366943,0.3006412088871,-0.898307323455811,0.308705061674118
39.1797246932983,1,-0.486324518918991,-0.541529357433319,0.138198718428612,-0.0860132128000259,0.300545990467072,-0.898371577262878,0.308548718690872
39.2001972198486,1,-0.486329913139343,-0.541512072086334,0.138212084770203,-0.0862720832228661,0.300369292497635,-0.898517787456512,0.308222681283951
39.2254300117493,1,-0.486259639263153,-0.541325330734253,0.13822877407074,-0.0859656035900116,0.300261288881302,-0.898648858070374,0.308031648397446
39.2395031452179,1,-0.486253380775452,-0.541397929191589,0.138196095824242,-0.085625484585762,0.299446821212769,-0.898641884326935,0.308937966823578
39.2594475746155,1,-0.486165583133698,-0.541316330432892,0.138163506984711,-0.0845449194312096,0.298857867717743,-0.898627102375031,0.309847354888916
39.2964193820953,1,-0.486218750476837,-0.541467189788818,0.138167649507523,-0.0838319137692451,0.29776069521904,-0.898619174957275,0.31111815571785
39.3006601333618,1,-0.486232578754425,-0.541606962680817,0.138157233595848,-0.0831611901521683,0.297001332044601,-0.89874005317688,0.31167408823967
39.3201127052307,1,-0.486314326524734,-0.541961133480072,0.138134002685547,-0.0833979845046997,0.29599604010582,-0.898954272270203,0.311949253082275
39.3395547866821,1,-0.486298799514771,-0.54205322265625,0.138130336999893,-0.0834851935505867,0.295422911643982,-0.899263560771942,0.311577498912811
39.3648252487183,1,-0.486348271369934,-0.542202830314636,0.138141572475433,-0.08415237814188,0.294542402029037,-0.899664521217346,0.311073780059814
39.3798401355743,1,-0.486283600330353,-0.542086839675903,0.138120636343956,-0.0840531438589096,0.294285148382187,-0.899991869926453,0.310396462678909
39.3993916511536,1,-0.486386477947235,-0.542455196380615,0.138175278902054,-0.0843956246972084,0.292582541704178,-0.900281369686127,0.311073064804077
39.4310507774353,1,-0.486536502838135,-0.543459177017212,0.138183698058128,-0.0851833522319794,0.2889544069767,-0.900616466999054,0.313271790742874
39.4423472881317,1,-0.486621916294098,-0.543901324272156,0.138222768902779,-0.0846562534570694,0.286133080720901,-0.900637090206146,0.315933674573898
39.4608337879181,1,-0.486024528741837,-0.540107309818268,0.138199880719185,-0.0766314715147018,0.293708264827728,-0.899145781993866,0.315277725458145
39.479389667511,1,-0.48614564538002,-0.541014730930328,0.13834074139595,-0.0761829242110252,0.287345379590988,-0.899037718772888,0.321496456861496
39.5049197673798,1,-0.486199617385864,-0.542572915554047,0.138257175683975,-0.0760363563895226,0.279911458492279,-0.898891627788544,0.328423470258713
39.519832611084,1,-0.486295521259308,-0.54240083694458,0.138319805264473,-0.0744894221425056,0.276025682687759,-0.898290991783142,0.333668351173401
39.5475723743439,1,-0.486176133155823,-0.54139369726181,0.13828644156456,-0.0711278691887856,0.273813664913177,-0.897442281246185,0.33847364783287
39.5593881607056,1,-0.485839992761612,-0.539270460605621,0.138437211513519,-0.0662772655487061,0.272836863994598,-0.895858585834503,0.344390630722046
39.5792231559753,1,-0.4860620200634,-0.540184676647186,0.138373345136642,-0.0657134354114532,0.264341473579407,-0.894674062728882,0.354067653417587
39.6013076305389,1,-0.486067831516266,-0.541309952735901,0.138237372040749,-0.064642645418644,0.25415775179863,-0.892389178276062,0.367242008447647
39.6186141967773,1,-0.485629498958588,-0.538129270076752,0.138475880026817,-0.0570678822696209,0.253446877002716,-0.889153838157654,0.376714140176773
39.6423401832581,1,-0.485711932182312,-0.537844240665436,0.138534933328629,-0.0546580590307713,0.245825603604317,-0.886570811271667,0.388039469718933
39.659078836441,1,-0.485921412706375,-0.538384318351746,0.138704270124435,-0.0541984997689724,0.235834628343582,-0.883647620677948,0.400763541460037
39.6902935504913,1,-0.485911667346954,-0.53816682100296,0.138647258281708,-0.0517494678497314,0.228446304798126,-0.880411684513092,0.412321954965591
39.6993060112,1,-0.486053764820099,-0.537971615791321,0.13874463737011,-0.0501925945281982,0.221063867211342,-0.87695574760437,0.423745155334473
39.7193200588226,1,-0.486301213502884,-0.538875818252563,0.138759851455688,-0.0504193268716335,0.211894258856773,-0.873617947101593,0.43514409661293
39.7423233985901,1,-0.486478894948959,-0.539004683494568,0.138799548149109,-0.0496597588062286,0.204729557037354,-0.870124161243439,0.445537567138672
39.7588491439819,1,-0.486451268196106,-0.538679957389832,0.138811603188515,-0.0483778268098831,0.198442652821541,-0.866186618804932,0.456071227788925
39.7844223976135,1,-0.486229419708252,-0.537834107875824,0.138883769512177,-0.0464500486850739,0.19297231733799,-0.860864043235779,0.468526691198349
39.7988710403442,1,-0.486293524503708,-0.537057101726532,0.139002084732056,-0.0449839532375336,0.187821611762047,-0.856032967567444,0.4794861972332
39.8193621635437,1,-0.486184358596802,-0.536951303482056,0.138946503400803,-0.0443242192268372,0.181194737553596,-0.850816488265991,0.491238534450531
39.84050822258,1,-0.486329138278961,-0.536827206611633,0.138978913426399,-0.0439413152635098,0.174975365400314,-0.846622586250305,0.500682592391968
39.8593671321869,1,-0.486269325017929,-0.536692380905151,0.139039263129234,-0.043176781386137,0.168256312608719,-0.841386675834656,0.51175594329834
39.8786656856537,1,-0.486380100250244,-0.535774886608124,0.139023885130882,-0.040597639977932,0.163245812058449,-0.834535300731659,0.524645984172821
39.9000327587128,1,-0.486493319272995,-0.535607814788818,0.139113917946815,-0.0391750112175941,0.155697673559189,-0.826690435409546,0.539264678955078
39.9347062110901,1,-0.486636489629745,-0.535551369190216,0.139161318540573,-0.036961704492569,0.147611171007156,-0.818117499351501,0.554552555084229
39.9433178901672,1,-0.487361550331116,-0.535482287406921,0.139453664422035,-0.0362818911671638,0.139268770813942,-0.809102535247803,0.569772839546204
39.9594857692719,1,-0.487165063619614,-0.535592615604401,0.139372617006302,-0.0336038209497929,0.129180803894997,-0.797484338283539,0.588389217853546
39.9982299804688,1,-0.487696975469589,-0.534046471118927,0.13898029923439,-0.0300585404038429,0.124820314347744,-0.787486433982849,0.602811455726624
40.0001277923584,1,-0.487858563661575,-0.533259332180023,0.138940587639809,-0.0276456475257874,0.118009015917778,-0.778209805488586,0.616197228431702
40.0198605060577,1,-0.487884759902954,-0.534112751483917,0.13907290995121,-0.0279576312750578,0.10731266438961,-0.768938422203064,0.629631698131561
40.0401201248169,1,-0.487564027309418,-0.535112380981445,0.139431968331337,-0.0277884304523468,0.0954399928450584,-0.759060204029083,0.643386840820312
40.0653595924377,1,-0.48776376247406,-0.535030484199524,0.139448344707489,-0.0259545668959618,0.088559553027153,-0.74773645401001,0.657551348209381
40.0796778202057,1,-0.48800003528595,-0.534890294075012,0.139445096254349,-0.0234770532697439,0.0813471078872681,-0.736292958259583,0.671345114707947
40.099794626236,1,-0.488135725259781,-0.534825146198273,0.139418631792068,-0.0202021840959787,0.0735876560211182,-0.723408818244934,0.686189770698547
40.1353843212128,1,-0.488332629203796,-0.534462809562683,0.139328375458717,-0.0159297455102205,0.0656493008136749,-0.708704233169556,0.702264010906219
40.1420555114746,1,-0.488513112068176,-0.534635186195374,0.139504626393318,-0.0129549372941256,0.056496474891901,-0.694004952907562,0.717633247375488
40.1611137390137,1,-0.48882532119751,-0.534749388694763,0.139512374997139,-0.00947094894945621,0.0474316701292992,-0.677231907844543,0.734178185462952
40.1811482906342,1,-0.489030063152313,-0.53484696149826,0.139550060033798,-0.00623715575784445,0.0391116365790367,-0.662158012390137,0.748316943645477
40.2088830471039,1,-0.489004701375961,-0.534984350204468,0.139698445796967,-0.00349888135679066,0.0307367835193872,-0.649361073970795,0.759850800037384
40.2202634811401,1,-0.489525705575943,-0.534677565097809,0.13968051970005,-0.00073934841202572,0.0255312249064445,-0.638804316520691,0.768945217132568
40.2394979000092,1,-0.489453941583633,-0.53497302532196,0.13965331017971,0.00200545368716121,0.0188631005585194,-0.627062499523163,0.778738021850586
40.2799112796783,1,-0.489517986774445,-0.534823894500732,0.139644488692284,0.00509753683581948,0.0136376777663827,-0.615059733390808,0.788346111774445
40.2807664871216,1,-0.489630728960037,-0.53492271900177,0.139649778604507,0.00724073825404048,0.00868389289826155,-0.604721307754517,0.796356856822968
40.3004815578461,1,-0.489555597305298,-0.535238146781921,0.139838352799416,0.00878537725657225,0.00326743605546653,-0.596882522106171,0.80227392911911
40.3206732273102,1,-0.489630520343781,-0.535111308097839,0.139792114496231,0.0113874217495322,-0.000371446512872353,-0.588500201702118,0.808416903018951
40.3508911132812,1,-0.489805221557617,-0.535074830055237,0.139760389924049,0.0138377137482166,-0.00341444718651474,-0.58038192987442,0.81421971321106
40.3602178096771,1,-0.490130215883255,-0.534600079059601,0.139650732278824,0.0172924548387527,-0.00529688457027078,-0.571198523044586,0.820612728595734
40.3801913261414,1,-0.489975899457932,-0.534815847873688,0.139791026711464,0.0202938318252563,-0.00947129260748625,-0.562740802764893,0.826330006122589
40.4065542221069,1,-0.4900863468647,-0.534967303276062,0.139796525239944,0.0232682898640633,-0.0124629251658916,-0.554457664489746,0.831793308258057
40.4232985973358,1,-0.490211457014084,-0.534795641899109,0.139722749590874,0.0265240222215652,-0.0146176358684897,-0.545511722564697,0.837555766105652
40.4413149356842,1,-0.490563422441483,-0.534612417221069,0.139623492956161,0.0285350866615772,-0.0152879673987627,-0.538636982440948,0.841915905475616
40.4594759941101,1,-0.490203320980072,-0.534817099571228,0.139825165271759,0.0292984712868929,-0.0177681054919958,-0.534489274024963,0.844480395317078
40.4980609416962,1,-0.490315735340118,-0.534908771514893,0.139811441302299,0.0286894887685776,-0.0188612695783377,-0.530371606349945,0.84706974029541
40.5015997886658,1,-0.490459859371185,-0.534929513931274,0.139784172177315,0.0276983827352524,-0.0197415538132191,-0.526077508926392,0.849756181240082
40.5197553634644,1,-0.490486651659012,-0.534881889820099,0.139732554554939,0.0265028607100248,-0.0200056545436382,-0.524446904659271,0.850795447826385
40.5398745536804,1,-0.49053019285202,-0.534731268882751,0.139654412865639,0.0249924696981907,-0.0199092775583267,-0.524779975414276,0.850638031959534
40.5722479820251,1,-0.490571826696396,-0.534717082977295,0.139593243598938,0.0233669523149729,-0.0201901011168957,-0.525913119316101,0.849977552890778
40.5818824768066,1,-0.49065437912941,-0.534573793411255,0.139578208327293,0.0223779026418924,-0.0205225758254528,-0.525147199630737,0.850469648838043
40.5998220443726,1,-0.490400552749634,-0.53475147485733,0.139696836471558,0.0219226982444525,-0.0223696995526552,-0.522144913673401,0.852281451225281
40.6201140880585,1,-0.490528404712677,-0.534618437290192,0.1396843791008,0.021848289296031,-0.0226160641759634,-0.517330288887024,0.855207860469818
40.6495032310486,1,-0.490669369697571,-0.534834623336792,0.139755770564079,0.0213140584528446,-0.0236474703997374,-0.510168194770813,0.859485328197479
40.6599099636078,1,-0.490711450576782,-0.535069406032562,0.139911293983459,0.0211203955113888,-0.0251850001513958,-0.501112520694733,0.864757657051086
40.6814243793488,1,-0.490805596113205,-0.534968376159668,0.139805525541306,0.0231291092932224,-0.025895893573761,-0.490662217140198,0.870657920837402
40.7000546455383,1,-0.490640640258789,-0.534975647926331,0.139778420329094,0.0254251379519701,-0.0271567646414042,-0.479014962911606,0.877018094062805
40.7252271175385,1,-0.490649461746216,-0.534861028194427,0.139769092202187,0.0281488671898842,-0.0287104919552803,-0.469652205705643,0.881935477256775
40.74085688591,1,-0.490820467472076,-0.534777402877808,0.139714241027832,0.029992813244462,-0.0302691273391247,-0.462850838899612,0.885411322116852
40.7602109909058,1,-0.490994215011597,-0.534681558609009,0.139555767178535,0.0312435459345579,-0.0317933335900307,-0.457361996173859,0.888162732124329
40.8024866580963,1,-0.490861505270004,-0.534821271896362,0.13961386680603,0.0320668183267117,-0.0350922755897045,-0.453232049942017,0.890124142169952
40.8040809631348,1,-0.490931898355484,-0.534359097480774,0.139350920915604,0.0333431139588356,-0.0359020419418812,-0.448440492153168,0.892468750476837
40.8198661804199,1,-0.490654319524765,-0.534869492053986,0.139874175190926,0.0310006625950336,-0.0392204225063324,-0.446319371461868,0.893476247787476
40.8400497436523,1,-0.490658223628998,-0.534969687461853,0.139904543757439,0.0301204435527325,-0.0396173223853111,-0.444640100002289,0.89432567358017
40.8795042037964,1,-0.490702897310257,-0.53497451543808,0.139899283647537,0.0291237104684114,-0.0393764488399029,-0.443953543901443,0.894710302352905
40.8818562030792,1,-0.490784257650375,-0.534886300563812,0.139869868755341,0.028439600020647,-0.0389544405043125,-0.444118231534958,0.894669115543365
40.8994355201721,1,-0.49094820022583,-0.534746468067169,0.139786884188652,0.027943953871727,-0.0385096296668053,-0.444986045360565,0.894272685050964
40.919930934906,1,-0.491135746240616,-0.534295916557312,0.139402478933334,0.029032152146101,-0.0371723920106888,-0.44603830575943,0.893770158290863
40.9512822628021,1,-0.491088360548019,-0.534566938877106,0.139542251825333,0.027780931442976,-0.0379000864923,-0.448082864284515,0.892756104469299
40.9617729187012,1,-0.490824788808823,-0.534820675849915,0.139692097902298,0.027235358953476,-0.0389448925852776,-0.450652837753296,0.891433477401733
40.9805054664612,1,-0.491037011146545,-0.534623026847839,0.139553084969521,0.0269030760973692,-0.0376321561634541,-0.453904956579208,0.889848470687866
41.0005769729614,1,-0.49090513586998,-0.53478217124939,0.13960500061512,0.0259405560791492,-0.0377243608236313,-0.458121031522751,0.88771003484726
41.0258455276489,1,-0.490646094083786,-0.535071611404419,0.139867767691612,0.0246286168694496,-0.0386706069111824,-0.463574558496475,0.884871065616608
41.0405421257019,1,-0.490836799144745,-0.534878849983215,0.139747157692909,0.0238319635391235,-0.0368230752646923,-0.467989504337311,0.882644891738892
41.0605731010437,1,-0.491122364997864,-0.534835934638977,0.13960736989975,0.0229035429656506,-0.0346894972026348,-0.472037494182587,0.880597949028015
41.1004283428192,1,-0.491160482168198,-0.534791588783264,0.139588370919228,0.022756464779377,-0.0334251783788204,-0.474562704563141,0.879292488098145
41.102588891983,1,-0.491043210029602,-0.534759402275085,0.139671117067337,0.0230063665658236,-0.0329461991786957,-0.476036220788956,0.878507137298584
41.1200308799744,1,-0.491070508956909,-0.534708917140961,0.139636278152466,0.0232933349907398,-0.0320766232907772,-0.477086871862411,0.877961575984955
41.1407880783081,1,-0.491094350814819,-0.534698784351349,0.139560058712959,0.0234403777867556,-0.0311409756541252,-0.478092283010483,0.877444386482239
41.1606006622314,1,-0.491021990776062,-0.534708380699158,0.139541119337082,0.0235323663800955,-0.0305711831897497,-0.479661792516708,0.876604914665222
41.1797273159027,1,-0.490855038166046,-0.534672737121582,0.139649018645287,0.0234365984797478,-0.0302566308528185,-0.481286883354187,0.875727295875549
41.2044320106506,1,-0.490608036518097,-0.534725725650787,0.139717355370522,0.0231368783861399,-0.0297496225684881,-0.483341842889786,0.874620079994202
41.2183530330658,1,-0.490562677383423,-0.534888803958893,0.139693930745125,0.0221638064831495,-0.0282666739076376,-0.485920488834381,0.87326455116272
41.2550148963928,1,-0.490770399570465,-0.534764468669891,0.139545172452927,0.0210221111774445,-0.0252617169171572,-0.48749965429306,0.872504532337189
41.2621467113495,1,-0.490714728832245,-0.534691512584686,0.13959938287735,0.0199320763349533,-0.0229601003229618,-0.489029586315155,0.871737122535706
41.2795407772064,1,-0.49054366350174,-0.534855127334595,0.139642059803009,0.0187526028603315,-0.0211229585111141,-0.490927666425705,0.870742380619049
41.3010547161102,1,-0.490816801786423,-0.534724950790405,0.139551043510437,0.0174928605556488,-0.0174145419150591,-0.493490993976593,0.869400560855865
41.3204357624054,1,-0.490284532308578,-0.534974038600922,0.139768958091736,0.016398036852479,-0.0171233303844929,-0.49622917175293,0.867867767810822
41.3384821414948,1,-0.490101128816605,-0.535074591636658,0.139760658144951,0.0155296325683594,-0.0158561673015356,-0.499176353216171,0.86621618270874
41.3603029251099,1,-0.490064263343811,-0.53495991230011,0.139695718884468,0.0150327859446406,-0.0143891219049692,-0.501435816287994,0.864944577217102
41.3800733089447,1,-0.490036755800247,-0.534944593906403,0.139643982052803,0.0144548080861568,-0.0137643786147237,-0.502514958381653,0.864338159561157
41.406453371048,1,-0.490040063858032,-0.535029470920563,0.139618277549744,0.0136561896651983,-0.013756861910224,-0.502941727638245,0.864102959632874
41.4203782081604,1,-0.490004360675812,-0.535038232803345,0.139608785510063,0.0130710918456316,-0.0139992320910096,-0.503752708435059,0.863635540008545
41.4397940635681,1,-0.490092515945435,-0.534928143024445,0.139550194144249,0.0126025574281812,-0.0137708382681012,-0.50499027967453,0.862923145294189
41.4647481441498,1,-0.49027556180954,-0.534756600856781,0.139485448598862,0.0119233466684818,-0.0132177704945207,-0.506988346576691,0.861769139766693
41.4792292118073,1,-0.490123897790909,-0.534916698932648,0.139611303806305,0.0107417088001966,-0.0141460783779621,-0.510111451148987,0.859924972057343
41.5013608932495,1,-0.48998361825943,-0.534929752349854,0.139675989747047,0.00980998575687408,-0.0144743677228689,-0.512868344783783,0.858289301395416
41.5214338302612,1,-0.489498555660248,-0.535241067409515,0.139882102608681,0.0083426870405674,-0.0160236321389675,-0.515555918216705,0.8566654920578
41.5399379730225,1,-0.48981174826622,-0.535012006759644,0.139717146754265,0.00682740332558751,-0.0140967573970556,-0.51816064119339,0.855139911174774
41.5594058036804,1,-0.489800572395325,-0.534929156303406,0.139613851904869,0.00519144767895341,-0.0129303829744458,-0.521032214164734,0.853423237800598
41.5832469463348,1,-0.490129768848419,-0.534437537193298,0.139424726366997,0.00386848673224449,-0.00999358016997576,-0.52375203371048,0.851803362369537
41.5989294052124,1,-0.490022659301758,-0.534684658050537,0.139414712786674,0.00175828009378165,-0.00892916321754456,-0.52740091085434,0.849567890167236
41.6188898086548,1,-0.489913612604141,-0.53453928232193,0.139415115118027,-1.65917354024714e-05,-0.00704557728022337,-0.531144201755524,0.847252190113068
41.6480829715729,1,-0.490140825510025,-0.534391045570374,0.139222279191017,-0.00207976181991398,-0.00393019570037723,-0.535625398159027,0.844444036483765
41.6597225666046,1,-0.489826142787933,-0.534525036811829,0.139409884810448,-0.00422520749270916,-0.00308095780201256,-0.540296912193298,0.841458261013031
41.6811652183533,1,-0.489621102809906,-0.534609258174896,0.139487132430077,-0.00607864418998361,-0.00214435067027807,-0.54365599155426,0.839283347129822
41.7184810638428,1,-0.489714026451111,-0.534651637077332,0.139405444264412,-0.007872867397964,-1.39287749334471e-05,-0.545618712902069,0.837996602058411
41.7217314243317,1,-0.489558309316635,-0.534734487533569,0.139498606324196,-0.00914784800261259,0.000640649464912713,-0.546770513057709,0.837232232093811
41.7404458522797,1,-0.489706635475159,-0.534639954566956,0.139426410198212,-0.00957247894257307,0.00220670667476952,-0.548490047454834,0.836099445819855
41.7603640556335,1,-0.489579558372498,-0.534744083881378,0.139456301927567,-0.00917071383446455,0.00223290990106761,-0.550211191177368,0.834972202777863
41.791481256485,1,-0.489524364471436,-0.534810543060303,0.139477252960205,-0.00813913904130459,0.00186631584074348,-0.551242351531982,0.834303438663483
41.8036653995514,1,-0.489685267210007,-0.534674167633057,0.139411821961403,-0.00685204146429896,0.00218433979898691,-0.551041007041931,0.834447264671326
41.8202421665192,1,-0.489657789468765,-0.534689009189606,0.139405801892281,-0.00617242697626352,0.00182595872320235,-0.550631701946259,0.834723472595215
41.8401987552643,1,-0.489659756422043,-0.534655690193176,0.139423117041588,-0.0060057332739234,0.00168515637051314,-0.54977685213089,0.835288286209106
41.8720369338989,1,-0.489696621894836,-0.53461104631424,0.13938695192337,-0.00631758524104953,0.00194011686835438,-0.549788177013397,0.83527797460556
41.8831307888031,1,-0.489692211151123,-0.534686863422394,0.139431178569794,-0.00720253819599748,0.00184987275861204,-0.550279259681702,0.83494758605957
41.8998396396637,1,-0.489707380533218,-0.534723401069641,0.139410689473152,-0.00795352086424828,0.00167960475664586,-0.551076889038086,0.834414899349213
41.9204189777374,1,-0.489703238010406,-0.534659206867218,0.139391303062439,-0.00791631639003754,0.00127031933516264,-0.550367653369904,0.83488392829895
41.9538679122925,1,-0.489684581756592,-0.534722864627838,0.139423832297325,-0.0077725569717586,0.000584028952289373,-0.548699617385864,0.835983335971832
41.9619326591492,1,-0.489702582359314,-0.534762144088745,0.139428675174713,-0.00742555456236005,0.000214956511626951,-0.547122657299042,0.837019562721252
41.9798846244812,1,-0.489691853523254,-0.534735560417175,0.139464899897575,-0.00659968331456184,-5.23819880982046e-06,-0.545441389083862,0.838123083114624
41.9996042251587,1,-0.489713370800018,-0.534690022468567,0.139457762241364,-0.00588976545259356,-0.000141346972668543,-0.543915629386902,0.839119255542755
42.0292932987213,1,-0.489671021699905,-0.534753382205963,0.13945809006691,-0.00549524696543813,-0.000443699245806783,-0.543329417705536,0.8395015001297
42.0413751602173,1,-0.489712178707123,-0.534712851047516,0.139458492398262,-0.00512484787032008,-0.000767169462051243,-0.542279124259949,0.840182423591614
42.0601439476013,1,-0.489516288042068,-0.534824550151825,0.139548301696777,-0.00446650432422757,-0.00227015139535069,-0.539584517478943,0.841916561126709
42.0796632766724,1,-0.490071356296539,-0.534760296344757,0.139365315437317,-0.00388466939330101,-0.00161698739975691,-0.53535658121109,0.844615697860718
42.1074192523956,1,-0.490115851163864,-0.534770131111145,0.139475747942924,-0.00327741610817611,-0.00274898461066186,-0.530585408210754,0.847620666027069
42.1197452545166,1,-0.490025281906128,-0.534875750541687,0.139566600322723,-0.00264076655730605,-0.00424848217517138,-0.527534961700439,0.849518597126007
42.1404051780701,1,-0.490072309970856,-0.534813702106476,0.13956306874752,-0.00200287695042789,-0.00494020525366068,-0.526330232620239,0.85026353597641
42.1620895862579,1,-0.490182846784592,-0.534746766090393,0.139496922492981,-0.00145773810800165,-0.00494458572939038,-0.527070820331573,0.849805772304535
42.186854839325,1,-0.490234941244125,-0.534709095954895,0.139454379677773,-0.000871715368703008,-0.00506281154230237,-0.527489066123962,0.849546313285828
42.2000367641449,1,-0.490155011415482,-0.534717738628387,0.139318615198135,0.000207055069040507,-0.00527205830439925,-0.525730669498444,0.850634813308716
42.2193489074707,1,-0.490192800760269,-0.534815311431885,0.139306753873825,0.000621413753833622,-0.00578284356743097,-0.524131298065186,0.851617693901062
42.2455339431763,1,-0.490163534879684,-0.534843802452087,0.13930469751358,0.00106204277835786,-0.00648569595068693,-0.522985696792603,0.85231614112854
42.2614133358002,1,-0.489930391311646,-0.534912049770355,0.139404863119125,0.00135466735810041,-0.00821445602923632,-0.52231353521347,0.85271292924881
42.2803807258606,1,-0.489719122648239,-0.53492683172226,0.139503508806229,0.00179996411316097,-0.010064166970551,-0.520521402359009,0.853787422180176
42.3003108501434,1,-0.489734888076782,-0.534650444984436,0.139463230967522,0.00251689972355962,-0.0107230143621564,-0.518599212169647,0.854946553707123
42.3352890014648,1,-0.489471465349197,-0.534867346286774,0.139593437314034,0.00234564999118447,-0.0127794565632939,-0.517218887805939,0.855754494667053
42.3443305492401,1,-0.489612102508545,-0.534639954566956,0.139550551772118,0.0024972353130579,-0.013026986271143,-0.515668988227844,0.856685280799866
42.3598062992096,1,-0.48970353603363,-0.534431159496307,0.139479845762253,0.00271910894662142,-0.0132034942507744,-0.514439582824707,0.857420682907104
42.3795711994171,1,-0.489802837371826,-0.534370243549347,0.139412239193916,0.00259173940867186,-0.0132197309285402,-0.514102101325989,0.857623219490051
42.413774728775,1,-0.489952474832535,-0.534279704093933,0.139363184571266,0.002348747337237,-0.0129567328840494,-0.514928221702576,0.857132196426392
42.4227733612061,1,-0.489888250827789,-0.534483015537262,0.139401659369469,0.00156845711171627,-0.0131313130259514,-0.516807854175568,0.855999290943146
42.4394629001617,1,-0.489934056997299,-0.53460019826889,0.139393374323845,0.000792577222455293,-0.0127535844221711,-0.518061280250549,0.855248034000397
42.4651052951813,1,-0.489751875400543,-0.534802436828613,0.139448687434196,-6.22305378783494e-05,-0.0127560719847679,-0.518056213855743,0.855251431465149
42.4854936599731,1,-0.489804625511169,-0.534805536270142,0.139422491192818,-0.000893055694177747,-0.0120078828185797,-0.517569899559021,0.855556190013885
42.4998598098755,1,-0.489896446466446,-0.53471177816391,0.13937596976757,-0.00157912785653025,-0.0110023636370897,-0.517093360424042,0.855856835842133
42.5198090076447,1,-0.489884734153748,-0.534663677215576,0.139349609613419,-0.00202282262034714,-0.0103250266984105,-0.517481863498688,0.855629503726959
42.5588159561157,1,-0.489899605512619,-0.53464287519455,0.139357671141624,-0.00247535086236894,-0.00950870662927628,-0.51851350069046,0.855013072490692
42.5610706806183,1,-0.489923924207687,-0.534642934799194,0.139335080981255,-0.00288032065145671,-0.00851941574364901,-0.519773542881012,0.854256808757782
42.5798382759094,1,-0.489906489849091,-0.534730434417725,0.139364063739777,-0.00344397593289614,-0.00772254262119532,-0.520737946033478,0.853674650192261
42.5993916988373,1,-0.489914685487747,-0.534696280956268,0.139364048838615,-0.00367510947398841,-0.00672789104282856,-0.521512687206268,0.853209137916565
42.6199862957001,1,-0.489979863166809,-0.534629285335541,0.139332562685013,-0.00379158463329077,-0.005454046651721,-0.522195398807526,0.852799952030182
42.6410038471222,1,-0.489787846803665,-0.534727394580841,0.139406055212021,-0.00394516671076417,-0.00523743079975247,-0.523142278194427,0.852220177650452
42.6611013412476,1,-0.489963442087173,-0.534564793109894,0.139348924160004,-0.00385614088736475,-0.00413095019757748,-0.522654891014099,0.852525591850281
42.6798593997955,1,-0.489838391542435,-0.534520149230957,0.139360576868057,-0.00383395282551646,-0.00383168086409569,-0.523134350776672,0.852232992649078
42.7040424346924,1,-0.489846140146255,-0.534591853618622,0.139401331543922,-0.00458203162997961,-0.0036361578386277,-0.523214817047119,0.8521808385849
42.7200467586517,1,-0.489793688058853,-0.534631431102753,0.139398649334908,-0.00512154120951891,-0.00357839092612267,-0.52348917722702,0.852009415626526
42.7396862506866,1,-0.489950299263,-0.534447133541107,0.139280825853348,-0.00549270678311586,-0.00236138445325196,-0.524123311042786,0.851621448993683
42.7593665122986,1,-0.490154385566711,-0.534281492233276,0.139184728264809,-0.00617728056386113,-0.000679621123708785,-0.525851130485535,0.8505539894104
42.7926228046417,1,-0.489999860525131,-0.534456431865692,0.139261439442635,-0.00704098306596279,-0.000456210837000981,-0.527881503105164,0.849288821220398
42.7998149394989,1,-0.490058243274689,-0.534436821937561,0.139248877763748,-0.00740478653460741,0.000610937480814755,-0.529396653175354,0.848341941833496
42.8201775550842,1,-0.489938765764236,-0.534477829933167,0.139280915260315,-0.00731295719742775,0.000781030394136906,-0.529941141605377,0.84800261259079
42.8400771617889,1,-0.489915639162064,-0.53449946641922,0.139258906245232,-0.00686492258682847,0.00106093648355454,-0.529807209968567,0.848089694976807
42.8678586483002,1,-0.48993182182312,-0.534506678581238,0.139212131500244,-0.00645985547453165,0.00117198983207345,-0.529009759426117,0.84859037399292
42.8796746730804,1,-0.490089416503906,-0.534384787082672,0.139111697673798,-0.00597508996725082,0.00167716934811324,-0.52780294418335,0.849344193935394
42.8986060619354,1,-0.49017658829689,-0.53443455696106,0.139107123017311,-0.00598191889002919,0.00150325184222311,-0.527057647705078,0.849807143211365
42.9213602542877,1,-0.490332901477814,-0.534352362155914,0.13909637928009,-0.00598638132214546,0.00161683140322566,-0.526590883731842,0.85009628534317
42.9394514560699,1,-0.490269035100937,-0.534295082092285,0.13906392455101,-0.00594264455139637,0.00150971836410463,-0.526126503944397,0.850384294986725
42.958589553833,1,-0.490145415067673,-0.534241139888763,0.139119058847427,-0.00607366766780615,0.00125101581215858,-0.525877773761749,0.850537598133087
42.9790015220642,1,-0.490071922540665,-0.534310936927795,0.139164477586746,-0.00655023194849491,0.00140482443384826,-0.526325404644012,0.850256860256195
42.9982633590698,1,-0.490049600601196,-0.534385025501251,0.139185011386871,-0.0072749899700284,0.00204451382160187,-0.527441382408142,0.849557816982269
43.0227432250977,1,-0.48954051733017,-0.534823954105377,0.139343991875648,-0.00812848098576069,0.0015775931533426,-0.529593586921692,0.848211109638214
43.0387954711914,1,-0.48951068520546,-0.534651875495911,0.13935686647892,-0.00803935807198286,0.00277158059179783,-0.531041860580444,0.847302973270416
43.0665485858917,1,-0.489561229944229,-0.534730017185211,0.13936023414135,-0.00819939374923706,0.00357875903137028,-0.532475769519806,0.846397936344147
43.0788538455963,1,-0.489678710699081,-0.534690499305725,0.139314949512482,-0.00803207140415907,0.00423934357240796,-0.532561063766479,0.846342921257019
43.1174914836884,1,-0.489612758159637,-0.534788608551025,0.139335975050926,-0.00783820264041424,0.00396061083301902,-0.531871497631073,0.846779525279999
43.1194534301758,1,-0.489413350820541,-0.534893929958344,0.139399990439415,-0.00736135337501764,0.00273789092898369,-0.530796051025391,0.847463250160217
43.1393525600433,1,-0.489465802907944,-0.534760355949402,0.13934163749218,-0.00652570789679885,0.00252115447074175,-0.53024286031723,0.847816944122314
43.1593568325043,1,-0.489617317914963,-0.534720778465271,0.139282166957855,-0.00577085185796022,0.00209804740734398,-0.530032217502594,0.847955286502838
43.1792583465576,1,-0.489928543567657,-0.534534811973572,0.13916751742363,-0.00497174821794033,0.00242350716143847,-0.529634535312653,0.848207950592041
43.1994020938873,1,-0.490116059780121,-0.534416079521179,0.13909700512886,-0.00421517249196768,0.00247265305370092,-0.528598189353943,0.848858177661896
43.2229278087616,1,-0.490035861730576,-0.53447425365448,0.139122888445854,-0.00381343485787511,0.00175616331398487,-0.527569651603699,0.849501430988312
43.2403438091278,1,-0.489999830722809,-0.534582197666168,0.139117211103439,-0.00391515949741006,0.00146438693627715,-0.527504980564117,0.849541664123535
43.2595717906952,1,-0.490047574043274,-0.534564614295959,0.139100551605225,-0.00413677422329783,0.00153415987733752,-0.527401804924011,0.849604547023773
43.2808518409729,1,-0.490070462226868,-0.534397602081299,0.139036118984222,-0.00421623466536403,0.00209945277310908,-0.528028428554535,0.849213659763336
43.3022794723511,1,-0.490066111087799,-0.534343600273132,0.13902984559536,-0.00466012023389339,0.00232720281928778,-0.528546512126923,0.848888397216797
43.3189301490784,1,-0.49004739522934,-0.534379303455353,0.13908788561821,-0.00537014286965132,0.00233475281856954,-0.529212415218353,0.848469197750092
43.3543710708618,1,-0.490075439214706,-0.534339010715485,0.13913382589817,-0.00587687594816089,0.00226605613715947,-0.529919266700745,0.848024725914001
43.3630876541138,1,-0.489874720573425,-0.534511625766754,0.139179021120071,-0.00638084020465612,0.00162185949739069,-0.530885279178619,0.847418189048767
43.3801176548004,1,-0.489909559488297,-0.534632742404938,0.139202013611794,-0.00697909016162157,0.00150900229346007,-0.531672596931458,0.846919894218445
43.3994314670563,1,-0.489881902933121,-0.534439444541931,0.139139994978905,-0.00670726411044598,0.00159423891454935,-0.531580030918121,0.846980035305023
43.4240298271179,1,-0.489751160144806,-0.534344851970673,0.13914480805397,-0.00643136678263545,0.00126084522344172,-0.53096079826355,0.84737104177475
43.4400229454041,1,-0.489973187446594,-0.53423672914505,0.139119133353233,-0.00651754671707749,0.00142000976484269,-0.530063271522522,0.847931861877441
43.4597835540771,1,-0.490114003419876,-0.534392476081848,0.139051467180252,-0.00678756833076477,0.00155985320452601,-0.529771506786346,0.848111808300018
43.4928357601166,1,-0.490068763494492,-0.534421741962433,0.138999596238136,-0.00663141394034028,0.00156517629511654,-0.529610097408295,0.848213911056519
43.5000905990601,1,-0.489828526973724,-0.534416019916534,0.139028340578079,-0.00629080273211002,0.00121518457308412,-0.52938187122345,0.84835946559906
43.521461725235,1,-0.490139335393906,-0.53419691324234,0.13900488615036,-0.00616349698975682,0.00197111652232707,-0.528857290744781,0.848686099052429
43.5411467552185,1,-0.490349858999252,-0.534453868865967,0.138969048857689,-0.00650273961946368,0.00220605405047536,-0.528602540493011,0.848841667175293
43.5613386631012,1,-0.489883273839951,-0.53440535068512,0.138960152864456,-0.00570856686681509,0.00117099634371698,-0.527948021888733,0.849256634712219
43.5800814628601,1,-0.489990770816803,-0.534069299697876,0.138972163200378,-0.00525866355746984,0.00136724091134965,-0.527460277080536,0.849562287330627
43.6001951694489,1,-0.490234404802322,-0.534474015235901,0.138953149318695,-0.0061353538185358,0.00114701455458999,-0.528267502784729,0.849055051803589
43.629842042923,1,-0.489930868148804,-0.534506678581238,0.138909310102463,-0.00574753107503057,0.000425356614869088,-0.528757870197296,0.848753213882446
43.6404418945312,1,-0.490039020776749,-0.534169614315033,0.138917848467827,-0.00522624328732491,0.000573106983210891,-0.528628408908844,0.848837077617645
43.6597092151642,1,-0.490340143442154,-0.534320473670959,0.138869404792786,-0.00546303624287248,0.000863833818584681,-0.528489172458649,0.848922073841095
43.67977643013,1,-0.490034371614456,-0.534505665302277,0.138941362500191,-0.00527529744431376,-6.49283902021125e-05,-0.52777636051178,0.849367022514343
43.7125742435455,1,-0.490176975727081,-0.534132361412048,0.138855844736099,-0.00451925210654736,0.000402740086428821,-0.527311444282532,0.849659979343414
43.72061419487,1,-0.490215301513672,-0.53436803817749,0.138845279812813,-0.00481964228674769,0.000333521544234827,-0.527601659297943,0.849478185176849
43.7393670082092,1,-0.490056812763214,-0.533921360969543,0.138853415846825,-0.00390517036430538,0.000815304054412991,-0.527618527412415,0.849472045898438
43.7622721195221,1,-0.49040225148201,-0.534134984016418,0.138811811804771,-0.00473629031330347,0.00136259372811764,-0.528408825397491,0.848975777626038
43.7848055362701,1,-0.489982217550278,-0.534559726715088,0.138884216547012,-0.0052881590090692,0.000443204626208171,-0.528779983520508,0.848742365837097
43.8021719455719,1,-0.490196526050568,-0.534177780151367,0.13881142437458,-0.0053595257923007,0.00135571951977909,-0.529006600379944,0.84859973192215
43.8197376728058,1,-0.490057587623596,-0.534653961658478,0.13882677257061,-0.00673213042318821,0.000805715564638376,-0.529850661754608,0.848063886165619
43.8421528339386,1,-0.489922881126404,-0.534113585948944,0.138951599597931,-0.00696106860414147,0.00103952060453594,-0.529849946498871,0.848062217235565
43.8636763095856,1,-0.490173697471619,-0.534152448177338,0.138815253973007,-0.00754938460886478,0.00161943549755961,-0.530658900737762,0.847550332546234
43.880936384201,1,-0.489816248416901,-0.533817708492279,0.138736501336098,-0.00685399770736694,0.00150331575423479,-0.530252277851105,0.847810983657837
43.9004015922546,1,-0.490240037441254,-0.534137845039368,0.138898998498917,-0.00839834380894899,0.00114171905443072,-0.529978632926941,0.847968637943268
43.9202980995178,1,-0.489876091480255,-0.534316897392273,0.138893499970436,-0.00812878552824259,0.000276379520073533,-0.529675841331482,0.848161160945892
43.9413573741913,1,-0.49013876914978,-0.534031867980957,0.13887432217598,-0.00759688159450889,0.000590833078604192,-0.529245793819427,0.848434388637543
43.9596016407013,1,-0.489658415317535,-0.534524738788605,0.138846457004547,-0.00697686150670052,-0.000633181189186871,-0.528676092624664,0.8487948179245
43.9797213077545,1,-0.489923298358917,-0.534242153167725,0.138908356428146,-0.0068724500015378,-0.000124356854939833,-0.528083920478821,0.849164366722107
44.0041813850403,1,-0.489878237247467,-0.534797608852386,0.138880342245102,-0.00758035434409976,-0.000747676531318575,-0.528209805488586,0.849079728126526
44.0201659202576,1,-0.489694088697433,-0.534350395202637,0.138840839266777,-0.00704183056950569,-0.000875683559570462,-0.527606844902039,0.849459052085876
44.051650762558,1,-0.489796072244644,-0.535239517688751,0.138933569192886,-0.00903214793652296,-0.00196542986668646,-0.52811723947525,0.849121153354645
44.0613570213318,1,-0.489478230476379,-0.534774780273438,0.138913661241531,-0.00826125685125589,-0.00211379281245172,-0.527998149394989,0.849202752113342
44.0785791873932,1,-0.489901214838028,-0.535006463527679,0.138915792107582,-0.00878306478261948,-0.00174376799259335,-0.52904349565506,0.848547458648682
44.0993235111237,1,-0.48968780040741,-0.53435343503952,0.138816639780998,-0.00699217896908522,-0.000783252238761634,-0.529410183429718,0.84833687543869
44.1203856468201,1,-0.49001157283783,-0.534219026565552,0.138788014650345,-0.00646677613258362,-0.000128564410260879,-0.530251026153564,0.847816050052643
44.1518864631653,1,-0.489613443613052,-0.534185707569122,0.138739868998528,-0.00533756613731384,-0.000639067322481424,-0.530484974384308,0.84767735004425
44.1601710319519,1,-0.489862471818924,-0.534204065799713,0.138824388384819,-0.00531678274273872,-0.00115466245915741,-0.529880940914154,0.848054587841034
44.1792600154877,1,-0.490088909864426,-0.534522175788879,0.138784930109978,-0.00521480664610863,-0.00141559285111725,-0.529254019260406,0.848446309566498
44.2079031467438,1,-0.489800244569778,-0.533953189849854,0.138652607798576,-0.00326937716454268,-0.00167445885017514,-0.527596950531006,0.849486827850342
44.2200398445129,1,-0.489935368299484,-0.53453004360199,0.138824477791786,-0.00449677836149931,-0.0027072043158114,-0.527298986911774,0.849663615226746
44.2393703460693,1,-0.489699721336365,-0.534705758094788,0.138750746846199,-0.00437515275552869,-0.0028805851470679,-0.527753055095673,0.849381685256958
44.2614641189575,1,-0.489855021238327,-0.534176170825958,0.1386688798666,-0.00364480610005558,-0.0014166614273563,-0.528523921966553,0.848909378051758
44.2800664901733,1,-0.490239977836609,-0.534341931343079,0.138663470745087,-0.00455040764063597,-7.25486534065567e-05,-0.530314385890961,0.847788870334625
44.2994914054871,1,-0.490191280841827,-0.534624695777893,0.138677313923836,-0.00486804032698274,0.000601097359322011,-0.531092524528503,0.847299635410309
44.320650100708,1,-0.489779472351074,-0.534244477748871,0.138609826564789,-0.00328966602683067,0.00138623709790409,-0.530840635299683,0.847464144229889
44.3395595550537,1,-0.489878207445145,-0.534044086933136,0.138613477349281,-0.00281869876198471,0.00244305282831192,-0.530607938766479,0.847609162330627
44.3604140281677,1,-0.490191847085953,-0.534493863582611,0.13866662979126,-0.00380008202046156,0.00303422519937158,-0.530966818332672,0.847378671169281
44.3801882266998,1,-0.489926546812057,-0.534768223762512,0.138705745339394,-0.00398363033309579,0.00229215784929693,-0.530809998512268,0.847478449344635
44.4002780914307,1,-0.489835858345032,-0.534486532211304,0.138594567775726,-0.00356336054392159,0.00268441764637828,-0.529558658599854,0.848261594772339
44.4237723350525,1,-0.490041702985764,-0.534017086029053,0.13859698176384,-0.00355590437538922,0.00339671247638762,-0.52875804901123,0.848758399486542
44.4403185844421,1,-0.490307837724686,-0.534251689910889,0.138626739382744,-0.00496543198823929,0.0035558957606554,-0.529277682304382,0.848426699638367
44.4599504470825,1,-0.490316241979599,-0.534411370754242,0.138605833053589,-0.00545552559196949,0.00331553001888096,-0.529366374015808,0.848369300365448
44.4794726371765,1,-0.489752560853958,-0.53447413444519,0.138668447732925,-0.00559879932552576,0.00257108057849109,-0.529800534248352,0.848099887371063
44.5117204189301,1,-0.489656358957291,-0.534216463565826,0.138776227831841,-0.00546653894707561,0.00265318946912885,-0.529581248760223,0.848237454891205
44.521050453186,1,-0.489912241697311,-0.534288585186005,0.138781890273094,-0.00584896560758352,0.00326658342964947,-0.529813230037689,0.848087906837463
44.5396840572357,1,-0.490149617195129,-0.534567952156067,0.138708531856537,-0.00615039560943842,0.00390776060521603,-0.52990335226059,0.848026812076569
44.5652484893799,1,-0.489657998085022,-0.534704864025116,0.138755559921265,-0.00550821144133806,0.00324832764454186,-0.529506683349609,0.848281621932983
44.5850808620453,1,-0.489685624837875,-0.534282207489014,0.138835042715073,-0.00485646305605769,0.00352534325793386,-0.529379487037659,0.848363935947418
44.6004114151001,1,-0.49007859826088,-0.534449696540833,0.138762205839157,-0.00551163451746106,0.00406109727919102,-0.530172348022461,0.847862303256989
44.6192502975464,1,-0.489795207977295,-0.534668028354645,0.138701871037483,-0.00564916664734483,0.00323567306622863,-0.529635846614838,0.848200142383575
44.6513545513153,1,-0.489596396684647,-0.534512221813202,0.138769865036011,-0.00543352402746677,0.00282805459573865,-0.529164493083954,0.848497211933136
44.6614561080933,1,-0.490025848150253,-0.534313201904297,0.13868872821331,-0.00558514939621091,0.00362337357364595,-0.529237627983093,0.848447501659393
44.6794102191925,1,-0.490149796009064,-0.534416794776917,0.138556718826294,-0.00559516437351704,0.00379245402291417,-0.529325664043427,0.848391830921173
44.6993448734283,1,-0.489836573600769,-0.534335374832153,0.138672664761543,-0.00518486322835088,0.00303120166063309,-0.528637111186981,0.848826706409454
44.7248425483704,1,-0.490236312150955,-0.534182786941528,0.138573721051216,-0.00521669909358025,0.00387627980671823,-0.528249680995941,0.849064230918884
44.7393589019775,1,-0.490038424730301,-0.53454977273941,0.138515785336494,-0.00530289625748992,0.0032256746198982,-0.527754843235016,0.849374115467072
44.7604463100433,1,-0.489856421947479,-0.534205615520477,0.138568967580795,-0.00456139771267772,0.00324776791967452,-0.527484774589539,0.849546074867249
44.7847764492035,1,-0.490549623966217,-0.534259915351868,0.138479545712471,-0.00527175236493349,0.00443948339670897,-0.527894735336304,0.849281907081604
44.8032991886139,1,-0.490026384592056,-0.534658193588257,0.138531595468521,-0.00553413620218635,0.00306354183703661,-0.528391301631927,0.848977327346802
44.822338104248,1,-0.489892691373825,-0.534055650234222,0.138569623231888,-0.00477104680612683,0.00319932098500431,-0.528770923614502,0.848745226860046
44.839784860611,1,-0.490020394325256,-0.534505128860474,0.138596773147583,-0.00590935070067644,0.00322358263656497,-0.530423760414124,0.847705960273743
44.8793170452118,1,-0.489448249340057,-0.5345498919487,0.138706460595131,-0.00575215835124254,0.00208588596433401,-0.531671106815338,0.846928775310516
44.8810918331146,1,-0.4897540807724,-0.534447491168976,0.138725504279137,-0.0062600914388895,0.00269938330166042,-0.532743692398071,0.846249163150787
44.9004747867584,1,-0.489671260118484,-0.534712612628937,0.138700217008591,-0.00632203230634332,0.00255662365816534,-0.533561587333679,0.845733761787415
44.9195022583008,1,-0.489365667104721,-0.534502804279327,0.138742119073868,-0.00545926904305816,0.00264167482964694,-0.53399270772934,0.845467388629913
44.9531965255737,1,-0.489510655403137,-0.534337878227234,0.138734459877014,-0.00535366125404835,0.00341144204139709,-0.534896850585938,0.844893515110016
44.9648013114929,1,-0.489763140678406,-0.534648656845093,0.138804867863655,-0.00559703120961785,0.00354293338023126,-0.535935461521149,0.844232976436615
44.9830992221832,1,-0.489578127861023,-0.535114943981171,0.138902977108955,-0.00566538609564304,0.00268498877994716,-0.537459313869476,0.843266367912292
45.0000040531158,1,-0.489939451217651,-0.534706711769104,0.138833284378052,-0.00450151180848479,0.00364559004083276,-0.537461519241333,0.843268394470215
45.0340769290924,1,-0.489772200584412,-0.534526288509369,0.138791799545288,-0.0033148133661598,0.00369031261652708,-0.535996675491333,0.844205617904663
45.0424423217773,1,-0.489892840385437,-0.534494459629059,0.138744220137596,-0.00269327638670802,0.00406498275697231,-0.535637080669403,0.844434261322021
45.060054063797,1,-0.489824116230011,-0.534563958644867,0.138587802648544,-0.00260353414341807,0.00418489705771208,-0.535661578178406,0.844418406486511
45.1026809215546,1,-0.489524453878403,-0.53474235534668,0.138611003756523,-0.00311320717446506,0.00354908569715917,-0.53624564409256,0.844048738479614
45.1066937446594,1,-0.489312797784805,-0.534470498561859,0.138673290610313,-0.00348985404707491,0.00312752509489655,-0.536819040775299,0.843684375286102
45.1210510730743,1,-0.489501416683197,-0.534081041812897,0.138574719429016,-0.00421133916825056,0.00421784678474069,-0.538255631923676,0.842760622501373
45.1403861045837,1,-0.489545464515686,-0.534052610397339,0.138557091355324,-0.00553576368838549,0.00420297402888536,-0.540307998657227,0.841438710689545
45.1606993675232,1,-0.489826381206512,-0.534105181694031,0.138523980975151,-0.00703521724790335,0.00443802447989583,-0.542218327522278,0.840196549892426
45.1831269264221,1,-0.489822596311569,-0.534297466278076,0.138609901070595,-0.0081489160656929,0.00398448994383216,-0.54315048456192,0.83958637714386
45.1995236873627,1,-0.489970415830612,-0.534311234951019,0.138588756322861,-0.00848589837551117,0.00446148449555039,-0.542985200881958,0.839687585830688
45.2199959754944,1,-0.489961206912994,-0.534436762332916,0.138588592410088,-0.00826829951256514,0.00436205044388771,-0.542416989803314,0.84005743265152
45.2493951320648,1,-0.489935129880905,-0.534508943557739,0.138575568795204,-0.00736763095483184,0.00428991904482245,-0.541812598705292,0.840456068515778
45.2608518600464,1,-0.489794373512268,-0.534565389156342,0.138622462749481,-0.00608316296711564,0.00385275366716087,-0.541599273681641,0.840605974197388
45.279913187027,1,-0.489681541919708,-0.534663796424866,0.13868148624897,-0.00497862603515387,0.00346831232309341,-0.541932940483093,0.840399920940399
45.317202091217,1,-0.489700257778168,-0.534689247608185,0.138679563999176,-0.00433087861165404,0.00360472896136343,-0.541216313838959,0.840864598751068
45.3212780952454,1,-0.489477306604385,-0.534679114818573,0.138689860701561,-0.00411640107631683,0.00379745685495436,-0.541411995887756,0.840738773345947
45.3404417037964,1,-0.489112913608551,-0.534887552261353,0.138814046978951,-0.00526305567473173,0.00358933582901955,-0.542535841464996,0.840008616447449
45.3604643344879,1,-0.489240378141403,-0.534956872463226,0.138693332672119,-0.00682784244418144,0.00507955579087138,-0.544571757316589,0.838671088218689
45.391172170639,1,-0.489376038312912,-0.534666299819946,0.138582050800323,-0.00795904826372862,0.00654080044478178,-0.546241760253906,0.837564289569855
45.4013106822968,1,-0.48912650346756,-0.534536421298981,0.138674840331078,-0.00842746905982494,0.00614221906289458,-0.546613693237305,0.83731997013092
45.4201078414917,1,-0.489110946655273,-0.534359395503998,0.138700842857361,-0.00839840155094862,0.0063470620661974,-0.546303570270538,0.837521076202393
45.4445953369141,1,-0.489602833986282,-0.534266293048859,0.138589158654213,-0.00829932186752558,0.00748324114829302,-0.545665562152863,0.837928593158722
45.466014623642,1,-0.489908009767532,-0.53433096408844,0.138588935136795,-0.00818772334605455,0.00752767687663436,-0.544890403747559,0.838433563709259
45.4810981750488,1,-0.489845633506775,-0.534530460834503,0.138607785105705,-0.00784307811409235,0.00667160609737039,-0.543862521648407,0.839111268520355
45.5001356601715,1,-0.489487618207932,-0.534920215606689,0.138621225953102,-0.00781203480437398,0.00534888170659542,-0.543008506298065,0.839673817157745
45.5368056297302,1,-0.489304095506668,-0.534918785095215,0.138659775257111,-0.00779643235728145,0.00503005506470799,-0.542414903640747,0.840059459209442
45.5412945747375,1,-0.489337980747223,-0.534393489360809,0.138581171631813,-0.00755068799480796,0.00610106578096747,-0.5427565574646,0.839833974838257
45.5604512691498,1,-0.489553064107895,-0.534292340278625,0.138568550348282,-0.00845486298203468,0.00637277774512768,-0.543512880802155,0.83933413028717
45.5807642936707,1,-0.489870548248291,-0.534310519695282,0.138606399297714,-0.00946855638176203,0.00593961542472243,-0.543303370475769,0.839462101459503
45.6113908290863,1,-0.489538729190826,-0.53463613986969,0.138577371835709,-0.00962383300065994,0.00432489672675729,-0.543482840061188,0.839354038238525
45.6203806400299,1,-0.489299654960632,-0.534418880939484,0.138523757457733,-0.00836500898003578,0.00312090874649584,-0.542048156261444,0.840299963951111
45.6399602890015,1,-0.489652335643768,-0.534532964229584,0.138591304421425,-0.0082935206592083,0.00245332112535834,-0.540811419487,0.841099441051483
45.6653621196747,1,-0.489918977022171,-0.53444904088974,0.138546034693718,-0.00742186047136784,0.00231725489720702,-0.539900243282318,0.841693103313446
45.6847484111786,1,-0.489559650421143,-0.534877359867096,0.138576924800873,-0.0070031494833529,0.00120340031571686,-0.539153754711151,0.842177450656891
45.700159072876,1,-0.48935604095459,-0.534271538257599,0.13855268061161,-0.00533380126580596,0.00164914026390761,-0.538196980953217,0.842800617218018
45.7207989692688,1,-0.48992908000946,-0.534233152866364,0.138572573661804,-0.0056570447050035,0.00283741927705705,-0.538645803928375,0.842508554458618
45.7594394683838,1,-0.489624887704849,-0.534726619720459,0.138519898056984,-0.00627992022782564,0.00270629185251892,-0.540075063705444,0.841589093208313
45.7616610527039,1,-0.489173829555511,-0.534481704235077,0.138596683740616,-0.00604324787855148,0.00252983462996781,-0.540428161621094,0.841364681720734
45.7807517051697,1,-0.489690810441971,-0.5345099568367,0.138595998287201,-0.00711994199082255,0.00384640833362937,-0.541865944862366,0.840426027774811
45.8003816604614,1,-0.489361643791199,-0.534882426261902,0.138577118515968,-0.00765751395374537,0.00329876854084432,-0.54270201921463,0.839883923530579
45.8340671062469,1,-0.489151507616043,-0.53432959318161,0.138512089848518,-0.00687818694859743,0.00362777034752071,-0.542457580566406,0.840047180652618
45.8438324928284,1,-0.489637434482574,-0.534636616706848,0.138684049248695,-0.00793389789760113,0.00348513200879097,-0.542323529720306,0.84012508392334
45.861198425293,1,-0.489161849021912,-0.534901440143585,0.138520151376724,-0.00715767359361053,0.002274539321661,-0.542137145996094,0.84025651216507
45.8803772926331,1,-0.489665299654007,-0.534443438053131,0.138494983315468,-0.00650275964289904,0.00325298914685845,-0.541299402713776,0.840798556804657
45.9100797176361,1,-0.48956823348999,-0.534849643707275,0.138483986258507,-0.00648984499275684,0.00218822457827628,-0.540543258190155,0.841288328170776
45.919424533844,1,-0.489477753639221,-0.534495413303375,0.138524800539017,-0.00554713746532798,0.00205084169283509,-0.539963245391846,0.841667830944061
45.9402327537537,1,-0.489759057760239,-0.534106612205505,0.138464212417603,-0.00431034807115793,0.00212043640203774,-0.539307653903961,0.842095077037811
45.9632852077484,1,-0.489399552345276,-0.534743189811707,0.13849376142025,-0.00481484038755298,0.000142988632433116,-0.539295136928558,0.842103064060211
45.9833788871765,1,-0.489732265472412,-0.534515738487244,0.138639181852341,-0.00468658888712525,-0.000312069663777947,-0.538381934165955,0.842687845230103
46.0009264945984,1,-0.489730924367905,-0.534803450107574,0.13838854432106,-0.00385888922028244,-0.000766880693845451,-0.537946403026581,0.842969834804535
46.0201478004456,1,-0.489881426095963,-0.534134924411774,0.138182207942009,-0.00210639927536249,-5.93384211242665e-05,-0.537374794483185,0.843340933322906
46.058696269989,1,-0.490048915147781,-0.534738659858704,0.138217747211456,-0.00256113591603935,-0.00101198127958924,-0.536750853061676,0.843736350536346
46.0603744983673,1,-0.489777892827988,-0.534363627433777,0.138208732008934,-0.000663918675854802,-0.00136759341694415,-0.536152780056,0.844119608402252
46.0802340507507,1,-0.489933133125305,-0.534380555152893,0.138284102082253,0.000151973668835126,-0.00167955516371876,-0.535835325717926,0.844320833683014
46.1003577709198,1,-0.489534556865692,-0.534199059009552,0.138317972421646,0.00186674913857132,-0.0018598057795316,-0.535574495792389,0.844483852386475
46.121509552002,1,-0.489876747131348,-0.534387111663818,0.138401702046394,0.00154647824820131,-0.00175784074235708,-0.535429120063782,0.844576954841614
46.1463356018066,1,-0.489446699619293,-0.534683406352997,0.138412550091743,0.00176498491782695,-0.00248445500619709,-0.535722553730011,0.844388604164124
46.1606347560883,1,-0.489842444658279,-0.534379422664642,0.138314008712769,0.00178403640165925,-0.00147563253995031,-0.536059439182281,0.844177067279816
46.1813471317291,1,-0.489300549030304,-0.534451305866241,0.138362348079681,0.00218005175702274,-0.00262437271885574,-0.536033093929291,0.844190061092377
46.2128839492798,1,-0.489673346281052,-0.534587979316711,0.138484328985214,0.000918398203793913,-0.00290274573490024,-0.535799741744995,0.844339609146118
46.2219185829163,1,-0.489324301481247,-0.534662425518036,0.138395711779594,0.00187439960427582,-0.00377036677673459,-0.535551846027374,0.844491899013519
46.239431142807,1,-0.489712119102478,-0.534200191497803,0.138361200690269,0.00256222207099199,-0.00300199026241899,-0.535041630268097,0.844816505908966
46.259908914566,1,-0.489214509725571,-0.534375071525574,0.138480439782143,0.00331763667054474,-0.00423316331580281,-0.534676313400269,0.845039784908295
46.290295124054,1,-0.489716559648514,-0.534457862377167,0.138479426503181,0.00259479833766818,-0.00363102159462869,-0.534470498561859,0.845175385475159
46.3023917675018,1,-0.489171534776688,-0.534356534481049,0.138381376862526,0.00405110931023955,-0.0040901624597609,-0.53452330827713,0.845134079456329
46.3216693401337,1,-0.489893078804016,-0.534417748451233,0.138296261429787,0.00308824726380408,-0.00290262629278004,-0.534607887268066,0.845089673995972
46.3407156467438,1,-0.489461362361908,-0.534442842006683,0.138425454497337,0.00317975087091327,-0.00358120305463672,-0.534814655780792,0.844955801963806
46.3692581653595,1,-0.489594250917435,-0.534831047058105,0.13836707174778,0.00248597888275981,-0.00388193991966546,-0.535640120506287,0.844433784484863
46.3798475265503,1,-0.489681780338287,-0.534558236598969,0.138375967741013,0.00222029676660895,-0.00317377760075033,-0.536454379558563,0.843920469284058
46.4003858566284,1,-0.489619314670563,-0.535078883171082,0.138382479548454,0.00110411550849676,-0.00398714747279882,-0.537511467933655,0.843246281147003
46.4432802200317,1,-0.489728718996048,-0.534198880195618,0.138197705149651,0.00226842355914414,-0.00262036942876875,-0.538092076778412,0.842878997325897
46.4460988044739,1,-0.489410281181335,-0.534694314002991,0.138307496905327,0.00137401779647917,-0.00369115779176354,-0.538377344608307,0.842694699764252
46.4609224796295,1,-0.489816308021545,-0.534307658672333,0.138239562511444,0.00140013243071735,-0.00303624663501978,-0.538194000720978,0.842814385890961
46.480052947998,1,-0.489349484443665,-0.534027814865112,0.138190537691116,0.00297274137847126,-0.00352880801074207,-0.537495851516724,0.843253791332245
46.504825592041,1,-0.489640712738037,-0.534826457500458,0.138355731964111,0.000938786077313125,-0.00488174520432949,-0.537284195423126,0.843386650085449
46.5240604877472,1,-0.489642828702927,-0.534557998180389,0.138421460986137,0.00156638131011277,-0.00447636097669601,-0.5370774269104,0.843519628047943
46.5404629707336,1,-0.489560663700104,-0.534757375717163,0.138276115059853,0.00222561648115516,-0.00483102863654494,-0.537254273891449,0.843403518199921
46.5600574016571,1,-0.48953714966774,-0.534219443798065,0.138243481516838,0.0033649483229965,-0.00433693965896964,-0.537137866020203,0.84347665309906
46.5816519260406,1,-0.489198923110962,-0.534540891647339,0.138364911079407,0.00298046856187284,-0.00481294421479106,-0.536883413791656,0.843637466430664
46.6055498123169,1,-0.489611148834229,-0.534488677978516,0.138331294059753,0.00227015954442322,-0.00444135721772909,-0.537042915821075,0.843540251255035
46.6200356483459,1,-0.489567518234253,-0.534311473369598,0.138232380151749,0.00227461638860404,-0.00404460774734616,-0.536717474460602,0.843749344348907
46.6400384902954,1,-0.489559084177017,-0.534791886806488,0.1382846981287,0.0012796341907233,-0.00479995273053646,-0.536543786525726,0.843857884407043
46.6713683605194,1,-0.489664852619171,-0.534274339675903,0.138239234685898,0.00181730685289949,-0.00403798557817936,-0.536406576633453,0.843948125839233
46.6799118518829,1,-0.489214479923248,-0.534264802932739,0.138224080204964,0.00257012178190053,-0.00430669635534286,-0.536880612373352,0.843643307685852
46.7006864547729,1,-0.489633530378342,-0.534772634506226,0.138245731592178,0.000761936535127461,-0.00459025474265218,-0.53775680065155,0.843087136745453
46.7223339080811,1,-0.489900708198547,-0.534363090991974,0.138128042221069,0.00109326408710331,-0.00305590825155377,-0.53829151391983,0.842752456665039
46.7427401542664,1,-0.489494025707245,-0.534734487533569,0.138152599334717,0.000930188747588545,-0.00446440232917666,-0.538493037223816,0.842617690563202
46.7619411945343,1,-0.489734500646591,-0.534214675426483,0.137962207198143,0.00132719497196376,-0.0032468200661242,-0.538527429103851,0.842600703239441
46.7803452014923,1,-0.489555358886719,-0.534279704093933,0.137982800602913,0.00114450149703771,-0.0030201431363821,-0.539350032806396,0.842075526714325
46.8177299499512,1,-0.490106970071793,-0.534877777099609,0.137998357415199,-0.0010632888879627,-0.00267575355246663,-0.540100514888763,0.841595590114594
46.8259801864624,1,-0.490006268024445,-0.534018635749817,0.137824699282646,0.000820580520667136,-0.00141105556394905,-0.53960520029068,0.841916680335999
46.8398313522339,1,-0.489443004131317,-0.534117758274078,0.13788765668869,0.00103832688182592,-0.00186006200965494,-0.539646983146667,0.841888725757599
46.8594088554382,1,-0.49015074968338,-0.534969449043274,0.137972101569176,-0.00217451481148601,-0.001793825882487,-0.539900243282318,0.841724276542664
46.8945748806,1,-0.490130752325058,-0.534222185611725,0.137804508209229,-0.000663929677102715,-0.000796486740000546,-0.539704203605652,0.841854095458984
46.9002277851105,1,-0.489336162805557,-0.534124433994293,0.137890517711639,0.00041371863335371,-0.00214043678715825,-0.539905488491058,0.841722846031189
46.9195551872253,1,-0.49018520116806,-0.534876823425293,0.137953743338585,-0.00266582285985351,-0.00137404550332576,-0.540521800518036,0.841324687004089
46.9403984546661,1,-0.489863872528076,-0.534111976623535,0.137785404920578,-0.00070314307231456,-0.00114427809603512,-0.540570020675659,0.841297924518585
46.9608159065247,1,-0.489383578300476,-0.534087777137756,0.138032257556915,-0.000549109419807792,-0.00194940797518939,-0.541408181190491,0.840757489204407
46.9800114631653,1,-0.489448964595795,-0.534596383571625,0.138005688786507,-0.00189497694373131,-0.00226974859833717,-0.541205108165741,0.84088546037674
46.9997911453247,1,-0.489592641592026,-0.534721553325653,0.137908414006233,-0.00270980410277843,-0.00215115863829851,-0.540803730487823,0.841141700744629
47.0305092334747,1,-0.489988803863525,-0.534368753433228,0.138030305504799,-0.00331736798398197,-0.0010274926899001,-0.54100102186203,0.841014802455902
47.0400569438934,1,-0.488827139139175,-0.534259021282196,0.1379454433918,-0.00153945898637176,-0.00299613131210208,-0.540594816207886,0.841276347637177
47.0592670440674,1,-0.489513456821442,-0.534631550312042,0.138097286224365,-0.00339728896506131,-0.00210840697400272,-0.541097581386566,0.84095025062561
47.0856683254242,1,-0.489389538764954,-0.534269750118256,0.1378393471241,-0.00229147123172879,-0.00208820542320609,-0.540735185146332,0.841187179088593
47.1046209335327,1,-0.489517539739609,-0.534170210361481,0.138074234127998,-0.00284413993358612,-0.00187173264566809,-0.540725111961365,0.841192483901978
47.1208429336548,1,-0.489027857780457,-0.534569263458252,0.137996971607208,-0.00309053575620055,-0.00336907850578427,-0.54038006067276,0.841408610343933
47.1398456096649,1,-0.489547878503799,-0.534609079360962,0.137976542115211,-0.00372159341350198,-0.00236219633370638,-0.540117084980011,0.841578364372253
47.1711511611938,1,-0.489540040493011,-0.534750461578369,0.137822568416595,-0.00438421685248613,-0.00275104702450335,-0.539985358715057,0.841658532619476
47.1810190677643,1,-0.489572942256927,-0.534264326095581,0.137990847229958,-0.00422514695674181,-0.00209205830469728,-0.540135741233826,0.841564774513245
47.1998722553253,1,-0.488924503326416,-0.534604489803314,0.138114854693413,-0.00463187322020531,-0.00347763253375888,-0.540590584278107,0.841265857219696
47.2265975475311,1,-0.489045292139053,-0.534407258033752,0.137950167059898,-0.00381238292902708,-0.00232953578233719,-0.541145503520966,0.840917110443115
47.242739200592,1,-0.489318907260895,-0.535030245780945,0.13810321688652,-0.00577312801033258,-0.0028204838745296,-0.541343867778778,0.840776741504669
47.2597274780273,1,-0.4894700050354,-0.534360766410828,0.137878224253654,-0.00426859920844436,-0.00137319311033934,-0.540421307086945,0.841382682323456
47.2799336910248,1,-0.48947736620903,-0.534362852573395,0.13813604414463,-0.00469046225771308,-0.00148707535117865,-0.539870321750641,0.841733872890472
47.3104958534241,1,-0.489016443490982,-0.534413754940033,0.138023301959038,-0.00401801429688931,-0.00237896479666233,-0.539263427257538,0.842124223709106
47.3205344676971,1,-0.489150792360306,-0.534298121929169,0.137815460562706,-0.00306452694348991,-0.0020132556091994,-0.53900945186615,0.84229177236557
47.3398418426514,1,-0.489684224128723,-0.534882724285126,0.137890040874481,-0.00513914693146944,-0.00211840751580894,-0.538894593715668,0.842354953289032
47.3771116733551,1,-0.48979777097702,-0.534237265586853,0.137663394212723,-0.00355957308784127,-0.00105542992241681,-0.538834095001221,0.842403769493103
47.3803689479828,1,-0.489787250757217,-0.533969223499298,0.137833133339882,-0.00329788587987423,-0.000656609365250915,-0.538484752178192,0.842628538608551
47.40061378479,1,-0.489160180091858,-0.534405827522278,0.137901425361633,-0.00360340834595263,-0.00226942938752472,-0.538461863994598,0.842639148235321
47.4201807975769,1,-0.489198088645935,-0.534182012081146,0.137593373656273,-0.00227456330321729,-0.00141698215156794,-0.538339555263519,0.842723786830902
47.4581029415131,1,-0.489836543798447,-0.535047709941864,0.137836441397667,-0.00506882974877954,-0.0016020443290472,-0.538017570972443,0.842916965484619
47.4613809585571,1,-0.489809781312943,-0.534723520278931,0.137565657496452,-0.00369964493438601,-0.00137357111088932,-0.537544727325439,0.843226075172424
47.4800810813904,1,-0.490037322044373,-0.533580243587494,0.137360110878944,-0.00111421092879027,0.000848760595545173,-0.536630034446716,0.843816518783569
47.4994430541992,1,-0.489894509315491,-0.534526169300079,0.137752518057823,-0.00321455067023635,-0.000701251672580838,-0.536362648010254,0.843981266021729
47.531831741333,1,-0.489578872919083,-0.534353196620941,0.137365385890007,-0.00139227090403438,-0.00116550782695413,-0.535899698734283,0.844279766082764
47.5407090187073,1,-0.489397287368774,-0.534712791442871,0.1374471783638,-0.00161408237181604,-0.00250584841705859,-0.535364329814911,0.844616055488586
47.5604457855225,1,-0.489791095256805,-0.535613358020782,0.137781113386154,-0.00474716210737824,-0.00352205568924546,-0.535243690013885,0.844677031040192
47.5835666656494,1,-0.489498972892761,-0.534291684627533,0.137301489710808,-0.00140581803862005,-0.00209403177723289,-0.53468120098114,0.845050036907196
47.6038625240326,1,-0.489884614944458,-0.534137010574341,0.137471735477448,-0.00252150231972337,-0.000283372384728864,-0.535190999507904,0.844727277755737
47.6204857826233,1,-0.489732414484024,-0.534437298774719,0.137750238180161,-0.0037079828325659,-0.000593759235925972,-0.535440862178802,0.844564378261566
47.6404254436493,1,-0.489192992448807,-0.533893525600433,0.137242004275322,-0.0011990221682936,-0.000492532330099493,-0.535202205181122,0.844723045825958
47.659777879715,1,-0.48955911397934,-0.53475958108902,0.137519106268883,-0.00385419907979667,-0.00100596062839031,-0.535039305686951,0.844817876815796
47.6814289093018,1,-0.489795923233032,-0.535223424434662,0.137714207172394,-0.00542317004874349,-0.00175430893432349,-0.534732460975647,0.845002293586731
47.7000782489777,1,-0.489759564399719,-0.533758282661438,0.137034222483635,-0.00110601400956511,0.000418527662986889,-0.534276485443115,0.845309019088745
47.7197926044464,1,-0.489707708358765,-0.534077405929565,0.137519359588623,-0.00240696780383587,-7.92879745858954e-06,-0.534183502197266,0.845365107059479
47.7506694793701,1,-0.489667445421219,-0.534504652023315,0.137593030929565,-0.00343446526676416,-3.82486468879506e-05,-0.534373223781586,0.845241725444794
47.7609236240387,1,-0.489310771226883,-0.534134328365326,0.137058734893799,-0.00095971382688731,-7.49660757719539e-05,-0.534632563591003,0.845084071159363
47.7804851531982,1,-0.489568263292313,-0.534780561923981,0.137324973940849,-0.00319818290881813,-7.9777993960306e-05,-0.534011542797089,0.845471143722534
47.7998232841492,1,-0.489676803350449,-0.535285174846649,0.13750484585762,-0.00469965441152453,-0.000449920888058841,-0.53406298160553,0.845431506633759
47.828337430954,1,-0.489920377731323,-0.533719897270203,0.136838555335999,-0.00106224115006626,0.00294556678272784,-0.534203708171844,0.845350027084351
47.8393220901489,1,-0.489561051130295,-0.534079015254974,0.137426361441612,-0.00204216665588319,0.00187408225610852,-0.533876001834869,0.845558285713196
47.8610873222351,1,-0.489536225795746,-0.534580528736115,0.137576892971992,-0.00299303792417049,0.00129379029385746,-0.533937454223633,0.845517754554749
47.8798096179962,1,-0.489391267299652,-0.534097671508789,0.13701206445694,-0.000363990344339982,0.00190414616372436,-0.533993363380432,0.845486462116241
47.9014084339142,1,-0.489820957183838,-0.534595012664795,0.137182489037514,-0.00193078606389463,0.00198706053197384,-0.53335303068161,0.845888257026672
47.9194850921631,1,-0.490042626857758,-0.535003423690796,0.137396469712257,-0.00360557157546282,0.00152745214290917,-0.533045828342438,0.8460773229599
47.9399690628052,1,-0.490068852901459,-0.533888101577759,0.136916056275368,-0.000608179427217692,0.00348329544067383,-0.533205509185791,0.845978498458862
47.9713900089264,1,-0.489940881729126,-0.533622622489929,0.137185543775558,-0.000673386908601969,0.00396872311830521,-0.532963335514069,0.846128821372986
47.9813058376312,1,-0.489378839731216,-0.534613311290741,0.137539342045784,-0.0027966343332082,0.00155293452553451,-0.533529996871948,0.845775127410889
47.9997968673706,1,-0.489353567361832,-0.534125447273254,0.136999487876892,-0.00112288550008088,0.00265886913985014,-0.53439724445343,0.845228612422943
48.0263199806213,1,-0.489340960979462,-0.534669876098633,0.137354969978333,-0.00283833686262369,0.00200386950746179,-0.534067630767822,0.845434665679932
48.0420184135437,1,-0.489839553833008,-0.535103857517242,0.137439072132111,-0.00489309057593346,0.00277013401500881,-0.534273028373718,0.845293283462524
48.0602509975433,1,-0.489556312561035,-0.534089505672455,0.137094050645828,-0.00181964179500937,0.00365587463602424,-0.534406661987305,0.845217645168304
48.0851085186005,1,-0.489370673894882,-0.533928334712982,0.137282013893127,-0.0015761653194204,0.00404407735913992,-0.534665048122406,0.845052897930145
48.0998578071594,1,-0.488992929458618,-0.534957766532898,0.137682989239693,-0.00371971004642546,0.00184176419861615,-0.535273134708405,0.844668924808502
48.1198930740356,1,-0.489143252372742,-0.534219324588776,0.136998385190964,-0.00130854768212885,0.00402550911530852,-0.535529673099518,0.844505786895752
48.1553590297699,1,-0.489321619272232,-0.534676253795624,0.137243881821632,-0.00266197905875742,0.00327388034202158,-0.535488665103912,0.844531893730164
48.165848493576,1,-0.489723652601242,-0.534974992275238,0.137363851070404,-0.00466545950621367,0.00369033357128501,-0.535169005393982,0.844724178314209
48.1802034378052,1,-0.489427238702774,-0.53428453207016,0.137143343687057,-0.00274955644272268,0.00401618843898177,-0.535657823085785,0.844421148300171
48.2002890110016,1,-0.489465773105621,-0.533895909786224,0.137124583125114,-0.00239913375116885,0.00518642226234078,-0.535865545272827,0.844283998012543
48.2330684661865,1,-0.489039242267609,-0.535057842731476,0.137521654367447,-0.00485116243362427,0.0026498306542635,-0.536178886890411,0.844086289405823
48.2410423755646,1,-0.489219903945923,-0.534411489963531,0.137015715241432,-0.00286919111385942,0.00455503771081567,-0.535949885845184,0.844232618808746
48.2593431472778,1,-0.489277571439743,-0.53468257188797,0.13713251054287,-0.00333890179172158,0.00413926644250751,-0.535646796226501,0.84442538022995
48.283020734787,1,-0.489662826061249,-0.535050451755524,0.137278363108635,-0.00501219509169459,0.00443518301472068,-0.535566508769989,0.84446656703949
48.3048579692841,1,-0.489282101392746,-0.534216940402985,0.137103095650673,-0.00250823772512376,0.0051486399024725,-0.535730123519897,0.844369888305664
48.3204309940338,1,-0.48940235376358,-0.534051597118378,0.137015819549561,-0.00244594598188996,0.00661830091848969,-0.536331832408905,0.843977749347687
48.3397789001465,1,-0.489084810018539,-0.534912049770355,0.137246757745743,-0.00429873494431376,0.00492566311731935,-0.53691840171814,0.843608856201172
48.3745496273041,1,-0.489221960306168,-0.53429764509201,0.136858493089676,-0.00285728904418647,0.00669537065550685,-0.537155985832214,0.84345155954361
48.3837180137634,1,-0.489487141370773,-0.53481513261795,0.137106001377106,-0.00522331334650517,0.00642641866579652,-0.537558853626251,0.843185603618622
48.3997349739075,1,-0.489513218402863,-0.534527361392975,0.137047708034515,-0.00516109773889184,0.00716050574555993,-0.538353383541107,0.842672944068909
48.4198534488678,1,-0.489433974027634,-0.533843755722046,0.13676692545414,-0.00329636060632765,0.00868782214820385,-0.538632571697235,0.84248960018158
48.452353477478,1,-0.489156633615494,-0.534654200077057,0.137129232287407,-0.00513453781604767,0.00678859883919358,-0.538704633712769,0.842451751232147
48.4600713253021,1,-0.489380568265915,-0.534269690513611,0.136785820126534,-0.0038242838345468,0.00825865287333727,-0.538782119750977,0.842396080493927
48.4794635772705,1,-0.489235132932663,-0.53472113609314,0.137016549706459,-0.00441378680989146,0.00659296335652471,-0.53838175535202,0.842663764953613
48.5019268989563,1,-0.489841669797897,-0.534586906433105,0.137021154165268,-0.00510616134852171,0.00844191294163465,-0.538467228412628,0.842588782310486
48.5260038375854,1,-0.48919466137886,-0.533892869949341,0.136782482266426,-0.00139930855948478,0.00841055903583765,-0.538329005241394,0.842691600322723
48.5407612323761,1,-0.489282220602036,-0.534317433834076,0.136909887194633,-0.00230508483946323,0.00844549480825663,-0.53814959526062,0.842803955078125
48.560421705246,1,-0.489018142223358,-0.534845948219299,0.136891722679138,-0.00234091118909419,0.00721914740279317,-0.537963092327118,0.842934191226959
48.5935144424438,1,-0.489585489034653,-0.534485995769501,0.136738196015358,-0.00189698801841587,0.00898529030382633,-0.537496745586395,0.843215823173523
48.6012597084045,1,-0.489552676677704,-0.534730494022369,0.136967092752457,-0.00319750444032252,0.00834722258150578,-0.537224531173706,0.843391954898834
48.6194548606873,1,-0.489348411560059,-0.533923149108887,0.136774405837059,-0.0012417963007465,0.00959379319101572,-0.537627041339874,0.843127250671387
48.6400468349457,1,-0.489229470491409,-0.534313261508942,0.136928468942642,-0.00229017017409205,0.00901404302567244,-0.53796923160553,0.842913210391998
48.667459487915,1,-0.489288687705994,-0.534595131874084,0.136768832802773,-0.0024695151951164,0.00899099092930555,-0.538345217704773,0.842672824859619
48.6796469688416,1,-0.489391356706619,-0.53460705280304,0.136786386370659,-0.00223363260738552,0.00872967671602964,-0.537823915481567,0.843009054660797
48.7001793384552,1,-0.489657789468765,-0.534752070903778,0.13686715066433,-0.003092858241871,0.00949070230126381,-0.537735521793365,0.843054473400116
48.7353785037994,1,-0.48916557431221,-0.534128963947296,0.136652171611786,-0.000286004156805575,0.00999980792403221,-0.537673950195312,0.843093574047089
48.7403745651245,1,-0.489047229290009,-0.534878373146057,0.136856943368912,-0.00181880150921643,0.00909973494708538,-0.537624597549438,0.843133270740509
48.7605817317963,1,-0.489100992679596,-0.534997820854187,0.136679127812386,-0.00148793775588274,0.00919886119663715,-0.537584781646729,0.843158185482025
48.7799215316772,1,-0.489463686943054,-0.534752786159515,0.136603221297264,-0.00117270171176642,0.010000292211771,-0.537033379077911,0.843500912189484
48.8083803653717,1,-0.489508628845215,-0.534792959690094,0.136773139238358,-0.00214632111601532,0.00997276604175568,-0.537145793437958,0.843427717685699
48.8205213546753,1,-0.488992810249329,-0.534344434738159,0.136628285050392,-0.000305598805425689,0.00955265574157238,-0.537250936031342,0.843368291854858
48.8414402008057,1,-0.489112198352814,-0.534944236278534,0.136756047606468,-0.0023009714204818,0.00895861349999905,-0.53729236125946,0.843345403671265
48.8683741092682,1,-0.489071488380432,-0.534814357757568,0.136567443609238,-0.0014034277992323,0.00872125010937452,-0.537396907806396,0.843283236026764
48.8853538036346,1,-0.489609658718109,-0.53481262922287,0.136598005890846,-0.00195401161909103,0.0095812575891614,-0.536974012851715,0.843542098999023
48.8994584083557,1,-0.489187955856323,-0.534660398960114,0.136690244078636,-0.000857117178384215,0.00893582496792078,-0.536586403846741,0.843797624111176
48.9203882217407,1,-0.489071875810623,-0.53442120552063,0.136584341526031,0.000650649890303612,0.00944328401237726,-0.535868942737579,0.844248116016388
48.9430751800537,1,-0.489089399576187,-0.534779965877533,0.136663675308228,0.00018319244554732,0.00927871651947498,-0.53523713350296,0.844650864601135
48.9616684913635,1,-0.489282935857773,-0.534695088863373,0.136519774794579,0.000594616169109941,0.00998080894351006,-0.535540282726288,0.844450533390045
48.9804911613464,1,-0.489564776420593,-0.534622728824615,0.13663238286972,-1.66272966453107e-05,0.0106194950640202,-0.535954892635345,0.844179809093475
49.0001246929169,1,-0.489205569028854,-0.534477710723877,0.136607125401497,0.000572232354898006,0.0103117823600769,-0.536430180072784,0.843881547451019
49.0349297523499,1,-0.489080131053925,-0.534719288349152,0.136638686060905,0.000243277740082704,0.0100325103849173,-0.536749482154846,0.843682050704956
49.0451829433441,1,-0.489035993814468,-0.534976780414581,0.136638715863228,-0.000336504279403016,0.00949151162058115,-0.536640107631683,0.843757808208466
49.0603778362274,1,-0.489247858524323,-0.53469043970108,0.136514633893967,3.19838254654314e-05,0.0102503262460232,-0.536724388599396,0.843695402145386
49.0796294212341,1,-0.48942032456398,-0.534657001495361,0.136710956692696,-0.000517929089255631,0.0106124402955174,-0.536296188831329,0.843962967395782
49.1103594303131,1,-0.48888036608696,-0.534445703029633,0.136651664972305,0.000939827004913241,0.0102751320227981,-0.535992801189423,0.844159483909607
49.1200115680695,1,-0.489185214042664,-0.534768521785736,0.136596858501434,0.000188841702765785,0.0111058205366135,-0.53607714176178,0.844095945358276
49.1395826339722,1,-0.489280849695206,-0.534513831138611,0.136470288038254,0.00093964283587411,0.0116285514086485,-0.535870790481567,0.844219386577606
49.1644258499146,1,-0.489409625530243,-0.534473121166229,0.136554881930351,0.000536149425897747,0.0119509818032384,-0.535696864128113,0.844325602054596
49.1821856498718,1,-0.48924708366394,-0.53451144695282,0.136633530259132,0.000106399013020564,0.0118156215175986,-0.536382973194122,0.843891978263855
49.2011668682098,1,-0.489000707864761,-0.534374594688416,0.136558905243874,0.000728677143342793,0.0115918386727571,-0.536984026432037,0.843512415885925
49.2196397781372,1,-0.489173889160156,-0.534924328327179,0.136536210775375,-0.000708234147168696,0.0112260468304157,-0.536961913108826,0.843531489372253
49.2524545192719,1,-0.489464700222015,-0.534617483615875,0.136418551206589,-0.000464710319647565,0.011946776881814,-0.53629732131958,0.843944489955902
49.2608659267426,1,-0.489265471696854,-0.534639596939087,0.136529788374901,-0.000521272537298501,0.0115658463910222,-0.535960733890533,0.844163596630096
49.2804827690125,1,-0.489104181528091,-0.534632921218872,0.136408671736717,0.000207997174584307,0.0114123756065965,-0.536122739315033,0.844062864780426
49.2994666099548,1,-0.489108353853226,-0.535043895244598,0.136505320668221,-0.000556139042600989,0.010498077608645,-0.535916924476624,0.844205319881439
49.3262121677399,1,-0.489382594823837,-0.534637093544006,0.136345535516739,9.04539701878093e-05,0.0115837473422289,-0.535712718963623,0.844320833683014
49.3402171134949,1,-0.489434093236923,-0.534525394439697,0.136465489864349,-0.000149452665937133,0.0117891263216734,-0.535906493663788,0.844195008277893
49.3616592884064,1,-0.489116430282593,-0.534439623355865,0.136392861604691,0.000190895312698558,0.0114648165181279,-0.535991013050079,0.844145834445953
49.382003068924,1,-0.489201009273529,-0.534991085529327,0.136419281363487,-0.00122901634313166,0.0108934296295047,-0.536411821842194,0.843885183334351
49.4045944213867,1,-0.489354103803635,-0.534707069396973,0.136341288685799,-0.000934266368858516,0.0113136032596231,-0.536166191101074,0.844036102294922
49.4198889732361,1,-0.489280730485916,-0.534584999084473,0.136462658643723,-0.0010343506000936,0.0115883182734251,-0.535882174968719,0.844212591648102
49.4398491382599,1,-0.489105731248856,-0.534631073474884,0.136406689882278,-0.000578199804294854,0.0116117317229509,-0.536066770553589,0.844095528125763
49.4809806346893,1,-0.489184617996216,-0.534943521022797,0.136399671435356,-0.00120065675582737,0.011546203866601,-0.536030054092407,0.844119131565094
49.4841516017914,1,-0.489395141601562,-0.534935474395752,0.136334151029587,-0.00131748872809112,0.0122492127120495,-0.536202728748322,0.843999326229095
49.5019385814667,1,-0.489427834749222,-0.534540295600891,0.13634417951107,-0.000624285661615431,0.0132034476846457,-0.536561608314514,0.843757629394531
49.519415140152,1,-0.48908919095993,-0.534591019153595,0.136318147182465,-0.000348744128132239,0.0128472205251455,-0.536924958229065,0.843532085418701
49.5538051128387,1,-0.489190965890884,-0.534887313842773,0.136351451277733,-0.000984159763902426,0.0128395110368729,-0.537228524684906,0.843338429927826
49.5630860328674,1,-0.4894779920578,-0.534629106521606,0.136274129152298,-0.000904539250768721,0.0136223379522562,-0.53715980052948,0.843369960784912
49.5811095237732,1,-0.489391267299652,-0.534385085105896,0.136349961161613,-0.000514589191880077,0.0139273460954428,-0.536966264247894,0.843488574028015
49.5997667312622,1,-0.489181011915207,-0.534534156322479,0.136338859796524,-0.00060219707665965,0.0134397279471159,-0.536753177642822,0.84363204240799
49.6300685405731,1,-0.489196866750717,-0.534842729568481,0.13636539876461,-0.00143823807593435,0.0132719483226538,-0.536703288555145,0.843665480613708
49.6403403282166,1,-0.489305585622787,-0.534925758838654,0.13627564907074,-0.00170625001192093,0.0133141465485096,-0.536348819732666,0.843889713287354
49.661140203476,1,-0.489566802978516,-0.534618675708771,0.136247664690018,-0.00127780472394079,0.0144141260534525,-0.535892903804779,0.844161987304688
49.6799101829529,1,-0.489225119352341,-0.534595310688019,0.136254817247391,-0.000509054458234459,0.0138519359752536,-0.535706043243408,0.844290792942047
49.7018158435822,1,-0.489363729953766,-0.534564137458801,0.136204928159714,-6.19099737377837e-05,0.0145849240943789,-0.535497307777405,0.844411015510559
49.7196941375732,1,-0.489310950040817,-0.534743189811707,0.136259272694588,-0.000228184886509553,0.0141506716609001,-0.535248458385468,0.844576120376587
49.7397000789642,1,-0.489483535289764,-0.534470796585083,0.136199221014977,4.39121504314244e-05,0.0149896573275328,-0.535360515117645,0.844490706920624
49.7713305950165,1,-0.489345371723175,-0.534578382968903,0.136200472712517,-0.000259524153079838,0.0146881891414523,-0.53558623790741,0.844352781772614
49.7798974514008,1,-0.489129781723022,-0.534497141838074,0.136173292994499,0.000311036652419716,0.0147225763648748,-0.535343706607819,0.844505965709686
49.8001053333282,1,-0.489474445581436,-0.534849166870117,0.13615058362484,-0.000569344498217106,0.0151415858417749,-0.535414934158325,0.84445321559906
49.822194814682,1,-0.489503413438797,-0.534471988677979,0.135990515351295,0.000679937249515206,0.0156469866633415,-0.534974873065948,0.844722867012024
49.8443517684937,1,-0.489441484212875,-0.534634649753571,0.136103868484497,0.000179186434252188,0.015479271300137,-0.534854054450989,0.844802618026733
49.8599157333374,1,-0.489329546689987,-0.53462541103363,0.135979756712914,0.00061534671112895,0.0154144410043955,-0.534845411777496,0.844809114933014
49.8813073635101,1,-0.489465147256851,-0.534674406051636,0.135989159345627,0.000361990591045469,0.01568085514009,-0.534903466701508,0.844767570495605
49.902500629425,1,-0.489551544189453,-0.534613430500031,0.135868832468987,0.000543177186045796,0.0161261204630136,-0.534186840057373,0.845212459564209
49.925651550293,1,-0.489640980958939,-0.53441995382309,0.135949000716209,0.000852294964715838,0.0166935976594687,-0.533857226371765,0.845409452915192
49.9399757385254,1,-0.489398509263992,-0.534442126750946,0.1358492821455,0.00116741715464741,0.0165413077920675,-0.53388237953186,0.845396161079407
49.9601988792419,1,-0.489626467227936,-0.534501373767853,0.135866761207581,0.000891386298462749,0.0170245766639709,-0.53410667181015,0.845245182514191
49.9884111881256,1,-0.489621609449387,-0.534603595733643,0.135856822133064,0.000770493585150689,0.0166327599436045,-0.533986926078796,0.845328807830811
49.999374628067,1,-0.4895199239254,-0.534270763397217,0.13580821454525,0.00209542736411095,0.0168456435203552,-0.533698558807373,0.845504462718964
50.0201849937439,1,-0.489635139703751,-0.534364461898804,0.135864049196243,0.00194372003898025,0.0171508640050888,-0.533552646636963,0.845590710639954
50.0400080680847,1,-0.489419460296631,-0.534337282180786,0.135830625891685,0.00268078502267599,0.0170311108231544,-0.533732891082764,0.845477342605591
50.0636653900146,1,-0.489617109298706,-0.534365355968475,0.13574443757534,0.00278745079413056,0.0175273176282644,-0.533775508403778,0.845439910888672
50.0804631710052,1,-0.48976919054985,-0.534188747406006,0.135729029774666,0.00271143415011466,0.018264627084136,-0.533701837062836,0.845471143722534
50.0997025966644,1,-0.489527195692062,-0.534288823604584,0.135781690478325,0.0026929397135973,0.0175057053565979,-0.533589541912079,0.845558106899261
50.1326928138733,1,-0.489551454782486,-0.534312963485718,0.135772243142128,0.0025434447452426,0.0173583906143904,-0.533278405666351,0.845757961273193
50.142486333847,1,-0.489439904689789,-0.534281671047211,0.135618731379509,0.00277611636556685,0.0170739982277155,-0.532999694347382,0.845938622951508
50.1592428684235,1,-0.489583641290665,-0.534753680229187,0.135706439614296,0.00147755991201848,0.0161048825830221,-0.532611548900604,0.846205294132233
50.17999792099,1,-0.489469736814499,-0.534591674804688,0.135617807507515,0.00182602880522609,0.0155936051160097,-0.532219469547272,0.846460819244385
50.2106566429138,1,-0.489516973495483,-0.534533619880676,0.135573774576187,0.00170637457631528,0.0156145561486483,-0.532360196113586,0.846372187137604
50.2200412750244,1,-0.489335805177689,-0.534535467624664,0.135629594326019,0.00251744571141899,0.0149070806801319,-0.532072246074677,0.846563935279846
50.2400698661804,1,-0.489439755678177,-0.534677565097809,0.135449662804604,0.00253577041439712,0.0152215417474508,-0.532305419445038,0.846411824226379
50.2596774101257,1,-0.489228188991547,-0.534766972064972,0.135095879435539,0.00291480752639472,0.0150846261531115,-0.531733810901642,0.846772193908691
50.2811777591705,1,-0.489452868700027,-0.534322023391724,0.132337912917137,0.00303855980746448,0.0176435466855764,-0.533549249172211,0.845579504966736
50.3006641864777,1,-0.489945977926254,-0.533423006534576,0.128195345401764,0.00359496637247503,0.0223252885043621,-0.537903547286987,0.84270304441452
50.3201401233673,1,-0.489271610975266,-0.533895254135132,0.128055348992348,0.00391375739127398,0.0171652343124151,-0.531341254711151,0.846974968910217
50.3522233963013,1,-0.488720059394836,-0.535241603851318,0.127997949719429,8.24862217996269e-05,0.0113285938277841,-0.531703591346741,0.846854746341705
50.3613841533661,1,-0.489135235548019,-0.534597992897034,0.127853140234947,-9.10931921680458e-05,0.0116590224206448,-0.526578962802887,0.850046336650848
50.3793816566467,1,-0.489148199558258,-0.5348219871521,0.128482162952423,-0.0027081819716841,0.013328205794096,-0.522684812545776,0.852417588233948
50.4002773761749,1,-0.489648342132568,-0.533782362937927,0.129632830619812,-0.0037972996942699,0.0215006098151207,-0.526447415351868,0.849927306175232
50.4281215667725,1,-0.489040195941925,-0.533817708492279,0.133270919322968,-0.00658159237354994,0.0249267630279064,-0.535407602787018,0.844200313091278
50.4393668174744,1,-0.488986313343048,-0.533813536167145,0.13798525929451,-0.00639595743268728,0.0271341372281313,-0.541554927825928,0.840203046798706
50.459864616394,1,-0.487436354160309,-0.536384880542755,0.143833354115486,-0.00542218424379826,0.020762087777257,-0.544690132141113,0.838362812995911
50.4813702106476,1,-0.485284596681595,-0.538920342922211,0.149454489350319,-0.00326134939678013,0.0135717066004872,-0.543958127498627,0.838996231555939
50.5053799152374,1,-0.48525607585907,-0.541242659091949,0.154390424489975,-0.00325943483039737,0.0105936201289296,-0.541964769363403,0.84032815694809
50.5214273929596,1,-0.487565696239471,-0.542050421237946,0.158369973301888,-0.0034269995521754,0.0135788824409246,-0.541273236274719,0.8407301902771
50.5394208431244,1,-0.49002593755722,-0.542719781398773,0.161881819367409,-0.00349896727129817,0.0167915374040604,-0.543586432933807,0.839177966117859
50.568608045578,1,-0.492897778749466,-0.542753756046295,0.16441598534584,-0.00270769512280822,0.0241244584321976,-0.547481715679169,0.83646547794342
50.5803952217102,1,-0.493735820055008,-0.543498814105988,0.167319566011429,-0.00121513800695539,0.0258856825530529,-0.552449882030487,0.83314323425293
50.5995726585388,1,-0.493553400039673,-0.543796062469482,0.169649511575699,0.00146625912748277,0.0274188853800297,-0.555786609649658,0.83087146282196
50.6422393321991,1,-0.492844074964523,-0.543418824672699,0.171419680118561,0.00498108193278313,0.0298407953232527,-0.559506297111511,0.828273892402649
50.6448690891266,1,-0.490598946809769,-0.542731881141663,0.172961428761482,0.0105912033468485,0.0300481673330069,-0.562850117683411,0.825944781303406
50.6597652435303,1,-0.487812757492065,-0.541561186313629,0.17433112859726,0.0176068022847176,0.0304606053978205,-0.565246820449829,0.824171245098114
50.679573059082,1,-0.484676480293274,-0.540534436702728,0.175818085670471,0.0255191866308451,0.0302691962569952,-0.56745183467865,0.822454273700714
50.7143714427948,1,-0.482811659574509,-0.539563715457916,0.177531734108925,0.0327027887105942,0.0323818437755108,-0.569804251194,0.820490658283234
50.7237651348114,1,-0.481603890657425,-0.53913551568985,0.179389744997025,0.0393207855522633,0.0348217487335205,-0.571813106536865,0.818700850009918
50.7413170337677,1,-0.481598645448685,-0.538849055767059,0.181445613503456,0.0445013120770454,0.0393560193479061,-0.574479758739471,0.816360056400299
50.76060962677,1,-0.481879144906998,-0.538587093353271,0.183470696210861,0.0496569685637951,0.0451097749173641,-0.577872812747955,0.813364803791046
50.7880218029022,1,-0.482100516557693,-0.538267195224762,0.185385197401047,0.0550701804459095,0.0519936196506023,-0.58204847574234,0.80961936712265
50.800226688385,1,-0.481870532035828,-0.538317501544952,0.187292486429214,0.0606653913855553,0.0589136779308319,-0.587307631969452,0.804933965206146
50.8205871582031,1,-0.481252640485764,-0.538592159748077,0.189228475093842,0.0664822235703468,0.065826416015625,-0.592100441455841,0.800414979457855
50.8594000339508,1,-0.479908525943756,-0.539164423942566,0.191420182585716,0.0723453164100647,0.0711705237627029,-0.596858561038971,0.795902490615845
50.860139131546,1,-0.477733165025711,-0.540780782699585,0.193536147475243,0.077503003180027,0.0747150555253029,-0.601801753044128,0.791356801986694
50.8807888031006,1,-0.475574612617493,-0.542212307453156,0.195008546113968,0.0824398994445801,0.0800623074173927,-0.606776058673859,0.786521792411804
50.9000425338745,1,-0.472915470600128,-0.544306457042694,0.196152612566948,0.086200162768364,0.0835269615054131,-0.612064599990845,0.781645536422729
50.9314529895782,1,-0.469514578580856,-0.547490239143372,0.19684149324894,0.0891638621687889,0.0846651121973991,-0.619044899940491,0.7756707072258
50.9403257369995,1,-0.465941727161407,-0.551297247409821,0.196951702237129,0.091319240629673,0.0855524390935898,-0.626775801181793,0.769086360931396
50.9612424373627,1,-0.462192922830582,-0.555467188358307,0.196936190128326,0.0935261026024818,0.084754690527916,-0.634327113628387,0.762691795825958
50.9798471927643,1,-0.459811836481094,-0.558806955814362,0.196560591459274,0.0954309478402138,0.0883976519107819,-0.641151070594788,0.756309688091278
51.0135543346405,1,-0.457994520664215,-0.562480211257935,0.196032643318176,0.0962672531604767,0.0919114500284195,-0.648600697517395,0.749401211738586
51.0211131572723,1,-0.457268089056015,-0.565423905849457,0.195236250758171,0.0971286445856094,0.0989100337028503,-0.657746136188507,0.740373551845551
51.0411250591278,1,-0.456532299518585,-0.568184018135071,0.194410219788551,0.0978579744696617,0.106165193021297,-0.668483376502991,0.729577124118805
51.0621209144592,1,-0.456137210130692,-0.570844173431396,0.193159952759743,0.0975536108016968,0.114602081477642,-0.680643618106842,0.716989457607269
51.0892083644867,1,-0.455792844295502,-0.573580205440521,0.191412150859833,0.0969252586364746,0.122111864387989,-0.690212488174438,0.706612348556519
51.1004495620728,1,-0.455458700656891,-0.576188921928406,0.189377680420876,0.096341609954834,0.128783658146858,-0.696427941322327,0.699372112751007
51.1193981170654,1,-0.454276740550995,-0.578962445259094,0.187538474798203,0.0959528386592865,0.133159443736076,-0.701965630054474,0.693041145801544
51.1469075679779,1,-0.452424615621567,-0.581504821777344,0.185823678970337,0.0966568738222122,0.137560397386551,-0.708622634410858,0.685265362262726
51.1659076213837,1,-0.449943393468857,-0.584451377391815,0.184169143438339,0.0967985242605209,0.140702575445175,-0.715758979320526,0.677142441272736
51.1796662807465,1,-0.447352051734924,-0.587661504745483,0.182257801294327,0.096722349524498,0.143982410430908,-0.723025798797607,0.668690979480743
51.2002415657043,1,-0.444853484630585,-0.591247856616974,0.180191218852997,0.0957691296935081,0.146363466978073,-0.729264497756958,0.661497831344604
51.2351384162903,1,-0.442713499069214,-0.595875263214111,0.177779704332352,0.09262415766716,0.147487834095955,-0.735720753669739,0.654509842395782
51.2435331344604,1,-0.441070973873138,-0.601665377616882,0.174986302852631,0.0872747823596001,0.147152602672577,-0.742305278778076,0.647852003574371
51.2602872848511,1,-0.441172122955322,-0.607127726078033,0.172308206558228,0.0788552463054657,0.151356682181358,-0.75212836265564,0.636534333229065
51.2800772190094,1,-0.443059802055359,-0.612004339694977,0.170082107186317,0.0672011747956276,0.160852983593941,-0.76556533575058,0.619289994239807
51.3103890419006,1,-0.445750921964645,-0.617084324359894,0.1683429479599,0.0521561168134212,0.171680673956871,-0.781320989131927,0.597781717777252
51.3202013969421,1,-0.449112832546234,-0.62126088142395,0.167022898793221,0.0370309799909592,0.185840710997581,-0.7971071600914,0.573334276676178
51.3407645225525,1,-0.450968950986862,-0.624642610549927,0.165830254554749,0.0275617297738791,0.197222113609314,-0.806954860687256,0.556028485298157
51.3777601718903,1,-0.450660943984985,-0.629597544670105,0.164184927940369,0.0229732412844896,0.197777822613716,-0.811151266098022,0.549899816513062
51.3818364143372,1,-0.448578476905823,-0.634053587913513,0.162157565355301,0.0251925028860569,0.195395395159721,-0.810035228729248,0.552294313907623
51.3993649482727,1,-0.445531129837036,-0.639604508876801,0.159940674901009,0.028429301455617,0.188748404383659,-0.805251181125641,0.561370134353638
51.4197573661804,1,-0.445012509822845,-0.644220948219299,0.159446522593498,0.0254916865378618,0.184807941317558,-0.805684387683868,0.562200009822845
51.4468157291412,1,-0.445178240537643,-0.646496832370758,0.159013971686363,0.0248974114656448,0.185781165957451,-0.808019399642944,0.558542847633362
51.4602146148682,1,-0.445978224277496,-0.647655546665192,0.158953547477722,0.0222842488437891,0.190349832177162,-0.811907291412354,0.551431775093079
51.480076789856,1,-0.446754962205887,-0.649760901927948,0.158675819635391,0.0176561921834946,0.194122046232224,-0.815104246139526,0.545536398887634
51.4999074935913,1,-0.447742462158203,-0.651905179023743,0.158344820141792,0.0121624851599336,0.19695283472538,-0.81785660982132,0.540529668331146
51.524772644043,1,-0.448633253574371,-0.651758015155792,0.158087149262428,0.00973386783152819,0.19988802075386,-0.822915077209473,0.531752467155457
51.5394349098206,1,-0.448099553585052,-0.650910496711731,0.156945452094078,0.0133947813883424,0.202547490596771,-0.823649108409882,0.529525518417358
51.5599412918091,1,-0.448409110307693,-0.650169193744659,0.156210899353027,0.0146209532395005,0.205086633563042,-0.824026465415955,0.527926087379456
51.5877151489258,1,-0.448774009943008,-0.649437427520752,0.15524522960186,0.0159579683095217,0.207233726978302,-0.824855327606201,0.525750339031219
51.6006968021393,1,-0.449302077293396,-0.648703217506409,0.154065385460854,0.0161390993744135,0.208365321159363,-0.826222121715546,0.523144841194153
51.6202857494354,1,-0.449998766183853,-0.648229420185089,0.152355000376701,0.0160176120698452,0.209280371665955,-0.828319072723389,0.519454300403595
51.6394159793854,1,-0.450800150632858,-0.648190379142761,0.150392532348633,0.0148284882307053,0.208517804741859,-0.830361485481262,0.516527235507965
51.666200876236,1,-0.451750248670578,-0.647654175758362,0.148336365818977,0.0141617553308606,0.208566322922707,-0.832060754299164,0.513784468173981
51.6801884174347,1,-0.45279124379158,-0.647123575210571,0.146221339702606,0.0131357470527291,0.20850245654583,-0.833382964134216,0.511690378189087
51.7006042003632,1,-0.453740864992142,-0.646514415740967,0.144049361348152,0.0122557664290071,0.208418071269989,-0.834632039070129,0.509706854820251
51.7382657527924,1,-0.454458981752396,-0.64578765630722,0.142084553837776,0.0120923910290003,0.208362922072411,-0.835997700691223,0.507490634918213
51.7415647506714,1,-0.45536532998085,-0.645413160324097,0.140365272760391,0.010764610953629,0.207098886370659,-0.837678611278534,0.505261063575745
51.7607810497284,1,-0.456084996461868,-0.644601881504059,0.138955444097519,0.0108275962993503,0.206390678882599,-0.837783396244049,0.505375742912292
51.7800273895264,1,-0.456897556781769,-0.644074022769928,0.138030990958214,0.0103404214605689,0.20502133667469,-0.837791383266449,0.505929887294769
51.809451341629,1,-0.457678377628326,-0.643368780612946,0.137541517615318,0.0102973030880094,0.204264968633652,-0.837939083576202,0.50599217414856
51.8193452358246,1,-0.458240151405334,-0.642342507839203,0.137521743774414,0.010851513594389,0.204236775636673,-0.838573098182678,0.504940330982208
51.8403408527374,1,-0.458819180727005,-0.640916585922241,0.137953400611877,0.0111109055578709,0.205314338207245,-0.839833617210388,0.50239634513855
51.8685493469238,1,-0.459299862384796,-0.639532089233398,0.13871930539608,0.0110444063320756,0.206728592514992,-0.841350197792053,0.499270558357239
51.8843774795532,1,-0.459605485200882,-0.637615561485291,0.139813512563705,0.011804030276835,0.209789052605629,-0.842838168144226,0.495452374219894
51.9004001617432,1,-0.459778726100922,-0.635960698127747,0.141224935650826,0.0116863204166293,0.211676865816116,-0.844354689121246,0.492058545351028
51.9198668003082,1,-0.459439545869827,-0.634398579597473,0.142601996660233,0.0127918440848589,0.213447198271751,-0.845584809780121,0.489145278930664
51.9521911144257,1,-0.458651006221771,-0.632452845573425,0.144305154681206,0.0147542618215084,0.215780943632126,-0.847012162208557,0.485583603382111
51.9599368572235,1,-0.457404971122742,-0.63130122423172,0.145817294716835,0.0165579374879599,0.215786263346672,-0.848574697971344,0.482786804437637
51.9794182777405,1,-0.4556804895401,-0.629854142665863,0.147314101457596,0.0200339332222939,0.216039031744003,-0.849198341369629,0.481443643569946
52.0210359096527,1,-0.454027652740479,-0.628032565116882,0.148909062147141,0.0239092502743006,0.216791436076164,-0.850044071674347,0.479431867599487
52.0222976207733,1,-0.452534347772598,-0.626648008823395,0.150413066148758,0.0267716087400913,0.217035323381424,-0.850677609443665,0.478044360876083
52.040210723877,1,-0.451182514429092,-0.625016748905182,0.151622250676155,0.0302814356982708,0.218840643763542,-0.850752472877502,0.476877480745316
52.0584716796875,1,-0.449964851140976,-0.62369692325592,0.152673199772835,0.0328803993761539,0.219254866242409,-0.851259291172028,0.475608915090561
52.0813281536102,1,-0.448947787284851,-0.62285453081131,0.153426602482796,0.0341947190463543,0.218397676944733,-0.850477933883667,0.477305591106415
52.0992166996002,1,-0.448401927947998,-0.621666252613068,0.153855055570602,0.0355207473039627,0.218576431274414,-0.85035365819931,0.477348208427429
52.1287524700165,1,-0.448289096355438,-0.620451867580414,0.153991922736168,0.0365304239094257,0.218896105885506,-0.849982917308807,0.477785736322403
52.1390151977539,1,-0.448725491762161,-0.619220077991486,0.153901487588882,0.0372499786317348,0.219387724995613,-0.849242806434631,0.478819638490677
52.1603715419769,1,-0.449350237846375,-0.618033826351166,0.153650507330894,0.0377708971500397,0.219794631004333,-0.848261594772339,0.480329036712646
52.1824951171875,1,-0.450299382209778,-0.61704808473587,0.153207361698151,0.037845253944397,0.220192611217499,-0.847569465637207,0.481361567974091
52.1991097927094,1,-0.451506406068802,-0.615854859352112,0.152671128511429,0.0380651205778122,0.221038118004799,-0.847290694713593,0.481447458267212
52.2291555404663,1,-0.453010380268097,-0.615136742591858,0.152171522378922,0.037216667085886,0.2217136323452,-0.846828579902649,0.482016116380692
52.2394495010376,1,-0.454680532217026,-0.614937126636505,0.151762709021568,0.036054864525795,0.221194922924042,-0.845955669879913,0.483871757984161
52.2627913951874,1,-0.456413477659225,-0.614293217658997,0.151617482304573,0.0354333333671093,0.222188130021095,-0.845149338245392,0.484870791435242
52.2794444561005,1,-0.458084136247635,-0.613431692123413,0.151602551341057,0.0348167940974236,0.223552033305168,-0.844827830791473,0.484848588705063
