timestamp,rb_id,pos_x,pos_y,pos_z,quat_x,quat_y,quat_z,quat_w
224.780538320541,1,-0.511259317398071,-0.503041088581085,0.126928925514221,0.275711208581924,0.305393815040588,-0.786012351512909,0.461413770914078
224.800629377365,1,-0.512028455734253,-0.499692022800446,0.12844330072403,0.281018555164337,0.315096408128738,-0.780871152877808,0.460416376590729
224.839649915695,1,-0.512881875038147,-0.498534679412842,0.129090771079063,0.281974852085114,0.317841321229935,-0.778957545757294,0.461185812950134
224.851459026337,1,-0.513865888118744,-0.499067157506943,0.129119426012039,0.280355364084244,0.317228257656097,-0.779023408889771,0.46248197555542
224.861613035202,1,-0.514605104923248,-0.499296456575394,0.129347294569016,0.279245406389236,0.316223710775375,-0.779512047767639,0.463017821311951
224.881097555161,1,-0.515161991119385,-0.498399615287781,0.129964128136635,0.279743105173111,0.31725937128067,-0.778592944145203,0.463555365800858
224.922120571136,1,-0.515450835227966,-0.497139304876328,0.130432322621346,0.281078904867172,0.318618088960648,-0.777108669281006,0.464305251836777
224.923813581467,1,-0.515292167663574,-0.497533977031708,0.12962506711483,0.28043732047081,0.315191268920898,-0.778505325317383,0.46469247341156
224.941173553467,1,-0.514904320240021,-0.497307986021042,0.128966152667999,0.280878484249115,0.314002245664597,-0.779972076416016,0.462767004966736
224.961691379547,1,-0.514489829540253,-0.497105091810226,0.128420725464821,0.281048387289047,0.313399851322174,-0.781207621097565,0.460984855890274
224.980721235275,1,-0.514418423175812,-0.498865157365799,0.126740261912346,0.276158690452576,0.307601869106293,-0.785293698310852,0.460902750492096
225.013118743896,1,-0.514238357543945,-0.49837201833725,0.126494526863098,0.276359736919403,0.309248179197311,-0.786105871200562,0.458288580179214
225.023180484772,1,-0.514107286930084,-0.498645544052124,0.125990256667137,0.275672048330307,0.308197230100632,-0.787830293178558,0.456445842981339
225.041277885437,1,-0.514046132564545,-0.498867750167847,0.125583812594414,0.27534294128418,0.307070374488831,-0.788865268230438,0.455615669488907
225.06037068367,1,-0.51422256231308,-0.499182164669037,0.125057935714722,0.274459779262543,0.305464297533035,-0.789527416229248,0.456081002950668
225.090986967087,1,-0.514407753944397,-0.499582827091217,0.124648049473763,0.273445457220078,0.303774625062943,-0.790009438991547,0.456983208656311
225.103167057037,1,-0.514486312866211,-0.499710530042648,0.124565869569778,0.272966355085373,0.303017169237137,-0.790377795696259,0.457135558128357
225.122183322906,1,-0.514358162879944,-0.499575823545456,0.124669283628464,0.273186385631561,0.302821755409241,-0.790323913097382,0.457226723432541
225.1414706707,1,-0.514137387275696,-0.499737620353699,0.124491669237614,0.2732093334198,0.301764130592346,-0.790701448917389,0.457259684801102
225.173487663269,1,-0.513914465904236,-0.499657839536667,0.124189302325249,0.273632764816284,0.300536185503006,-0.790247321128845,0.458598017692566
225.184043884277,1,-0.513882637023926,-0.500896871089935,0.123315341770649,0.272237867116928,0.2965008020401,-0.790328502655029,0.461903363466263
225.202989578247,1,-0.51375538110733,-0.501456201076508,0.123041599988937,0.271812379360199,0.294391423463821,-0.790669918060303,0.46291771531105
225.220811605453,1,-0.513615608215332,-0.501558005809784,0.123134136199951,0.271680444478989,0.294234395027161,-0.791257560253143,0.462090194225311
225.257420778275,1,-0.513542354106903,-0.50140118598938,0.123185679316521,0.271604150533676,0.295188426971436,-0.791913032531738,0.46040078997612
225.262189865112,1,-0.51359224319458,-0.501242995262146,0.123077481985092,0.271028012037277,0.295666337013245,-0.793750166893005,0.457259327173233
225.282321214676,1,-0.513896942138672,-0.501130342483521,0.122995898127556,0.270141124725342,0.29595273733139,-0.794713079929352,0.455924212932587
225.301686286926,1,-0.514352977275848,-0.501446425914764,0.122746080160141,0.268527239561081,0.29555070400238,-0.795671582221985,0.455466419458389
225.327666044235,1,-0.514901995658875,-0.502119064331055,0.122298955917358,0.266540765762329,0.29464054107666,-0.795053064823151,0.458294272422791
225.347563743591,1,-0.515059769153595,-0.501728355884552,0.122366614639759,0.266398638486862,0.295596390962601,-0.79443085193634,0.458840072154999
225.361248970032,1,-0.514782309532166,-0.501024007797241,0.122605159878731,0.266952931880951,0.297155141830444,-0.795254588127136,0.45607578754425
225.381182432175,1,-0.514470338821411,-0.500337183475494,0.122886061668396,0.267838776111603,0.299418091773987,-0.795465350151062,0.453702658414841
225.400694131851,1,-0.5141441822052,-0.500171065330505,0.122975453734398,0.26817712187767,0.300140291452408,-0.7960245013237,0.452042013406754
225.429246664047,1,-0.513909220695496,-0.500268220901489,0.122911497950554,0.268263071775436,0.299946457147598,-0.796397686004639,0.451461791992188
225.441132545471,1,-0.513757824897766,-0.500278115272522,0.122862786054611,0.268415510654449,0.299550861120224,-0.796337366104126,0.451740175485611
225.461577892303,1,-0.513635039329529,-0.500296711921692,0.12283082306385,0.268584221601486,0.299286305904388,-0.796339333057404,0.451811790466309
225.48136639595,1,-0.513570308685303,-0.500346183776855,0.122744545340538,0.268638432025909,0.299204021692276,-0.796690046787262,0.451215386390686
225.512850522995,1,-0.51363867521286,-0.500264942646027,0.122611835598946,0.268457293510437,0.299416780471802,-0.797141849994659,0.450383335351944
225.524512052536,1,-0.513756334781647,-0.500268697738647,0.122611358761787,0.26808425784111,0.299632847309113,-0.797836661338806,0.44923010468483
225.542182683945,1,-0.513984739780426,-0.500166356563568,0.122679203748703,0.267535209655762,0.300211697816849,-0.798013865947723,0.448855996131897
225.560943126678,1,-0.514166235923767,-0.499974012374878,0.122807458043098,0.26713240146637,0.301333546638489,-0.79809832572937,0.448193520307541
225.595476388931,1,-0.514147639274597,-0.500189423561096,0.122736692428589,0.266231417655945,0.301641047000885,-0.798927903175354,0.44704332947731
225.603157043457,1,-0.514072775840759,-0.499834686517715,0.122936546802521,0.265978842973709,0.303452044725418,-0.799121677875519,0.44561955332756
225.62171292305,1,-0.513913810253143,-0.499377936124802,0.123164549469948,0.2659552693367,0.30555984377861,-0.799122214317322,0.444189876317978
225.641437768936,1,-0.513957440853119,-0.500337779521942,0.12263797223568,0.262867331504822,0.303429663181305,-0.800989031791687,0.444125860929489
225.680158376694,1,-0.513953149318695,-0.500563502311707,0.122524857521057,0.261796653270721,0.303285360336304,-0.801498532295227,0.443937540054321
225.683284282684,1,-0.513937592506409,-0.500534296035767,0.122524425387383,0.261600911617279,0.303331881761551,-0.801508009433746,0.444004058837891
225.702765464783,1,-0.513926386833191,-0.500601172447205,0.122467681765556,0.261555999517441,0.302634596824646,-0.801639199256897,0.444269448518753
225.720567941666,1,-0.513826847076416,-0.50046980381012,0.12249480932951,0.26204451918602,0.302148967981339,-0.80162113904953,0.444344997406006
225.762719631195,1,-0.513649702072144,-0.500400543212891,0.122474640607834,0.262552589178085,0.301670491695404,-0.801966071128845,0.443747073411942
225.76638674736,1,-0.513469517230988,-0.500157654285431,0.122578725218773,0.263107389211655,0.302299320697784,-0.802189707756042,0.442585021257401
225.780783176422,1,-0.513360619544983,-0.500234723091125,0.122534118592739,0.262585937976837,0.302637964487076,-0.802996337413788,0.441198140382767
225.802897453308,1,-0.513171851634979,-0.499694257974625,0.122824646532536,0.263001531362534,0.304962337017059,-0.803068220615387,0.439214795827866
225.843320846558,1,-0.512928068637848,-0.498636782169342,0.123344734311104,0.26408588886261,0.308273285627365,-0.802287340164185,0.437677383422852
225.846085309982,1,-0.512731432914734,-0.499257385730743,0.123236089944839,0.262972354888916,0.307444214820862,-0.803986728191376,0.435808330774307
225.861522912979,1,-0.512483835220337,-0.498628288507462,0.123911261558533,0.264037817716599,0.308973968029022,-0.803535640239716,0.43491342663765
225.882261514664,1,-0.5126131772995,-0.498808145523071,0.1239273250103,0.263711482286453,0.308339834213257,-0.803968906402588,0.434760600328445
225.912343740463,1,-0.512961983680725,-0.499125361442566,0.123472847044468,0.263039201498032,0.307046443223953,-0.80414879322052,0.435749500989914
225.930000066757,1,-0.513444840908051,-0.498861759901047,0.123121440410614,0.262856274843216,0.307272493839264,-0.803099393844604,0.437631815671921
225.943298578262,1,-0.513612151145935,-0.499229341745377,0.122953161597252,0.262314051389694,0.306387513875961,-0.803247690200806,0.438304871320724
225.961512327194,1,-0.513711750507355,-0.499443292617798,0.122908905148506,0.261782348155975,0.306289166212082,-0.803398251533508,0.438415497541428
225.981221199036,1,-0.513673961162567,-0.498688757419586,0.12330637127161,0.262559235095978,0.308578699827194,-0.802182078361511,0.438572496175766
226.014842510223,1,-0.513583362102509,-0.498400241136551,0.123465374112129,0.262513875961304,0.310025423765182,-0.801920115947723,0.438058197498322
226.023851394653,1,-0.513518750667572,-0.498595803976059,0.123374611139297,0.261631548404694,0.310191452503204,-0.802396833896637,0.437595129013062
226.042487382889,1,-0.513403654098511,-0.497859090566635,0.123737245798111,0.262194216251373,0.312270760536194,-0.80141681432724,0.43757551908493
226.060831785202,1,-0.513325572013855,-0.498156875371933,0.123578861355782,0.261497676372528,0.311168819665909,-0.801880419254303,0.437927782535553
226.086587429047,1,-0.513135373592377,-0.498125523328781,0.123614475131035,0.261810004711151,0.31047597527504,-0.801848232746124,0.438291668891907
226.099937438965,1,-0.513033032417297,-0.498744666576385,0.123304054141045,0.261231809854507,0.308285504579544,-0.803197979927063,0.437711030244827
226.120555400848,1,-0.51301646232605,-0.498917043209076,0.123182237148285,0.261068850755692,0.307320386171341,-0.804064631462097,0.436895132064819
226.140673875809,1,-0.512960493564606,-0.498108923435211,0.123527526855469,0.262400329113007,0.308593302965164,-0.803125977516174,0.436926752328873
226.159693956375,1,-0.51297926902771,-0.498086512088776,0.123501837253571,0.262228786945343,0.308239817619324,-0.803390860557556,0.436792105436325
226.193353176117,1,-0.51301109790802,-0.498757749795914,0.123164676129818,0.260634183883667,0.306658715009689,-0.804725766181946,0.436402082443237
226.203288316727,1,-0.51308137178421,-0.498433083295822,0.123277597129345,0.259683728218079,0.307409077882767,-0.804536461830139,0.436789721250534
226.221699953079,1,-0.513212919235229,-0.498758763074875,0.123034164309502,0.257319539785385,0.30633819103241,-0.805541515350342,0.437088757753372
226.252859354019,1,-0.513270378112793,-0.498831868171692,0.122906863689423,0.255679607391357,0.305809259414673,-0.806164681911469,0.437272518873215
226.262579917908,1,-0.513303637504578,-0.498947650194168,0.12279249727726,0.254178285598755,0.305317789316177,-0.806761503219604,0.43739041686058
226.280259370804,1,-0.513355612754822,-0.498916238546371,0.12273645401001,0.253175646066666,0.305031180381775,-0.806920289993286,0.437878668308258
226.314198493958,1,-0.513468444347382,-0.499041885137558,0.122593000531197,0.252138465642929,0.303918242454529,-0.806841433048248,0.439393818378448
226.322936296463,1,-0.513557910919189,-0.498599410057068,0.122727409005165,0.251787126064301,0.304324448108673,-0.80589371919632,0.441050261259079
226.341731548309,1,-0.513650238513947,-0.498495042324066,0.122704662382603,0.250599414110184,0.30450639128685,-0.805321753025055,0.442642867565155
226.380559206009,1,-0.513705909252167,-0.498279213905334,0.122757963836193,0.249112963676453,0.30529972910881,-0.804730772972107,0.44400817155838
226.381752967834,1,-0.513833343982697,-0.498850256204605,0.122397050261497,0.246167778968811,0.303379148244858,-0.805608034133911,0.445374488830566
226.401765584946,1,-0.513929903507233,-0.499464213848114,0.121989965438843,0.243630141019821,0.300387352705002,-0.806480586528778,0.447214633226395
226.420459747314,1,-0.51402223110199,-0.499684453010559,0.121724665164948,0.241927906870842,0.297345548868179,-0.806652963161469,0.449852913618088
226.449880599976,1,-0.514139533042908,-0.499605059623718,0.12156081199646,0.24071104824543,0.29452109336853,-0.806138515472412,0.453272819519043
226.463227987289,1,-0.514289796352386,-0.499409347772598,0.121465086936951,0.239363670349121,0.292470186948776,-0.805209577083588,0.456950515508652
226.482634305954,1,-0.514591157436371,-0.500809490680695,0.120665214955807,0.234187737107277,0.28611621260643,-0.805972754955292,0.462278544902802
226.503223180771,1,-0.514792442321777,-0.501600086688995,0.120193615555763,0.230058550834656,0.282419711351395,-0.80628913640976,0.466057926416397
226.527193546295,1,-0.514956057071686,-0.50212424993515,0.119847968220711,0.22666010260582,0.279506534337997,-0.80615895986557,0.469690382480621
226.545512676239,1,-0.515071511268616,-0.502411842346191,0.119567215442657,0.223560303449631,0.276138693094254,-0.805700540542603,0.473935544490814
226.560967445374,1,-0.515152275562286,-0.502234220504761,0.119447201490402,0.220683768391609,0.273395717144012,-0.804963350296021,0.478108257055283
226.584776639938,1,-0.515301823616028,-0.502237796783447,0.119199454784393,0.216707080602646,0.270215839147568,-0.805146336555481,0.481415539979935
226.607703208923,1,-0.515828609466553,-0.501922786235809,0.118897795677185,0.211748898029327,0.269164055585861,-0.806298077106476,0.482282787561417
226.621697187424,1,-0.516337096691132,-0.501040816307068,0.118769712746143,0.207080885767937,0.269856125116348,-0.806719958782196,0.483216553926468
226.640689611435,1,-0.51713889837265,-0.499841332435608,0.118648841977119,0.201857477426529,0.271929115056992,-0.807079434394836,0.483664035797119
226.673960447311,1,-0.517861247062683,-0.499189823865891,0.118267253041267,0.195557549595833,0.271920442581177,-0.807965278625488,0.484777092933655
226.686567306519,1,-0.518556416034698,-0.497273623943329,0.118303261697292,0.190986007452011,0.274659752845764,-0.807590126991272,0.485679507255554
226.702364683151,1,-0.518976509571075,-0.496103167533875,0.118098765611649,0.185211300849915,0.274669587612152,-0.808675229549408,0.486104786396027
226.72149181366,1,-0.518990755081177,-0.494728922843933,0.118206836283207,0.180931836366653,0.27478438615799,-0.809371173381805,0.486493229866028
226.754998207092,1,-0.517586648464203,-0.496097654104233,0.117891311645508,0.178596168756485,0.264760583639145,-0.811481773853302,0.489390224218369
226.769379377365,1,-0.515239536762238,-0.500020503997803,0.117188453674316,0.180702209472656,0.245482072234154,-0.813508033752441,0.495267570018768
226.781976222992,1,-0.51361495256424,-0.502505421638489,0.117002233862877,0.186089962720871,0.230165034532547,-0.81225973367691,0.502621829509735
226.80065703392,1,-0.513123571872711,-0.505030274391174,0.116844847798347,0.19023485481739,0.219514816999435,-0.812535583972931,0.505380928516388
226.839743614197,1,-0.514158189296722,-0.503675222396851,0.118418291211128,0.194415718317032,0.22349688410759,-0.809254229068756,0.50730574131012
226.843704938889,1,-0.516213655471802,-0.502220869064331,0.120941385626793,0.194355666637421,0.233888208866119,-0.806597590446472,0.506875514984131
226.861469268799,1,-0.517015993595123,-0.502251803874969,0.12331885099411,0.193962007761002,0.239883199334145,-0.804167687892914,0.508083820343018
226.881896018982,1,-0.517267227172852,-0.502264440059662,0.125425472855568,0.193974912166595,0.243870809674263,-0.801133811473846,0.51096522808075
226.923806428909,1,-0.517360866069794,-0.503345847129822,0.126444056630135,0.192397132515907,0.244298622012138,-0.802201449871063,0.509680688381195
226.92728972435,1,-0.517265975475311,-0.503621637821198,0.12709803879261,0.190637603402138,0.24408321082592,-0.803896367549896,0.507770955562592
226.941475629807,1,-0.516853153705597,-0.503695070743561,0.127099275588989,0.189852654933929,0.241999596357346,-0.805850148200989,0.505962252616882
226.961429357529,1,-0.516158223152161,-0.502970814704895,0.126566022634506,0.190495729446411,0.238378524780273,-0.806142687797546,0.50697249174118
226.981655359268,1,-0.515337824821472,-0.501810312271118,0.125162318348885,0.191681548953056,0.233625814318657,-0.805969595909119,0.5090092420578
227.01541519165,1,-0.514910101890564,-0.502766489982605,0.122952029109001,0.186851218342781,0.223402783274651,-0.808861255645752,0.51080459356308
227.02678155899,1,-0.514512777328491,-0.502638697624207,0.121415048837662,0.1817856580019,0.216623678803444,-0.811896145343781,0.510737478733063
227.041207313538,1,-0.514163076877594,-0.50139445066452,0.120812967419624,0.178201094269753,0.215171366930008,-0.815972447395325,0.506097495555878
227.061005830765,1,-0.514170527458191,-0.500723004341125,0.120275877416134,0.17338864505291,0.213458478450775,-0.8212571144104,0.499908655881882
227.092154741287,1,-0.514141857624054,-0.500249147415161,0.119596116244793,0.17000287771225,0.210561826825142,-0.825146436691284,0.495879203081131
227.107416629791,1,-0.514155149459839,-0.50102311372757,0.118754118680954,0.166382431983948,0.203993692994118,-0.828281819820404,0.49462366104126
227.123199701309,1,-0.514405310153961,-0.501462638378143,0.118283301591873,0.162880152463913,0.199256405234337,-0.830736398696899,0.493603020906448
227.141001224518,1,-0.515704870223999,-0.503400981426239,0.118091851472855,0.155473917722702,0.195388495922089,-0.837831914424896,0.485478132963181
227.183995723724,1,-0.516418874263763,-0.50225830078125,0.119001880288124,0.152845621109009,0.200000137090683,-0.841413557529449,0.4781853556633
227.185960531235,1,-0.516696155071259,-0.501633405685425,0.119969315826893,0.150005102157593,0.202359929680824,-0.843462765216827,0.474467486143112
227.20144200325,1,-0.516276895999908,-0.499477744102478,0.120989486575127,0.152053818106651,0.207691818475723,-0.841595947742462,0.47482642531395
227.220623493195,1,-0.516051650047302,-0.498019278049469,0.120939582586288,0.153824716806412,0.212486147880554,-0.840253412723541,0.474512368440628
227.26661491394,1,-0.516161262989044,-0.498574912548065,0.119800791144371,0.150696948170662,0.211269244551659,-0.841141879558563,0.474485218524933
227.277146577835,1,-0.516553640365601,-0.499764233827591,0.118642695248127,0.146257951855659,0.208825498819351,-0.842439353466034,0.474654227495193
227.280519723892,1,-0.516632258892059,-0.500503122806549,0.118065908551216,0.143809452652931,0.20761801302433,-0.843367993831635,0.474282741546631
227.301184892654,1,-0.516346096992493,-0.500835061073303,0.117879427969456,0.143271461129189,0.206946656107903,-0.843836963176727,0.473904550075531
227.321209907532,1,-0.515974760055542,-0.501496493816376,0.117563314735889,0.142915040254593,0.205331265926361,-0.844303607940674,0.473883807659149
227.342973232269,1,-0.515700459480286,-0.502230286598206,0.117068096995354,0.142258286476135,0.203826233744621,-0.845547676086426,0.47251096367836
227.361598491669,1,-0.515737652778625,-0.503573954105377,0.116557374596596,0.139709159731865,0.20193800330162,-0.848155200481415,0.469398647546768
227.381486415863,1,-0.515871226787567,-0.504285275936127,0.116454795002937,0.137391358613968,0.201899901032448,-0.850426495075226,0.46597746014595
227.401375055313,1,-0.515578746795654,-0.503960728645325,0.116812199354172,0.137384831905365,0.202418178319931,-0.850251376628876,0.466073930263519
227.435484170914,1,-0.515487253665924,-0.504212439060211,0.116776540875435,0.137229219079018,0.201078712940216,-0.850001752376556,0.46715372800827
227.446981906891,1,-0.515474915504456,-0.504518389701843,0.116517648100853,0.136549353599548,0.199341580271721,-0.849797248840332,0.468467712402344
227.460669755936,1,-0.515705943107605,-0.504251003265381,0.116253115236759,0.135586306452751,0.200214028358459,-0.849815785884857,0.468341559171677
227.481103181839,1,-0.516101062297821,-0.503866016864777,0.116142675280571,0.133949905633926,0.202818483114243,-0.850460469722748,0.466518104076385
227.503613233566,1,-0.516184866428375,-0.504103124141693,0.11603195220232,0.131835162639618,0.203066200017929,-0.850865602493286,0.466273903846741
227.526998758316,1,-0.516168296337128,-0.50431889295578,0.115886762738228,0.130536705255508,0.202333629131317,-0.851172506809235,0.466397553682327
227.541629076004,1,-0.516234338283539,-0.504490971565247,0.115661337971687,0.130130395293236,0.201338708400726,-0.851422011852264,0.466486304998398
227.561207294464,1,-0.516619503498077,-0.504697144031525,0.115304492413998,0.129524752497673,0.201736345887184,-0.852193474769592,0.465072095394135
227.593477010727,1,-0.516897261142731,-0.504533410072327,0.115011051297188,0.128318920731544,0.203060254454613,-0.852711200714111,0.463879823684692
227.603872299194,1,-0.516714990139008,-0.504521489143372,0.114863142371178,0.127610370516777,0.203339591622353,-0.852257966995239,0.464784801006317
227.622208833694,1,-0.516585350036621,-0.504681468009949,0.114867493510246,0.127414792776108,0.202590897679329,-0.852561235427856,0.464609503746033
227.64086151123,1,-0.516446590423584,-0.50489354133606,0.114985525608063,0.127267599105835,0.201241672039032,-0.852824866771698,0.464752227067947
227.679367303848,1,-0.516449213027954,-0.504836797714233,0.115114822983742,0.127151340246201,0.20062829554081,-0.85332453250885,0.464131534099579
227.683177232742,1,-0.516491889953613,-0.50431102514267,0.115040451288223,0.127238363027573,0.201773270964622,-0.853526592254639,0.463239043951035
227.701793193817,1,-0.516594350337982,-0.504230618476868,0.114711955189705,0.12671971321106,0.202654123306274,-0.853809356689453,0.462474882602692
227.720563411713,1,-0.516553044319153,-0.504325270652771,0.114478096365929,0.126252442598343,0.202793210744858,-0.853716969490051,0.462712198495865
227.765900373459,1,-0.516368985176086,-0.504391372203827,0.114507779479027,0.126149520277977,0.202778622508049,-0.85388970375061,0.462427824735641
227.766724586487,1,-0.516319572925568,-0.504468619823456,0.114585116505623,0.12599228322506,0.202526405453682,-0.854272186756134,0.461874425411224
227.780793905258,1,-0.516383051872253,-0.504370033740997,0.114582702517509,0.125753402709961,0.202523753046989,-0.854374766349792,0.461750984191895
227.801543474197,1,-0.516541182994843,-0.504287898540497,0.11440971493721,0.125030964612961,0.202961966395378,-0.854560971260071,0.461410015821457
227.821514606476,1,-0.516601800918579,-0.504059970378876,0.114189848303795,0.124560415744781,0.203867122530937,-0.85425466299057,0.461705476045609
227.853713512421,1,-0.516526162624359,-0.503859221935272,0.114083461463451,0.12441648542881,0.204569697380066,-0.853844821453094,0.462191432714462
227.864109039307,1,-0.516470909118652,-0.504128158092499,0.114072449505329,0.123731575906277,0.203944072127342,-0.854040384292603,0.462290376424789
227.881682395935,1,-0.516482532024384,-0.50439715385437,0.114115729928017,0.122956000268459,0.203248798847198,-0.854577720165253,0.461810231208801
227.900766849518,1,-0.516617655754089,-0.504281044006348,0.113994792103767,0.122486464679241,0.203800290822983,-0.855169594287872,0.460594892501831
227.930678129196,1,-0.516663670539856,-0.504133224487305,0.113973826169968,0.122220329940319,0.204272657632828,-0.85532021522522,0.460176348686218
227.943053007126,1,-0.516656160354614,-0.504070937633514,0.113957151770592,0.12203099578619,0.204374060034752,-0.854936122894287,0.460894614458084
227.961452960968,1,-0.516665995121002,-0.504040956497192,0.113945655524731,0.121760904788971,0.204676136374474,-0.854664206504822,0.46133628487587
227.981166124344,1,-0.516750395298004,-0.50428831577301,0.113907441496849,0.120968133211136,0.20474936068058,-0.854894280433655,0.461085915565491
228.003391265869,1,-0.516823291778564,-0.504322528839111,0.113905608654022,0.120543830096722,0.204883053898811,-0.855011701583862,0.460919857025146
228.022157430649,1,-0.51678341627121,-0.504104375839233,0.113926716148853,0.120606437325478,0.204956695437431,-0.854727029800415,0.461398482322693
228.042288780212,1,-0.51675671339035,-0.504016637802124,0.113921999931335,0.12034734338522,0.204668879508972,-0.854703724384308,0.461636930704117
228.061481952667,1,-0.516767799854279,-0.503939688205719,0.113898262381554,0.119824521243572,0.20467521250248,-0.854943454265594,0.461326152086258
228.097968101501,1,-0.516728818416595,-0.503897249698639,0.113867998123169,0.11939312517643,0.204518556594849,-0.855153322219849,0.461118459701538
228.09991312027,1,-0.516778171062469,-0.504048347473145,0.113824769854546,0.118980228900909,0.203740611672401,-0.855458498001099,0.461003512144089
228.120219707489,1,-0.516720473766327,-0.503825128078461,0.11385602504015,0.1197429895401,0.203241676092148,-0.854766964912415,0.462307035923004
228.157212495804,1,-0.516657829284668,-0.503492951393127,0.113921798765659,0.120873644948006,0.20252238214016,-0.853870213031769,0.463982790708542
228.160607337952,1,-0.516613245010376,-0.503405094146729,0.113931328058243,0.121564954519272,0.201264634728432,-0.853354573249817,0.465296268463135
228.180722951889,1,-0.516524195671082,-0.503147661685944,0.113949820399284,0.122217983007431,0.201001554727554,-0.853088736534119,0.46572607755661
228.200822591782,1,-0.516478955745697,-0.50300794839859,0.113942183554173,0.122385002672672,0.200928702950478,-0.85333126783371,0.465269058942795
228.222414970398,1,-0.51642245054245,-0.502848088741302,0.113918274641037,0.122804768383503,0.200439274311066,-0.853352963924408,0.465329796075821
228.240318775177,1,-0.516447365283966,-0.503346085548401,0.113782942295074,0.122595719993114,0.198142349720001,-0.853468060493469,0.466156929731369
228.272258043289,1,-0.516387820243835,-0.503296792507172,0.113755360245705,0.122887633740902,0.196245267987251,-0.852990090847015,0.467754572629929
228.288009405136,1,-0.516303479671478,-0.50311541557312,0.11371648311615,0.1225630864501,0.19483670592308,-0.853089451789856,0.46824723482132
228.300423383713,1,-0.516320645809174,-0.50339013338089,0.113563552498817,0.121186047792435,0.192636385560036,-0.853918790817261,0.468004137277603
228.319820165634,1,-0.516344308853149,-0.503548920154572,0.11345087736845,0.119747906923294,0.190317779779434,-0.854482054710388,0.468294888734818
228.341861486435,1,-0.516378343105316,-0.503836274147034,0.113306120038033,0.118297263979912,0.187551006674767,-0.854619443416595,0.469527453184128
228.366188287735,1,-0.516443312168121,-0.504328846931458,0.113132208585739,0.116476364433765,0.183953106403351,-0.854664087295532,0.471321433782578
228.381389379501,1,-0.516547918319702,-0.504962503910065,0.11296309530735,0.114153407514095,0.17953023314476,-0.854417443275452,0.474034488201141
228.400878429413,1,-0.516602993011475,-0.505821764469147,0.112876251339912,0.110178105533123,0.173780530691147,-0.854107797145844,0.47766187787056
228.428737401962,1,-0.516619861125946,-0.50593888759613,0.112795867025852,0.106572180986404,0.1711106300354,-0.854771435260773,0.478256642818451
228.441430568695,1,-0.516596019268036,-0.505744218826294,0.11264431476593,0.102851621806622,0.169920176267624,-0.855652451515198,0.477920114994049
228.460561513901,1,-0.516801953315735,-0.505964815616608,0.112486094236374,0.0980859249830246,0.167694240808487,-0.85614687204361,0.478821814060211
228.480186223984,1,-0.517070531845093,-0.506432950496674,0.112293735146523,0.0935836434364319,0.164125055074692,-0.856017291545868,0.481185704469681
228.514207363129,1,-0.516656279563904,-0.50564569234848,0.11230880767107,0.091499999165535,0.161371037364006,-0.85303121805191,0.487775385379791
228.521685361862,1,-0.516802430152893,-0.506162941455841,0.112059935927391,0.0875322371721268,0.156749576330185,-0.852279722690582,0.491311460733414
228.542152166367,1,-0.516904890537262,-0.50677502155304,0.111980557441711,0.0826718211174011,0.151251092553139,-0.851631343364716,0.494987428188324
228.583671331406,1,-0.51786333322525,-0.508376121520996,0.111515387892723,0.0776359140872955,0.14702770113945,-0.853832423686981,0.493280440568924
228.587564945221,1,-0.518282890319824,-0.508511364459991,0.111306577920914,0.0745003372430801,0.145214810967445,-0.854557454586029,0.493045687675476
228.601276159286,1,-0.518412172794342,-0.508126139640808,0.111138254404068,0.0720368847250938,0.1437126994133,-0.854032754898071,0.494758188724518
228.62082695961,1,-0.518575131893158,-0.508403182029724,0.110965073108673,0.0685200616717339,0.14017079770565,-0.853451251983643,0.497270703315735
228.66611456871,1,-0.518694162368774,-0.508699238300323,0.110819533467293,0.0647255554795265,0.136056140065193,-0.852665185928345,0.50026136636734
228.681240320206,1,-0.519221246242523,-0.508837342262268,0.110438212752342,0.0562280975282192,0.130129903554916,-0.852385401725769,0.503332674503326
228.702676773071,1,-0.519485712051392,-0.508458852767944,0.110217563807964,0.0526428855955601,0.128251060843468,-0.851863443851471,0.505083382129669
228.721613645554,1,-0.519211530685425,-0.5091672539711,0.110201388597488,0.0486395843327045,0.121807970106602,-0.849723994731903,0.510652720928192
228.751930236816,1,-0.519172668457031,-0.51005220413208,0.110155910253525,0.0453023016452789,0.114948503673077,-0.847536325454712,0.51615571975708
228.765793561935,1,-0.519191861152649,-0.510001122951508,0.109961912035942,0.0442387126386166,0.110131569206715,-0.845371127128601,0.520828068256378
228.781373500824,1,-0.51891964673996,-0.510261535644531,0.109782755374908,0.0433401055634022,0.104663543403149,-0.842481017112732,0.526681184768677
228.801674604416,1,-0.519182562828064,-0.509842932224274,0.109516173601151,0.0430035181343555,0.101039364933968,-0.840814411640167,0.530068814754486
228.834766149521,1,-0.519097328186035,-0.510490298271179,0.109487771987915,0.0419358611106873,0.0941659063100815,-0.838923573493958,0.534398317337036
228.848497629166,1,-0.518962740898132,-0.51116555929184,0.109429866075516,0.0414003282785416,0.0871822759509087,-0.83664458990097,0.539176404476166
228.860719442368,1,-0.519339382648468,-0.510776340961456,0.109607443213463,0.0408819802105427,0.0823029354214668,-0.837325036525726,0.538926422595978
228.881637096405,1,-0.519292771816254,-0.510883748531342,0.109568879008293,0.0413888208568096,0.0777039080858231,-0.836930453777313,0.540181994438171
228.923431634903,1,-0.518965005874634,-0.511482059955597,0.109418734908104,0.0414516590535641,0.0748142525553703,-0.835441052913666,0.54288387298584
228.941476821899,1,-0.518870651721954,-0.511917114257812,0.109277814626694,0.0377605967223644,0.0730034112930298,-0.839660346508026,0.536856889724731
228.959932565689,1,-0.518901705741882,-0.511854887008667,0.109238132834435,0.036163579672575,0.0728644579648972,-0.840503215789795,0.535665333271027
228.992736816406,1,-0.518922030925751,-0.511851966381073,0.109216347336769,0.0350662469863892,0.0718948319554329,-0.839809775352478,0.536955416202545
229.002252340317,1,-0.51898056268692,-0.511850714683533,0.109141752123833,0.034038383513689,0.0708212852478027,-0.839197754859924,0.538119852542877
229.02044916153,1,-0.519152402877808,-0.51192569732666,0.109110653400421,0.0312480814754963,0.0713068097829819,-0.840371012687683,0.536391198635101
229.055535554886,1,-0.519252598285675,-0.512014210224152,0.109081700444221,0.027753509581089,0.0725016221404076,-0.84141880273819,0.534778118133545
229.062394380569,1,-0.519307196140289,-0.512163162231445,0.109152793884277,0.0251625701785088,0.0727310925722122,-0.841078281402588,0.535410344600677
229.080230236053,1,-0.519347250461578,-0.512210130691528,0.109143912792206,0.0247717034071684,0.072445385158062,-0.84062397480011,0.536180436611176
229.119954586029,1,-0.519347786903381,-0.512142300605774,0.109148979187012,0.0245620012283325,0.0724405273795128,-0.841049015522003,0.535523653030396
229.125356197357,1,-0.519371747970581,-0.512083411216736,0.109144270420074,0.0239913538098335,0.0733228251338005,-0.842358410358429,0.533367216587067
229.140738725662,1,-0.519372880458832,-0.512080430984497,0.109100259840488,0.023363983258605,0.0740628615021706,-0.843120753765106,0.532086670398712
229.160724878311,1,-0.519407331943512,-0.512132406234741,0.109085530042648,0.0225866977125406,0.0740733593702316,-0.843533992767334,0.531463503837585
229.192821979523,1,-0.519396126270294,-0.51224672794342,0.109058111906052,0.0219524353742599,0.0730984061956406,-0.843621611595154,0.531485974788666
229.20424413681,1,-0.51936286687851,-0.512172043323517,0.109008476138115,0.021422391757369,0.0717737227678299,-0.843639969825745,0.531659007072449
229.221869707108,1,-0.519416928291321,-0.512142300605774,0.10896061360836,0.0203482285141945,0.0706828385591507,-0.844069063663483,0.531166076660156
229.24106836319,1,-0.519528985023499,-0.511967778205872,0.108898997306824,0.0188945084810257,0.0705938562750816,-0.844167053699493,0.531075835227966
229.27348279953,1,-0.519574701786041,-0.511844635009766,0.108882166445255,0.0169650744646788,0.071116603910923,-0.843978583812714,0.531370639801025
229.282481431961,1,-0.519662439823151,-0.5120530128479,0.108938254415989,0.0142973028123379,0.0713786110281944,-0.843961536884308,0.53144109249115
229.300764560699,1,-0.519731342792511,-0.511997759342194,0.108853757381439,0.0123075852170587,0.0727218613028526,-0.843558609485626,0.531948268413544
229.320775032043,1,-0.519827902317047,-0.512118279933929,0.108840256929398,0.0103325424715877,0.0733342170715332,-0.843193650245667,0.532484591007233
229.355679035187,1,-0.519940853118896,-0.512183606624603,0.108851581811905,0.00895815249532461,0.0735388696193695,-0.842589914798737,0.533436059951782
229.366997241974,1,-0.519963681697845,-0.512238204479218,0.108852818608284,0.00831426028162241,0.0729654133319855,-0.841523230075836,0.535206258296967
229.380812168121,1,-0.519953191280365,-0.512238025665283,0.108857333660126,0.00783181842416525,0.0724231898784637,-0.840447187423706,0.536975085735321
229.401235580444,1,-0.520000815391541,-0.512219846248627,0.10882830619812,0.00756533909589052,0.072334498167038,-0.839805901050568,0.537993013858795
229.441055297852,1,-0.519977927207947,-0.512266039848328,0.108819738030434,0.00757036218419671,0.0721924379467964,-0.839335203170776,0.538746058940887
229.443857431412,1,-0.52000880241394,-0.512341737747192,0.108847260475159,0.00737931299954653,0.0721450448036194,-0.839119434356689,0.539091110229492
229.460579633713,1,-0.520029187202454,-0.512318193912506,0.108844742178917,0.00738162314519286,0.0724555850028992,-0.838866412639618,0.539443075656891
229.481513977051,1,-0.520035624504089,-0.512302458286285,0.108848810195923,0.0074208932928741,0.0726857259869576,-0.838586688041687,0.539846420288086
229.50905418396,1,-0.520055055618286,-0.512316226959229,0.108865648508072,0.00735951587557793,0.0728129968047142,-0.838514268398285,0.539942681789398
229.527622461319,1,-0.52005273103714,-0.512314975261688,0.108856052160263,0.00728175137192011,0.0728644356131554,-0.838501036167145,0.539957106113434
229.541067123413,1,-0.52008068561554,-0.512245774269104,0.10883367061615,0.00714614847674966,0.0727299153804779,-0.838412046432495,0.540115475654602
229.561012983322,1,-0.520119905471802,-0.512227654457092,0.108803123235703,0.00685652159154415,0.0723643153905869,-0.838180065155029,0.540528059005737
229.605562210083,1,-0.520189642906189,-0.512155175209045,0.108739882707596,0.00661413557827473,0.0723243057727814,-0.838011145591736,0.540798366069794
229.614866256714,1,-0.5202317237854,-0.512106657028198,0.10871397703886,0.00635430356487632,0.0722990781068802,-0.837737262248993,0.541228950023651
229.620458126068,1,-0.520242393016815,-0.51213127374649,0.108721360564232,0.0060636643320322,0.0722639411687851,-0.83756411075592,0.541504979133606
229.640380382538,1,-0.520260155200958,-0.512139678001404,0.108704254031181,0.00590961426496506,0.0723045095801353,-0.837519526481628,0.541570127010345
229.685271978378,1,-0.520267486572266,-0.512150228023529,0.108710274100304,0.00589871965348721,0.0722078755497932,-0.837447345256805,0.541694760322571
229.689532995224,1,-0.520279228687286,-0.512121379375458,0.108697384595871,0.00582943251356483,0.0723255202174187,-0.837458610534668,0.541662395000458
229.701207399368,1,-0.52026641368866,-0.512161731719971,0.108689814805984,0.00554525759071112,0.0722776651382446,-0.837556838989258,0.5415198802948
229.721549987793,1,-0.52027827501297,-0.512205183506012,0.108677312731743,0.00520826503634453,0.0723187923431396,-0.837665557861328,0.541349589824677
229.741487503052,1,-0.520319104194641,-0.512241244316101,0.108704090118408,0.00488677667453885,0.072310708463192,-0.837789177894592,0.541162312030792
229.775563001633,1,-0.520323514938354,-0.512190699577332,0.108684994280338,0.0049368622712791,0.072466179728508,-0.83754426240921,0.541520059108734
229.787166595459,1,-0.520330548286438,-0.512195885181427,0.108666270971298,0.00493555655702949,0.0722888857126236,-0.837026238441467,0.542344033718109
229.801238775253,1,-0.520352125167847,-0.512131571769714,0.108667820692062,0.00498137669637799,0.0721959546208382,-0.836593151092529,0.543023765087128
229.821363687515,1,-0.520362734794617,-0.512108325958252,0.108660370111465,0.00490377424284816,0.0720570981502533,-0.836424708366394,0.543302476406097
229.847148418427,1,-0.52035254240036,-0.512158811092377,0.108665212988853,0.00475767906755209,0.0716564133763313,-0.83648818731308,0.543258965015411
229.863764047623,1,-0.520336210727692,-0.512149751186371,0.108646757900715,0.00473656132817268,0.071322962641716,-0.836565554141998,0.543183982372284
229.881361722946,1,-0.520299732685089,-0.51221638917923,0.10865480452776,0.004585777875036,0.0707060173153877,-0.836540341377258,0.543304622173309
229.902158021927,1,-0.520289540290833,-0.512235999107361,0.108656242489815,0.00455218786373734,0.0702584162354469,-0.836277365684509,0.543767631053925
229.929362535477,1,-0.520358502864838,-0.512133955955505,0.1086295992136,0.00477023515850306,0.0704759061336517,-0.836028158664703,0.544120788574219
229.956376075745,1,-0.520343124866486,-0.512116432189941,0.108639642596245,0.00503539526835084,0.0703871324658394,-0.835781991481781,0.54450786113739
229.961409807205,1,-0.520338356494904,-0.512059390544891,0.108631864190102,0.00548895541578531,0.0703730136156082,-0.835674583911896,0.544670224189758
229.981528520584,1,-0.520337045192719,-0.512088716030121,0.108638845384121,0.00586083764210343,0.0701707154512405,-0.835766196250916,0.544551849365234
230.000773191452,1,-0.520309925079346,-0.512176513671875,0.108676269650459,0.00618071341887116,0.069654569029808,-0.835862100124359,0.544467270374298
230.027356386185,1,-0.520245611667633,-0.512303829193115,0.108721897006035,0.00652310159057379,0.0690259709954262,-0.83577972650528,0.5446697473526
230.048577070236,1,-0.520221531391144,-0.512283861637115,0.108727291226387,0.00707275466993451,0.0689458549022675,-0.835547685623169,0.545028924942017
230.061553478241,1,-0.520206332206726,-0.512293517589569,0.108743086457253,0.00748145999386907,0.0689911097288132,-0.835324943065643,0.545359075069427
230.081243753433,1,-0.520160496234894,-0.512293577194214,0.108765110373497,0.00786085426807404,0.069324903190136,-0.835218608379364,0.545474410057068
230.101156949997,1,-0.520123064517975,-0.512275695800781,0.108778171241283,0.00803260412067175,0.069945752620697,-0.835372924804688,0.545156180858612
230.140155076981,1,-0.52007383108139,-0.512322247028351,0.108806222677231,0.00799398683011532,0.0705147460103035,-0.835723519325256,0.544545710086823
230.144321680069,1,-0.520094156265259,-0.512348234653473,0.108826041221619,0.00771649088710546,0.0712452232837677,-0.836189687252045,0.543738305568695
230.163044691086,1,-0.520149648189545,-0.51228278875351,0.108845114707947,0.00730477087199688,0.0724511817097664,-0.836679697036743,0.542830049991608
230.180655479431,1,-0.520134747028351,-0.512205123901367,0.108861923217773,0.00700914300978184,0.0737364143133163,-0.836968719959259,0.542215168476105
230.207369565964,1,-0.520157873630524,-0.512142896652222,0.10889308154583,0.00652660802006721,0.0749893486499786,-0.837458968162537,0.54129159450531
230.222715377808,1,-0.520228922367096,-0.512076914310455,0.108891375362873,0.00594514748081565,0.0761590227484703,-0.837777376174927,0.540641844272614
230.239741325378,1,-0.520301938056946,-0.512091398239136,0.10888983309269,0.00511139631271362,0.0767269730567932,-0.837810873985291,0.540518045425415
230.260455846786,1,-0.520396292209625,-0.511946618556976,0.10883466899395,0.00452389195561409,0.0773168429732323,-0.837755799293518,0.54052460193634
230.281497240067,1,-0.520434975624084,-0.511812329292297,0.108789339661598,0.0041158152744174,0.077613539993763,-0.83761602640152,0.540701866149902
230.299292325974,1,-0.520433306694031,-0.511776566505432,0.108769327402115,0.00368975871242583,0.0776578634977341,-0.837579309940338,0.540755569934845
230.329812526703,1,-0.520434975624084,-0.51165759563446,0.108741156756878,0.00354893109761178,0.0781024694442749,-0.837701022624969,0.540503919124603
230.340016126633,1,-0.520434379577637,-0.511631786823273,0.108735613524914,0.00357021973468363,0.0784555450081825,-0.837971389293671,0.540033400058746
230.361010789871,1,-0.520407915115356,-0.511721849441528,0.108781948685646,0.00399490632116795,0.0785681307315826,-0.838194370269775,0.539667785167694
230.390484333038,1,-0.520302593708038,-0.512122809886932,0.1089156717062,0.00442431028932333,0.0776662528514862,-0.838367283344269,0.539526343345642
230.400233268738,1,-0.520220696926117,-0.512215137481689,0.108975745737553,0.00566824851557612,0.0776354297995567,-0.838446617126465,0.539395928382874
230.420146465302,1,-0.520139932632446,-0.511919617652893,0.108955338597298,0.0079821553081274,0.0787172242999077,-0.838412880897522,0.539262354373932
230.448259353638,1,-0.520105302333832,-0.511791706085205,0.108931958675385,0.0100957658141851,0.0793686732649803,-0.838565587997437,0.538893759250641
230.461379289627,1,-0.520027875900269,-0.511766672134399,0.10897022485733,0.0115735838189721,0.0793692767620087,-0.838198363780975,0.539435029029846
230.480135917664,1,-0.520001530647278,-0.511766791343689,0.108974382281303,0.0125452382490039,0.0790971145033836,-0.837808847427368,0.540057957172394
230.500726938248,1,-0.520004749298096,-0.511738061904907,0.108985722064972,0.0131917260587215,0.0786221697926521,-0.837459921836853,0.540652751922607
230.528196334839,1,-0.519977986812592,-0.511763274669647,0.108985334634781,0.0136765595525503,0.0779449567198753,-0.837093234062195,0.54130631685257
230.539872646332,1,-0.519961893558502,-0.511864840984344,0.108994819223881,0.013946782797575,0.0771823674440384,-0.836856305599213,0.541774928569794
230.56093621254,1,-0.519933223724365,-0.511837065219879,0.108981914818287,0.0144121749326587,0.0768449082970619,-0.836594521999359,0.542214810848236
230.602615833282,1,-0.519946813583374,-0.511830687522888,0.108982779085636,0.0146682355552912,0.0766693651676178,-0.836449801921844,0.542455971240997
230.606636047363,1,-0.519956827163696,-0.511855721473694,0.108987882733345,0.0148382550105453,0.0765442550182343,-0.836295306682587,0.542707085609436
230.620973825455,1,-0.519946575164795,-0.511826932430267,0.10898745059967,0.0150542492046952,0.0765816792845726,-0.836186707019806,0.542863368988037
230.641378641129,1,-0.519939422607422,-0.511891186237335,0.109004065394402,0.0150671033188701,0.0764109343290329,-0.83623331785202,0.542815089225769
230.678758382797,1,-0.519934117794037,-0.511802852153778,0.108976513147354,0.0154428165405989,0.0764582082629204,-0.836163282394409,0.542905807495117
230.68177318573,1,-0.519903838634491,-0.511846125125885,0.108976550400257,0.0156161747872829,0.0758541375398636,-0.835926175117493,0.543350517749786
230.701474666595,1,-0.519883573055267,-0.5118448138237,0.108952961862087,0.0157551411539316,0.0752706006169319,-0.83563232421875,0.543879270553589
230.721468448639,1,-0.519871830940247,-0.51183807849884,0.10894799977541,0.0158033091574907,0.0746862590312958,-0.835461497306824,0.544220805168152
230.746510028839,1,-0.519843637943268,-0.511907517910004,0.108942791819572,0.0157500524073839,0.0740221440792084,-0.835438549518585,0.544348478317261
230.764591932297,1,-0.519832849502563,-0.511902272701263,0.108928702771664,0.0158052742481232,0.0735949128866196,-0.835523366928101,0.54427444934845
230.780580759048,1,-0.519811034202576,-0.511909782886505,0.108922779560089,0.0158362518996,0.0731843635439873,-0.835478603839874,0.544397592544556
230.802158594131,1,-0.519807875156403,-0.51192581653595,0.108930565416813,0.0157432872802019,0.0729022845625877,-0.835451662540436,0.544479489326477
230.843905687332,1,-0.519807875156403,-0.511879324913025,0.108910784125328,0.0157018937170506,0.072950191795826,-0.835487842559814,0.54441899061203
230.848250627518,1,-0.519836783409119,-0.511874377727509,0.10891555249691,0.0154394917190075,0.0729755684733391,-0.835657238960266,0.544162809848785
230.861449241638,1,-0.519818902015686,-0.511836051940918,0.108902871608734,0.0154170645400882,0.0730626359581947,-0.835768342018127,0.543981194496155
230.880617856979,1,-0.519825160503387,-0.511859118938446,0.108905933797359,0.0153857739642262,0.0729563310742378,-0.835817933082581,0.54392009973526
230.900361537933,1,-0.519821107387543,-0.511898875236511,0.108916893601418,0.0154355652630329,0.0727030783891678,-0.83577299118042,0.544021606445312
230.931440353394,1,-0.519805014133453,-0.511883318424225,0.108910642564297,0.0156200034543872,0.0724358260631561,-0.835638105869293,0.544259190559387
230.940325021744,1,-0.51979124546051,-0.511911034584045,0.108915217220783,0.0156127484515309,0.0719504803419113,-0.835518360137939,0.544507682323456
230.960384845734,1,-0.519765377044678,-0.511967301368713,0.108916208148003,0.0155509961768985,0.0713004469871521,-0.835279583930969,0.544961035251617
230.980539798737,1,-0.519770681858063,-0.511967778205872,0.108913898468018,0.0154870124533772,0.0707661211490631,-0.835037410259247,0.545403301715851
231.014722585678,1,-0.519767224788666,-0.511963248252869,0.108902111649513,0.0153105305507779,0.0702005848288536,-0.834678888320923,0.546030044555664
231.021572113037,1,-0.519820749759674,-0.511934995651245,0.108871355652809,0.0150652248412371,0.0698521733283997,-0.834380984306335,0.546536564826965
231.040874004364,1,-0.519858598709106,-0.511997044086456,0.108852669596672,0.0147691834717989,0.0692819729447365,-0.834086835384369,0.547065794467926
231.060908555984,1,-0.519861578941345,-0.511979818344116,0.108831033110619,0.0146692777052522,0.0688233897089958,-0.833647072315216,0.547796249389648
231.103553771973,1,-0.519852578639984,-0.5120689868927,0.108831934630871,0.0145685821771622,0.0680750086903572,-0.8332160115242,0.548547923564911
231.104643106461,1,-0.519821524620056,-0.512179672718048,0.108820758759975,0.014694101177156,0.0672858059406281,-0.832697331905365,0.549428761005402
231.121190786362,1,-0.519776880741119,-0.512186646461487,0.108800455927849,0.0149605814367533,0.0668306425213814,-0.832469880580902,0.549821615219116
231.140775918961,1,-0.519735515117645,-0.512203931808472,0.108782097697258,0.0152205424383283,0.0664369016885757,-0.832324981689453,0.550081431865692
231.166501998901,1,-0.519725918769836,-0.512179970741272,0.108774088323116,0.0153926853090525,0.0662349686026573,-0.832236170768738,0.550235390663147
231.187237977982,1,-0.519720673561096,-0.512149214744568,0.108768612146378,0.0153096048161387,0.0661373138427734,-0.832214176654816,0.550282657146454
231.201164484024,1,-0.519747734069824,-0.5121910572052,0.108779206871986,0.0149043463170528,0.0659057274460793,-0.832302749156952,0.550187647342682
231.222955226898,1,-0.519733786582947,-0.512198507785797,0.108767002820969,0.0146186836063862,0.0657466500997543,-0.83236163854599,0.550125181674957
231.241916894913,1,-0.519747316837311,-0.512211501598358,0.108755804598331,0.0142366671934724,0.0657767206430435,-0.832488477230072,0.549939692020416
231.277325153351,1,-0.519789040088654,-0.512220501899719,0.108758792281151,0.0137460520491004,0.0661244466900826,-0.83276492357254,0.549491763114929
231.287061452866,1,-0.519827425479889,-0.512243151664734,0.108792766928673,0.0132175991311669,0.0664103627204895,-0.833039581775665,0.54905378818512
231.300494670868,1,-0.519873559474945,-0.512203276157379,0.108782358467579,0.0129445660859346,0.0668116137385368,-0.833219110965729,0.54873913526535
231.320214033127,1,-0.51986163854599,-0.512234628200531,0.108796805143356,0.0127143925055861,0.0667045712471008,-0.833211362361908,0.548769235610962
231.357376813889,1,-0.51986289024353,-0.512201964855194,0.108778715133667,0.012581130489707,0.0666519552469254,-0.833159506320953,0.548857510089874
231.361817121506,1,-0.519852459430695,-0.51216733455658,0.108754515647888,0.0124976495280862,0.0665716826915741,-0.833176732063293,0.548842906951904
231.38077878952,1,-0.519846677780151,-0.512172102928162,0.108748950064182,0.0123469401150942,0.0663767755031586,-0.833231031894684,0.548787534236908
231.400728702545,1,-0.519839584827423,-0.51215797662735,0.108736805617809,0.012234153226018,0.0663091242313385,-0.833221435546875,0.548812985420227
231.43524646759,1,-0.519844949245453,-0.512198507785797,0.108741104602814,0.011942551471293,0.06622713804245,-0.833204209804535,0.548855245113373
231.44965672493,1,-0.519839704036713,-0.512225091457367,0.108749911189079,0.0116409575566649,0.0663729831576347,-0.833270013332367,0.548744201660156
231.461312294006,1,-0.519806921482086,-0.512269794940948,0.108775526285172,0.0113029023632407,0.0666890516877174,-0.833481431007385,0.548391878604889
231.480683803558,1,-0.519841432571411,-0.512288093566895,0.108795486390591,0.0108155561611056,0.0673130080103874,-0.833960771560669,0.547596156597137
231.501402616501,1,-0.519878566265106,-0.512221336364746,0.108796924352646,0.0104571040719748,0.0682750940322876,-0.834559857845306,0.546570181846619
231.533713817596,1,-0.519898474216461,-0.512302875518799,0.10885576158762,0.00986752845346928,0.0686286464333534,-0.835135519504547,0.545656800270081
231.548060178757,1,-0.519928336143494,-0.512213528156281,0.108849421143532,0.00966076832264662,0.0691927894949913,-0.83539605140686,0.545190334320068
231.561708688736,1,-0.519922018051147,-0.512177169322968,0.108842745423317,0.00954175647348166,0.0693843588232994,-0.83538430929184,0.545186161994934
231.581730604172,1,-0.519928991794586,-0.512204229831696,0.108851976692677,0.00945330131798983,0.0694399327039719,-0.835370719432831,0.545201301574707
231.620886325836,1,-0.519941985607147,-0.512207269668579,0.108858406543732,0.00966110825538635,0.0696281492710114,-0.835432589054108,0.545078933238983
231.622130393982,1,-0.519941329956055,-0.512233555316925,0.108878627419472,0.0102462163195014,0.0696868002414703,-0.835446000099182,0.545040249824524
231.641038656235,1,-0.519934117794037,-0.512214839458466,0.108872450888157,0.011102644726634,0.0698201507329941,-0.835195004940033,0.545390903949738
231.660701990128,1,-0.519868731498718,-0.512226343154907,0.10888759791851,0.0122750829905272,0.0696910098195076,-0.834519803524017,0.546414911746979
231.681402206421,1,-0.519845485687256,-0.512072861194611,0.108897008001804,0.0135183343663812,0.0700879916548729,-0.834021270275116,0.547095477581024
231.717045783997,1,-0.519837498664856,-0.511873602867126,0.108881153166294,0.0148463128134608,0.0710668638348579,-0.833924651145935,0.54708206653595
231.727909564972,1,-0.51982843875885,-0.511952996253967,0.108932361006737,0.0155016556382179,0.0716381222009659,-0.834340274333954,0.546355187892914
231.740496397018,1,-0.519782960414886,-0.511989831924438,0.108964055776596,0.0161629859358072,0.0723335444927216,-0.834662318229675,0.545752048492432
231.760699033737,1,-0.519751310348511,-0.511992394924164,0.108979463577271,0.0166717357933521,0.0728972256183624,-0.834744870662689,0.545535683631897
231.784615516663,1,-0.519702255725861,-0.512025237083435,0.109010547399521,0.0168775133788586,0.0730982422828674,-0.834806144237518,0.545408666133881
231.800920009613,1,-0.519718587398529,-0.511990129947662,0.10900741070509,0.016931127756834,0.073471374809742,-0.8347487449646,0.545444846153259
231.820991039276,1,-0.519758284091949,-0.511909544467926,0.10899044573307,0.0167940072715282,0.073962576687336,-0.834630131721497,0.545563936233521
231.840862512589,1,-0.519798219203949,-0.511881470680237,0.108980640769005,0.0164986420422792,0.0743207409977913,-0.834486961364746,0.54574328660965
231.885751247406,1,-0.519837915897369,-0.511762797832489,0.108950480818748,0.0163198094815016,0.0749597102403641,-0.834375143051147,0.545832395553589
231.888256788254,1,-0.51985639333725,-0.511708915233612,0.108932793140411,0.0159432534128428,0.0753414109349251,-0.834518253803253,0.54557192325592
231.900654315948,1,-0.519926786422729,-0.511620461940765,0.108913250267506,0.0155572686344385,0.0758234560489655,-0.8347447514534,0.545169830322266
231.921806335449,1,-0.51991879940033,-0.511619448661804,0.108904436230659,0.0152837345376611,0.0757795870304108,-0.834809303283691,0.545084714889526
231.941134929657,1,-0.519925951957703,-0.511694669723511,0.108917936682701,0.0149475783109665,0.0753724500536919,-0.834847033023834,0.545092642307281
231.967764377594,1,-0.519931972026825,-0.511717677116394,0.108904585242271,0.0148069346323609,0.0749757960438728,-0.834592640399933,0.545540571212769
231.980949878693,1,-0.519935488700867,-0.511744499206543,0.108901545405388,0.0147265261039138,0.0746438279747963,-0.834336757659912,0.545979619026184
232.001374483109,1,-0.519925534725189,-0.511774718761444,0.108901470899582,0.0147666754201055,0.0743932798504829,-0.834194421768188,0.54623007774353
232.021169900894,1,-0.519924283027649,-0.511837661266327,0.108918100595474,0.0147919356822968,0.0738808065652847,-0.834135949611664,0.546388268470764
232.051954269409,1,-0.519892871379852,-0.511832594871521,0.108893811702728,0.0149818556383252,0.0732244774699211,-0.833908677101135,0.54681807756424
232.06339764595,1,-0.519854605197906,-0.511892437934875,0.108905807137489,0.0149958431720734,0.0721234008669853,-0.833597362041473,0.547438442707062
232.080731868744,1,-0.519888997077942,-0.511811912059784,0.108865082263947,0.0151397492736578,0.0714756473898888,-0.833176136016846,0.548160195350647
232.107717990875,1,-0.519924581050873,-0.511956691741943,0.108857288956642,0.0147772403433919,0.0701121687889099,-0.832441926002502,0.549460172653198
232.120527982712,1,-0.519898235797882,-0.512104272842407,0.10884003341198,0.0145578058436513,0.0687962025403976,-0.831795215606689,0.550610423088074
232.140531301498,1,-0.519915103912354,-0.512077033519745,0.108800828456879,0.0146432751789689,0.0682801902294159,-0.831501960754395,0.551115214824677
232.172869443893,1,-0.519881367683411,-0.512117266654968,0.108790501952171,0.0148233473300934,0.0676747635006905,-0.831278920173645,0.551521301269531
232.182637214661,1,-0.51980996131897,-0.512183785438538,0.108800992369652,0.015168447047472,0.067082516849041,-0.831148624420166,0.551780581474304
232.201467037201,1,-0.519808948040009,-0.512181103229523,0.108786351978779,0.0155388098210096,0.0669389665126801,-0.831193387508392,0.551720380783081
232.220813035965,1,-0.519789159297943,-0.51218968629837,0.108804874122143,0.0158257689327002,0.066522516310215,-0.831102728843689,0.551899254322052
232.242499351501,1,-0.519777834415436,-0.512241423130035,0.108829215168953,0.0160676632076502,0.0656665414571762,-0.830795168876648,0.552457451820374
232.260487318039,1,-0.519721567630768,-0.512282967567444,0.108823969960213,0.0165835898369551,0.0647002980113029,-0.830213665962219,0.553429305553436
232.280701637268,1,-0.519698321819305,-0.512315630912781,0.108814269304276,0.0170440785586834,0.063917450606823,-0.829802811145782,0.554122149944305
232.302666664124,1,-0.519639194011688,-0.512382805347443,0.10880284756422,0.0174392927438021,0.063184067606926,-0.829585492610931,0.554519236087799
232.321485519409,1,-0.519625425338745,-0.512372970581055,0.108801960945129,0.0178044978529215,0.0628414675593376,-0.829594612121582,0.554532945156097
232.340295314789,1,-0.519603073596954,-0.512326180934906,0.108788996934891,0.0182342324405909,0.062836617231369,-0.829692006111145,0.554373800754547
232.361409425735,1,-0.519615888595581,-0.512199342250824,0.10876639187336,0.0186970662325621,0.0633888691663742,-0.829953372478485,0.553904235363007
232.401752233505,1,-0.519612729549408,-0.512243211269379,0.108790591359138,0.0188189204782248,0.0636393576860428,-0.830313861370087,0.553330779075623
232.405676364899,1,-0.519588708877563,-0.512265026569366,0.108815968036652,0.0188778098672628,0.0641115084290504,-0.830652892589569,0.552765011787415
232.421189069748,1,-0.519624769687653,-0.512168645858765,0.108820453286171,0.0189538467675447,0.0648973658680916,-0.831185758113861,0.551869034767151
232.441405296326,1,-0.519599974155426,-0.512118875980377,0.108825452625751,0.0189244449138641,0.0653968825936317,-0.831716418266296,0.55101078748703
232.469279289246,1,-0.519594252109528,-0.512135446071625,0.108839675784111,0.018586527556181,0.06548061221838,-0.832445621490479,0.549910187721252
232.485219240189,1,-0.519551455974579,-0.512187898159027,0.108851455152035,0.0183410551398993,0.0651952773332596,-0.832977652549744,0.549146056175232
232.501070976257,1,-0.519556641578674,-0.512197434902191,0.108828380703926,0.0185033194720745,0.064682349562645,-0.832906067371368,0.549309730529785
232.521097421646,1,-0.519515752792358,-0.512163698673248,0.108799442648888,0.0189359579235315,0.0642797499895096,-0.832994818687439,0.54920768737793
232.540628671646,1,-0.519458472728729,-0.512252032756805,0.108817398548126,0.0190404411405325,0.0635527595877647,-0.833476483821869,0.548557758331299
232.571326971054,1,-0.519415318965912,-0.512326955795288,0.108817741274834,0.019258838146925,0.0630869492888451,-0.833611011505127,0.548399329185486
232.580777406693,1,-0.5194011926651,-0.512307226657867,0.108813032507896,0.0196555275470018,0.0631463527679443,-0.833590745925903,0.548409223556519
232.601637363434,1,-0.51936674118042,-0.512247979640961,0.108826249837875,0.0200861841440201,0.0635923817753792,-0.833799839019775,0.548024117946625
232.620834350586,1,-0.51934140920639,-0.512250423431396,0.108851090073586,0.0203793123364449,0.0641735568642616,-0.834070026874542,0.547534108161926
232.65166592598,1,-0.519359409809113,-0.512185394763947,0.108887158334255,0.0206139199435711,0.0650044232606888,-0.834395468235016,0.546931385993958
232.663413524628,1,-0.519351422786713,-0.512178540229797,0.108921065926552,0.0205933600664139,0.0656732320785522,-0.834814608097076,0.546212017536163
232.682805776596,1,-0.519357562065125,-0.512135326862335,0.108928143978119,0.0204511284828186,0.0663168430328369,-0.835031986236572,0.545807063579559
232.701524734497,1,-0.51934677362442,-0.512179434299469,0.108937881886959,0.020120931789279,0.0666240379214287,-0.835037052631378,0.545774161815643
232.734841585159,1,-0.519363939762115,-0.512228310108185,0.108941048383713,0.0196124147623777,0.0668933093547821,-0.834897518157959,0.545973360538483
232.745882511139,1,-0.519393622875214,-0.512224793434143,0.10893252491951,0.0191839169710875,0.0671664476394653,-0.83462256193161,0.546375274658203
232.76060795784,1,-0.519406855106354,-0.512215554714203,0.10892054438591,0.0187088828533888,0.0671301856637001,-0.834182322025299,0.547068059444427
232.78073143959,1,-0.519453644752502,-0.512181460857391,0.108904093503952,0.0182865504175425,0.0670014098286629,-0.833717286586761,0.54780650138855
232.813310623169,1,-0.519495248794556,-0.512240350246429,0.108884289860725,0.0180063731968403,0.0666265413165092,-0.833286702632904,0.548516094684601
232.823558807373,1,-0.519558548927307,-0.512246131896973,0.108887694776058,0.0179118812084198,0.0663702860474586,-0.833039820194244,0.54892510175705
232.84049487114,1,-0.519585907459259,-0.512143850326538,0.108854256570339,0.0182283408939838,0.0663787350058556,-0.832874774932861,0.549164116382599
232.862622737885,1,-0.519544959068298,-0.51219916343689,0.108873754739761,0.0185412298887968,0.0657143965363503,-0.832812666893005,0.549327731132507
232.894304037094,1,-0.519575834274292,-0.512144863605499,0.108834117650986,0.018942691385746,0.0654791817069054,-0.83277040719986,0.549406170845032
232.909588336945,1,-0.519550144672394,-0.512127876281738,0.108825773000717,0.0191421769559383,0.0650505349040031,-0.832675099372864,0.549594640731812
232.923130273819,1,-0.519546389579773,-0.512105464935303,0.10879884660244,0.0190939195454121,0.0648766309022903,-0.832617044448853,0.549704670906067
232.941344499588,1,-0.519588649272919,-0.512111186981201,0.108797937631607,0.0187682155519724,0.0648564472794533,-0.832642793655396,0.549679279327393
232.979211091995,1,-0.519551396369934,-0.512210547924042,0.10882668197155,0.0185573399066925,0.064743347465992,-0.832647979259491,0.549692094326019
232.983012914658,1,-0.519547939300537,-0.512230753898621,0.108840338885784,0.0186510551720858,0.0651217401027679,-0.832931518554688,0.549214422702789
233.001298904419,1,-0.519483625888824,-0.512304186820984,0.10889720916748,0.0190539453178644,0.0652779415249825,-0.833222031593323,0.548741102218628
233.020653247833,1,-0.519437611103058,-0.512266755104065,0.10892778635025,0.0199680756777525,0.0656666681170464,-0.833683252334595,0.547961294651031
233.042707681656,1,-0.519386410713196,-0.512227475643158,0.108919948339462,0.021200068295002,0.0659934356808662,-0.833932459354401,0.547496259212494
233.06786441803,1,-0.519303619861603,-0.512156069278717,0.108934313058853,0.0226689055562019,0.0661905333399773,-0.833714723587036,0.547745108604431
233.081809282303,1,-0.519366383552551,-0.512045860290527,0.108930751681328,0.0240084175020456,0.0666319504380226,-0.833444118499756,0.548046290874481
233.101545095444,1,-0.519338309764862,-0.512024700641632,0.10896036028862,0.0251831561326981,0.0665345191955566,-0.832708835601807,0.549122035503387
233.124814033508,1,-0.519242405891418,-0.51216584444046,0.108961865305901,0.0263572372496128,0.0658547803759575,-0.831781208515167,0.55055296421051
233.144261360168,1,-0.519190192222595,-0.51205575466156,0.10894513130188,0.0278899725526571,0.065580278635025,-0.830748438835144,0.552067399024963
233.161836624146,1,-0.519197583198547,-0.512129247188568,0.108999073505402,0.0290920250117779,0.0644859746098518,-0.829902827739716,0.553404629230499
233.180949926376,1,-0.519207537174225,-0.511931657791138,0.10897720605135,0.0307726543396711,0.0642406195402145,-0.828908622264862,0.554830431938171
233.216625213623,1,-0.519138514995575,-0.51185554265976,0.10897471010685,0.032376803457737,0.0637480840086937,-0.828075170516968,0.556039154529572
233.222495555878,1,-0.518969476222992,-0.511785745620728,0.108970582485199,0.0340675413608551,0.0632538869976997,-0.827763319015503,0.556458652019501
233.240786790848,1,-0.518906772136688,-0.51175856590271,0.108952544629574,0.0353212431073189,0.0631066858768463,-0.828180730342865,0.555775940418243
233.260770082474,1,-0.518888652324677,-0.511878848075867,0.108967185020447,0.0358695797622204,0.0631861910223961,-0.829423844814301,0.553874492645264
233.296500682831,1,-0.51884937286377,-0.511922538280487,0.109044171869755,0.0359389036893845,0.0636242181062698,-0.830927491188049,0.55156135559082
233.302678346634,1,-0.51886111497879,-0.511934638023376,0.109102487564087,0.0354488044977188,0.0647336393594742,-0.832725465297699,0.548745095729828
233.32060790062,1,-0.518933773040771,-0.511722326278687,0.109023757278919,0.0348369888961315,0.0668284893035889,-0.834232687950134,0.546238243579865
233.33976149559,1,-0.518939912319183,-0.511614739894867,0.109002202749252,0.0334426499903202,0.0685657933354378,-0.835073947906494,0.544822752475739
233.363206624985,1,-0.519106268882751,-0.511792361736298,0.109049186110497,0.0308070555329323,0.0699610412120819,-0.836497247219086,0.542612850666046
233.380265951157,1,-0.51921933889389,-0.512112319469452,0.109116569161415,0.0277424529194832,0.0712843835353851,-0.838192701339722,0.53998327255249
233.413290262222,1,-0.519260346889496,-0.512083232402802,0.109160579741001,0.0251943301409483,0.0735121071338654,-0.839536428451538,0.537717163562775
233.419242143631,1,-0.519358456134796,-0.511883616447449,0.109107173979282,0.023143719881773,0.076247438788414,-0.840930283069611,0.535244762897491
233.439559936523,1,-0.519489228725433,-0.511892020702362,0.109099179506302,0.0210851281881332,0.0779728069901466,-0.841810584068298,0.533695220947266
233.468147754669,1,-0.519607663154602,-0.511602461338043,0.109025202691555,0.020324906334281,0.0799266472458839,-0.841959476470947,0.53320050239563
233.480459690094,1,-0.519671857357025,-0.511644601821899,0.109029814600945,0.0196817237883806,0.0804548338055611,-0.841751039028168,0.533474385738373
233.500187635422,1,-0.519697248935699,-0.511535584926605,0.10901141166687,0.0198400933295488,0.0810753330588341,-0.841361582279205,0.533988654613495
233.526410579681,1,-0.519727826118469,-0.511565148830414,0.10903137922287,0.0198634173721075,0.0811466053128242,-0.841070175170898,0.5344358086586
233.540213346481,1,-0.519802212715149,-0.511400520801544,0.109008744359016,0.020172780379653,0.081655278801918,-0.840829849243164,0.534724950790405
233.580564022064,1,-0.519953310489655,-0.510768473148346,0.108842641115189,0.0211864393204451,0.083783820271492,-0.840741872787476,0.534494638442993
233.600382328033,1,-0.519752562046051,-0.511105895042419,0.108982756733894,0.0210794638842344,0.0826664566993713,-0.840676307678223,0.534775853157043
233.62041926384,1,-0.519763827323914,-0.511014699935913,0.108951576054096,0.021226542070508,0.08308345079422,-0.8408562541008,0.53442257642746
233.654506206512,1,-0.519791841506958,-0.510998129844666,0.108942739665508,0.0210357755422592,0.0833721905946732,-0.841052293777466,0.534076511859894
233.659882068634,1,-0.519840002059937,-0.511199772357941,0.10895824432373,0.0204568579792976,0.0832622423768044,-0.841143488883972,0.533972442150116
233.680243730545,1,-0.519868552684784,-0.51164036989212,0.109045803546906,0.0191957075148821,0.0824160203337669,-0.841032743453979,0.534324824810028
233.708750724792,1,-0.519816935062408,-0.511069178581238,0.109036095440388,0.0195568576455116,0.0837837159633636,-0.840746521949768,0.534549355506897
233.720478057861,1,-0.519782602787018,-0.510565936565399,0.10897396504879,0.0203142892569304,0.0852836742997169,-0.840812563896179,0.534180104732513
233.741915225983,1,-0.519864797592163,-0.510938286781311,0.108965933322906,0.0199930015951395,0.0849887356162071,-0.840979278087616,0.53397673368454
233.774298429489,1,-0.519990146160126,-0.511216342449188,0.108931943774223,0.0200910326093435,0.0851052030920982,-0.841273427009583,0.533490896224976
233.781883478165,1,-0.519829988479614,-0.511387705802917,0.108909271657467,0.0202843006700277,0.0852842777967453,-0.840552270412445,0.534590542316437
233.803932666779,1,-0.519845247268677,-0.51153427362442,0.108929328620434,0.019941559061408,0.0854107141494751,-0.840146064758301,0.535221338272095
233.821073532104,1,-0.519933581352234,-0.511488139629364,0.108934760093689,0.019438561052084,0.0858695209026337,-0.840032279491425,0.535345137119293
233.853369235992,1,-0.520015954971313,-0.511580288410187,0.108959749341011,0.0186717789620161,0.0856617912650108,-0.840189218521118,0.535159409046173
233.86128282547,1,-0.520098686218262,-0.511581718921661,0.108946591615677,0.0180892888456583,0.0852984935045242,-0.840348839759827,0.534986734390259
233.881056547165,1,-0.520057260990143,-0.511774778366089,0.10896672308445,0.0173381585627794,0.0841097235679626,-0.840215802192688,0.535408794879913
233.901242733002,1,-0.520088672637939,-0.512162566184998,0.109005495905876,0.0159579142928123,0.0823587775230408,-0.839906692504883,0.536208093166351
233.935403108597,1,-0.520086288452148,-0.512187123298645,0.108985662460327,0.0150914397090673,0.0814178809523582,-0.839041709899902,0.537728905677795
233.946922063828,1,-0.520096778869629,-0.512294232845306,0.109024092555046,0.0140111530199647,0.0800262466073036,-0.837959587574005,0.539651095867157
233.960742235184,1,-0.520096600055695,-0.512410521507263,0.109059929847717,0.0133995283395052,0.0788842663168907,-0.836962580680847,0.54137921333313
233.980633020401,1,-0.520151615142822,-0.512414515018463,0.109063759446144,0.0133313704282045,0.0784023553133011,-0.836258590221405,0.54253762960434
234.016993522644,1,-0.520290553569794,-0.512406706809998,0.109024323523045,0.0135226529091597,0.0786305367946625,-0.836102724075317,0.542739927768707
234.027195930481,1,-0.520377516746521,-0.5123410820961,0.109012484550476,0.0134638361632824,0.0791725888848305,-0.836147904396057,0.542593002319336
234.04154920578,1,-0.520412623882294,-0.512210667133331,0.108992278575897,0.0131923872977495,0.0798709541559219,-0.836207270622253,0.542405784130096
234.061322450638,1,-0.520438849925995,-0.511997699737549,0.108936548233032,0.012815828435123,0.0808543339371681,-0.836329102516174,0.54208117723465
234.095111131668,1,-0.520452320575714,-0.511749744415283,0.10888808965683,0.0123131992295384,0.0817329809069633,-0.836439609527588,0.54179048538208
234.10670042038,1,-0.520443081855774,-0.511695265769958,0.108856543898582,0.0117504214867949,0.0818056464195251,-0.836398243904114,0.541855931282043
234.121271848679,1,-0.520467519760132,-0.511569797992706,0.108811154961586,0.0115991476923227,0.0817637071013451,-0.835984528064728,0.542503535747528
234.140834331512,1,-0.520503342151642,-0.511583030223846,0.108805544674397,0.0112118674442172,0.0812030658125877,-0.835328578948975,0.543605148792267
234.179210186005,1,-0.520570337772369,-0.511766135692596,0.108840763568878,0.0103000039234757,0.0804090425372124,-0.83511483669281,0.544069468975067
234.183146715164,1,-0.520382344722748,-0.51135128736496,0.108527839183807,0.0127296224236488,0.0804953500628471,-0.831614136695862,0.549341797828674
234.202543973923,1,-0.521142423152924,-0.511773288249969,0.10868813097477,0.00918995589017868,0.0800128430128098,-0.832354128360748,0.548361301422119
234.221874475479,1,-0.521031677722931,-0.512476146221161,0.108823046088219,0.00682813068851829,0.077291913330555,-0.832495212554932,0.548571884632111
234.259764194489,1,-0.51990020275116,-0.512082934379578,0.108815006911755,0.0100350240245461,0.0767334923148155,-0.832979917526245,0.547864854335785
234.264461278915,1,-0.520150780677795,-0.51183545589447,0.108767911791801,0.00877457484602928,0.0783850625157356,-0.834436237812042,0.545431077480316
234.281377792358,1,-0.520754873752594,-0.512354254722595,0.10866928845644,0.00524708302691579,0.078993521630764,-0.83617103099823,0.542725086212158
234.300708055496,1,-0.520210146903992,-0.512709617614746,0.108878575265408,0.00454841833561659,0.0768714770674706,-0.836427807807922,0.542640566825867
234.33944606781,1,-0.520263195037842,-0.51290637254715,0.108745738863945,0.00435776263475418,0.076360322535038,-0.835056781768799,0.544821321964264
234.342747211456,1,-0.520533263683319,-0.512806832790375,0.108698315918446,0.00354863656684756,0.0765955522656441,-0.833598971366882,0.547022223472595
234.362456798553,1,-0.520783424377441,-0.512886464595795,0.108589664101601,0.00223404169082642,0.0763324424624443,-0.83289897441864,0.548131108283997
234.381100416183,1,-0.520994305610657,-0.513406693935394,0.108640260994434,-0.000557136780116707,0.0746456533670425,-0.833019018173218,0.548185229301453
234.420449495316,1,-0.520972728729248,-0.513503134250641,0.108713269233704,-0.0027318918146193,0.0731489062309265,-0.832929790019989,0.548515915870667
234.422227144241,1,-0.520932137966156,-0.512847065925598,0.108607403934002,-0.00342132919467986,0.0736381113529205,-0.832451701164246,0.549171984195709
234.441493272781,1,-0.520980894565582,-0.512606203556061,0.108512170612812,-0.00515245134010911,0.0736774951219559,-0.831646084785461,0.550372540950775
234.460774421692,1,-0.521099090576172,-0.513469040393829,0.108562931418419,-0.00903336051851511,0.0717885941267014,-0.831137478351593,0.551339507102966
234.499717950821,1,-0.521142780780792,-0.513752281665802,0.108526453375816,-0.0121115278452635,0.0715339407324791,-0.830380439758301,0.552453219890594
234.502411842346,1,-0.521536290645599,-0.513274431228638,0.108294084668159,-0.0143703715875745,0.0735634490847588,-0.829852163791656,0.552926123142242
234.522582530975,1,-0.521653175354004,-0.513895630836487,0.108398154377937,-0.0183703880757093,0.0714286714792252,-0.82932710647583,0.553874552249908
234.540938854218,1,-0.521814703941345,-0.513507187366486,0.108360588550568,-0.0208999328315258,0.0706235691905022,-0.827068150043488,0.557255625724792
234.562321662903,1,-0.522458970546722,-0.51458877325058,0.108470052480698,-0.0274639558047056,0.0677103102207184,-0.826798379421234,0.557732582092285
234.582121372223,1,-0.521047174930573,-0.514193296432495,0.108135506510735,-0.0266673397272825,0.0645437613129616,-0.827101945877075,0.557696521282196
234.602425575256,1,-0.522170305252075,-0.513119399547577,0.108001761138439,-0.0309249721467495,0.0685596913099289,-0.828227996826172,0.555321276187897
234.620938539505,1,-0.52100396156311,-0.513062596321106,0.107426837086678,-0.0293298196047544,0.0655129104852676,-0.827556431293488,0.556774854660034
234.655875682831,1,-0.52332466840744,-0.513576865196228,0.108094319701195,-0.0390076451003551,0.0682312846183777,-0.827445387840271,0.556018948554993
234.666563749313,1,-0.520808815956116,-0.513558447360992,0.107244171202183,-0.0330136455595493,0.063701756298542,-0.825707018375397,0.559517860412598
234.681211709976,1,-0.522070288658142,-0.514765739440918,0.108177289366722,-0.0407378077507019,0.0615536831319332,-0.826576352119446,0.557963490486145
234.702461719513,1,-0.521969020366669,-0.514320492744446,0.107985511422157,-0.0401126146316528,0.0615979917347431,-0.82601797580719,0.55883002281189
234.735911846161,1,-0.521863102912903,-0.514211297035217,0.107675917446613,-0.03944231569767,0.060656201094389,-0.825549423694611,0.559672653675079
234.746960639954,1,-0.522543549537659,-0.516146123409271,0.108200281858444,-0.0455295257270336,0.055855106562376,-0.824681580066681,0.560988008975983
234.7610206604,1,-0.521906554698944,-0.516614437103271,0.108378872275352,-0.0455960258841515,0.0515021905303001,-0.823294699192047,0.563430964946747
234.780714988708,1,-0.522051215171814,-0.516432821750641,0.108125403523445,-0.0454627722501755,0.0505571365356445,-0.821844279766083,0.565640449523926
234.820317983627,1,-0.522129476070404,-0.516434729099274,0.107947334647179,-0.0465256832540035,0.0491781085729599,-0.819600343704224,0.568921864032745
234.821136236191,1,-0.521933138370514,-0.516213417053223,0.108051776885986,-0.0479061417281628,0.0467293225228786,-0.816669821739197,0.573211789131165
234.841816902161,1,-0.52257364988327,-0.516317009925842,0.107875004410744,-0.0505705326795578,0.0461157709360123,-0.815812230110168,0.574252963066101
234.861483335495,1,-0.522681474685669,-0.516853392124176,0.107717841863632,-0.053410965949297,0.0440971665084362,-0.814604938030243,0.575865864753723
234.887618780136,1,-0.522246599197388,-0.5168337225914,0.107650682330132,-0.0544364713132381,0.0419968143105507,-0.813174962997437,0.577944099903107
234.91149187088,1,-0.522079169750214,-0.515957474708557,0.107369512319565,-0.054929580539465,0.0426862351596355,-0.811982095241547,0.579521954059601
234.920679330826,1,-0.522315382957458,-0.517123401165009,0.107673339545727,-0.0603057071566582,0.0391757823526859,-0.811268746852875,0.580234110355377
234.941718578339,1,-0.521979033946991,-0.517483055591583,0.107721522450447,-0.0620653368532658,0.0369665659964085,-0.810864686965942,0.580757975578308
234.961936473846,1,-0.522245943546295,-0.517761409282684,0.107697404921055,-0.0648799240589142,0.0360745340585709,-0.810430109500885,0.581112921237946
234.987921237946,1,-0.522376298904419,-0.51859724521637,0.107977986335754,-0.0684705227613449,0.0332322418689728,-0.80958354473114,0.58204984664917
235.002014160156,1,-0.522399246692657,-0.519234418869019,0.108083128929138,-0.0712424889206886,0.0307679660618305,-0.808291077613831,0.583646714687347
235.021089792252,1,-0.522956132888794,-0.519293963909149,0.108068123459816,-0.0738755390048027,0.030960988253355,-0.807638704776764,0.584212005138397
235.065366268158,1,-0.522745311260223,-0.518666982650757,0.107720151543617,-0.0721450597047806,0.0319133400917053,-0.807444632053375,0.58464515209198
235.081300258636,1,-0.523413360118866,-0.51819634437561,0.107450246810913,-0.0733480527997017,0.0332111679017544,-0.806693077087402,0.585460066795349
235.100839138031,1,-0.523493885993958,-0.518166303634644,0.107418298721313,-0.0737106800079346,0.0327060669660568,-0.806117951869965,0.586234509944916
235.144784212112,1,-0.5235955119133,-0.517770051956177,0.107253223657608,-0.0733054503798485,0.0329982563853264,-0.805650234222412,0.586911559104919
235.147680521011,1,-0.523824393749237,-0.517600357532501,0.107124008238316,-0.0734206587076187,0.0328573659062386,-0.805157065391541,0.58758145570755
235.161828041077,1,-0.523849129676819,-0.517061293125153,0.106867432594299,-0.072566993534565,0.0332146175205708,-0.804052591323853,0.589177668094635
235.181046485901,1,-0.523709714412689,-0.51629513502121,0.106463484466076,-0.0710801184177399,0.0339717790484428,-0.803014755249023,0.590729236602783
235.201498508453,1,-0.523741900920868,-0.516653954982758,0.106483593583107,-0.0725283473730087,0.0321190170943737,-0.801717162132263,0.592416822910309
235.23056101799,1,-0.523382008075714,-0.517916321754456,0.106859177350998,-0.0746942833065987,0.0270576532930136,-0.800235092639923,0.594401061534882
235.240641593933,1,-0.52329432964325,-0.518649458885193,0.107048824429512,-0.0761525630950928,0.0238146763294935,-0.799321115016937,0.595583260059357
235.260216474533,1,-0.523179948329926,-0.519399642944336,0.107386484742165,-0.0776720568537712,0.0209560878574848,-0.798438608646393,0.596677184104919
235.280710935593,1,-0.522942960262299,-0.519839107990265,0.107584722340107,-0.0783236995339394,0.0191085375845432,-0.797742664813995,0.597584128379822
235.312832117081,1,-0.522847771644592,-0.520465314388275,0.107766285538673,-0.0793566182255745,0.017062783241272,-0.797117948532104,0.598343014717102
235.321380376816,1,-0.52280467748642,-0.521161556243896,0.108065590262413,-0.0806936472654343,0.0147131327539682,-0.796143889427185,0.599522352218628
235.340622186661,1,-0.522595107555389,-0.521773934364319,0.108327686786652,-0.0817020535469055,0.012282308191061,-0.795099496841431,0.600824952125549
235.360870361328,1,-0.5224369764328,-0.522334039211273,0.108594425022602,-0.0829915329813957,0.00986620783805847,-0.79425722360611,0.601805984973907
235.395296573639,1,-0.52221155166626,-0.522685289382935,0.108741357922554,-0.0837196186184883,0.00774440774694085,-0.793745696544647,0.602410852909088
235.40439248085,1,-0.522320091724396,-0.522925674915314,0.108867175877094,-0.0850484594702721,0.00684013357385993,-0.79369843006134,0.602297842502594
235.422019481659,1,-0.522796034812927,-0.522926449775696,0.10903412103653,-0.0869474783539772,0.00784125924110413,-0.793790638446808,0.60189300775528
235.440517425537,1,-0.522813737392426,-0.522225379943848,0.108746573328972,-0.086214154958725,0.0101677272468805,-0.793337762355804,0.602560341358185
235.475953817368,1,-0.52315217256546,-0.521586418151855,0.108413740992546,-0.0865049734711647,0.0127135831862688,-0.793053805828094,0.602844059467316
235.486685276031,1,-0.523443639278412,-0.520694077014923,0.107888653874397,-0.0855936110019684,0.0159715358167887,-0.793070733547211,0.602874398231506
235.501148223877,1,-0.523525238037109,-0.519399464130402,0.107363685965538,-0.0832630023360252,0.0199708621948957,-0.793385684490204,0.602667152881622
235.521696805954,1,-0.523891508579254,-0.518726825714111,0.107110276818275,-0.0826670601963997,0.022945323958993,-0.793915808200836,0.6019446849823
235.551945924759,1,-0.523852348327637,-0.518204629421234,0.106820479035378,-0.0811348557472229,0.024638157337904,-0.7941575050354,0.601767480373383
235.565663337708,1,-0.52394425868988,-0.517897129058838,0.106672555208206,-0.0803160890936852,0.0256813708692789,-0.794085741043091,0.601928412914276
235.581009149551,1,-0.524233281612396,-0.517509043216705,0.106539845466614,-0.0795161053538322,0.027160070836544,-0.793865144252777,0.60226047039032
235.601086616516,1,-0.523864388465881,-0.516694724559784,0.106110632419586,-0.0755981802940369,0.0286001358181238,-0.793564736843109,0.603093683719635
235.636326313019,1,-0.523889362812042,-0.517618119716644,0.106454268097878,-0.0759874656796455,0.0263028126209974,-0.793513298034668,0.60321706533432
235.647539615631,1,-0.523748636245728,-0.518103301525116,0.106663845479488,-0.0751667469739914,0.0249623935669661,-0.793475449085236,0.60342663526535
235.660907506943,1,-0.52371746301651,-0.517119109630585,0.106260687112808,-0.0711486861109734,0.0275986772030592,-0.794146239757538,0.602916181087494
235.680715322495,1,-0.523856997489929,-0.516695499420166,0.106107845902443,-0.06898233294487,0.0291893724352121,-0.794737339019775,0.602313995361328
235.718635797501,1,-0.524154245853424,-0.517613530158997,0.106481164693832,-0.0701891034841537,0.027610631659627,-0.79494708776474,0.601972043514252
235.728356838226,1,-0.523426294326782,-0.518166244029999,0.106615670025349,-0.0681878998875618,0.0249234940856695,-0.794433355331421,0.602996587753296
235.742710590363,1,-0.523645997047424,-0.518486201763153,0.106725364923477,-0.068040631711483,0.0247742980718613,-0.794762432575226,0.602585673332214
235.760817289352,1,-0.52352911233902,-0.517890095710754,0.106551371514797,-0.0649708211421967,0.0268033612519503,-0.794604420661926,0.603045761585236
235.783705949783,1,-0.523621201515198,-0.517475664615631,0.10657274723053,-0.0625068545341492,0.0291209798306227,-0.795276939868927,0.602311849594116
235.801740169525,1,-0.523303091526031,-0.517475605010986,0.106543973088264,-0.0594934709370136,0.0298991743475199,-0.796231865882874,0.601316452026367
235.821648597717,1,-0.523269891738892,-0.517516016960144,0.10650372505188,-0.0570005066692829,0.0313882865011692,-0.797830164432526,0.599360287189484
235.840969800949,1,-0.523201823234558,-0.517670691013336,0.106713332235813,-0.0548225454986095,0.0324437841773033,-0.799266636371613,0.597590923309326
235.875777959824,1,-0.523065984249115,-0.516908705234528,0.10656076669693,-0.0500954501330853,0.0360192954540253,-0.801205277442932,0.595200002193451
235.887599229813,1,-0.522922694683075,-0.517227590084076,0.106715843081474,-0.0476012602448463,0.0365150235593319,-0.803368091583252,0.592453002929688
235.900738239288,1,-0.522890269756317,-0.516710042953491,0.106573507189751,-0.0440210103988647,0.0391180291771889,-0.805144190788269,0.590148091316223
235.920682907104,1,-0.522744297981262,-0.515958964824677,0.106335915625095,-0.0398459620773792,0.0418363027274609,-0.806504309177399,0.588398635387421
235.956607103348,1,-0.522560238838196,-0.515922367572784,0.106361612677574,-0.0370787009596825,0.0418475158512592,-0.807458639144897,0.587268650531769
235.967861890793,1,-0.522629976272583,-0.515581905841827,0.106380857527256,-0.0347666852176189,0.0429991111159325,-0.808557748794556,0.58581280708313
235.981276035309,1,-0.522507011890411,-0.514683723449707,0.106229290366173,-0.0305975563824177,0.0457586236298084,-0.810290277004242,0.583437740802765
236.000565290451,1,-0.522042512893677,-0.514465093612671,0.106153249740601,-0.0264321938157082,0.0472251251339912,-0.811874568462372,0.581318140029907
236.044836997986,1,-0.521829009056091,-0.5143021941185,0.106118656694889,-0.0227918066084385,0.0493714921176434,-0.814058303833008,0.578231871128082
236.048167705536,1,-0.521318316459656,-0.513863921165466,0.106158092617989,-0.0179179459810257,0.0519010946154594,-0.816196024417877,0.575160324573517
236.060721874237,1,-0.520874977111816,-0.513368785381317,0.106130599975586,-0.0132748680189252,0.0546201057732105,-0.818324267864227,0.57200163602829
236.08109998703,1,-0.520985901355743,-0.512816071510315,0.106116592884064,-0.0107584707438946,0.0583293735980988,-0.820523202419281,0.568527579307556
236.125406742096,1,-0.520807504653931,-0.5125692486763,0.10608521848917,-0.00823717564344406,0.0603491328656673,-0.822229385375977,0.565887808799744
236.126578330994,1,-0.520820319652557,-0.511841058731079,0.105898655951023,-0.00527624227106571,0.063557930290699,-0.823580265045166,0.563602805137634
236.141353845596,1,-0.520796954631805,-0.511637330055237,0.105806142091751,-0.00310461549088359,0.0648427307605743,-0.824244976043701,0.562499761581421
236.16140627861,1,-0.520885407924652,-0.511987388134003,0.105931095778942,-0.00186404353007674,0.0647831931710243,-0.824572384357452,0.562032163143158
236.191118955612,1,-0.520834505558014,-0.512299358844757,0.106074959039688,9.09710433916189e-05,0.0645418241620064,-0.824948728084564,0.561510324478149
236.211525201797,1,-0.52086478471756,-0.512603223323822,0.106062315404415,0.00211829016916454,0.0644499734044075,-0.82562917470932,0.560515940189362
236.222739934921,1,-0.521042108535767,-0.513448715209961,0.106203779578209,0.00271147466264665,0.0632377341389656,-0.826351881027222,0.559585869312286
236.240998029709,1,-0.521125495433807,-0.513712763786316,0.106270037591457,0.0042858230881393,0.0634053722023964,-0.827467083930969,0.557906568050385
236.26064825058,1,-0.521134197711945,-0.51427948474884,0.106392949819565,0.00562701979652047,0.0628760680556297,-0.829235732555389,0.555322408676147
236.293564558029,1,-0.521051228046417,-0.514598727226257,0.10654354840517,0.00720827141776681,0.0629630610346794,-0.830503642559052,0.553396165370941
236.30205488205,1,-0.520683169364929,-0.513458132743835,0.106400117278099,0.0121668064966798,0.0663668513298035,-0.831610500812531,0.551245450973511
236.321032047272,1,-0.520300149917603,-0.51265686750412,0.106501951813698,0.0158113855868578,0.0687730982899666,-0.832573473453522,0.549401164054871
236.340700387955,1,-0.519960403442383,-0.51212739944458,0.106537833809853,0.0184195749461651,0.0703736394643784,-0.833289325237274,0.548030436038971
236.373444318771,1,-0.519343137741089,-0.511453211307526,0.106435053050518,0.0217050723731518,0.0714970678091049,-0.833738923072815,0.547079980373383
236.386979103088,1,-0.518778264522552,-0.511248588562012,0.106262251734734,0.0239258594810963,0.0709668770432472,-0.834055185317993,0.546574056148529
236.40135884285,1,-0.518855571746826,-0.511326730251312,0.106277354061604,0.0238295421004295,0.0705936700105667,-0.834148526191711,0.546484172344208
236.42144036293,1,-0.518772304058075,-0.511410117149353,0.106252461671829,0.0242375545203686,0.0698311403393745,-0.833966135978699,0.546842634677887
236.460126876831,1,-0.518682241439819,-0.511440575122833,0.106152832508087,0.0247861724346876,0.0696520358324051,-0.834468245506287,0.546074211597443
236.463222026825,1,-0.519154906272888,-0.511941134929657,0.106175594031811,0.0234762635082006,0.069920614361763,-0.835342228412628,0.544759809970856
236.480777263641,1,-0.519762635231018,-0.511756598949432,0.10614450275898,0.0233215801417828,0.0725892409682274,-0.836103796958923,0.543247103691101
236.500701189041,1,-0.520047962665558,-0.511461555957794,0.105936869978905,0.0241979528218508,0.0752468556165695,-0.836589872837067,0.542097508907318
236.543530464172,1,-0.520420908927917,-0.511790573596954,0.105988226830959,0.0231898352503777,0.0763447433710098,-0.837248265743256,0.540970504283905
236.546632051468,1,-0.520444631576538,-0.512318253517151,0.106187202036381,0.0226267650723457,0.075982891023159,-0.83776330947876,0.54024738073349
236.560656547546,1,-0.520122826099396,-0.512381672859192,0.106351807713509,0.023745022714138,0.0755111575126648,-0.83789449930191,0.540062248706818
236.580838680267,1,-0.519556164741516,-0.511804699897766,0.106253162026405,0.0263172443956137,0.075524128973484,-0.837490379810333,0.540567696094513
236.602555990219,1,-0.519362986087799,-0.511193037033081,0.106240458786488,0.0276605319231749,0.0758745670318604,-0.836978077888489,0.541244626045227
236.633833408356,1,-0.519067823886871,-0.510529935359955,0.106202721595764,0.0295763909816742,0.0761567577719688,-0.836480617523193,0.541872441768646
236.640703678131,1,-0.51852935552597,-0.510087192058563,0.10607872903347,0.0320796705782413,0.0757849887013435,-0.836294531822205,0.542069137096405
236.661777734756,1,-0.518150269985199,-0.51035475730896,0.106040619313717,0.0331075079739094,0.0738133266568184,-0.836327075958252,0.542229175567627
236.687410831451,1,-0.518415808677673,-0.51105809211731,0.106002166867256,0.0320193693041801,0.0719172954559326,-0.836397647857666,0.542440533638
236.709047079086,1,-0.518892049789429,-0.511544346809387,0.10593443363905,0.0309984274208546,0.0713286027312279,-0.836198210716248,0.542884886264801
236.720876455307,1,-0.519426763057709,-0.511457920074463,0.105890184640884,0.0308284722268581,0.0724131688475609,-0.836254954338074,0.54266345500946
236.741228580475,1,-0.520067274570465,-0.511723577976227,0.105874672532082,0.0292560961097479,0.0726143643260002,-0.836316883563995,0.542628109455109
236.767268657684,1,-0.52023309469223,-0.511802196502686,0.105825826525688,0.0290424600243568,0.072395071387291,-0.836566090583801,0.542284727096558
236.791785478592,1,-0.519832789897919,-0.511196315288544,0.105770647525787,0.031481459736824,0.0732107982039452,-0.836784720420837,0.541701376438141
236.800882816315,1,-0.519369542598724,-0.510596692562103,0.105796717107296,0.0336011461913586,0.0738545060157776,-0.837206721305847,0.540834009647369
236.821930885315,1,-0.518936097621918,-0.510059952735901,0.105862200260162,0.0351307913661003,0.0742504000663757,-0.837337613105774,0.540479898452759
236.840687036514,1,-0.518434703350067,-0.50959300994873,0.105841062963009,0.0369245074689388,0.0739215612411499,-0.837309539318085,0.540448844432831
236.869268894196,1,-0.517919480800629,-0.509853422641754,0.105814017355442,0.0376645475625992,0.0708767026662827,-0.837574005126953,0.54039591550827
236.880934000015,1,-0.518084824085236,-0.51076328754425,0.105896309018135,0.0356414690613747,0.0671659857034683,-0.837757647037506,0.54072231054306
236.901546955109,1,-0.518734931945801,-0.511354029178619,0.105861365795135,0.0332399792969227,0.0654555261135101,-0.837545037269592,0.541413962841034
236.932285308838,1,-0.519150614738464,-0.511002898216248,0.105649217963219,0.0334429442882538,0.0664026737213135,-0.837052285671234,0.542047739028931
236.949146270752,1,-0.519281029701233,-0.510714054107666,0.105437844991684,0.0343369878828526,0.0667842850089073,-0.836834132671356,0.542281687259674
236.959717988968,1,-0.519572019577026,-0.511503279209137,0.105469182133675,0.032881036400795,0.064909540116787,-0.837502717971802,0.541566908359528
236.979567527771,1,-0.519435167312622,-0.511886060237885,0.105593875050545,0.0332819893956184,0.0636986643075943,-0.838347136974335,0.540378451347351
237.013885498047,1,-0.518966436386108,-0.511762142181396,0.105711236596107,0.0352489501237869,0.0635755807161331,-0.839031338691711,0.539205133914948
237.021020889282,1,-0.518828749656677,-0.511933982372284,0.105894811451435,0.0356107354164124,0.0631031841039658,-0.839602649211884,0.538346707820892
237.039625406265,1,-0.518493175506592,-0.511637449264526,0.105943337082863,0.0373695679008961,0.0634437128901482,-0.839541077613831,0.53828364610672
237.069789171219,1,-0.518074154853821,-0.511058628559113,0.10587652772665,0.0399874970316887,0.0644644200801849,-0.839156568050385,0.538573801517487
237.080280303955,1,-0.518024861812592,-0.510570168495178,0.105860024690628,0.0413097143173218,0.0655633807182312,-0.838644623756409,0.539138317108154
237.100781917572,1,-0.517844974994659,-0.51019299030304,0.105887822806835,0.0428934842348099,0.0657649338245392,-0.838287889957428,0.539544701576233
237.130873918533,1,-0.517557680606842,-0.510552644729614,0.105896413326263,0.0433622784912586,0.0636866763234138,-0.83856737613678,0.539322197437286
237.140709400177,1,-0.517502963542938,-0.511568129062653,0.105961836874485,0.0420777946710587,0.0601985715329647,-0.838937520980835,0.539248883724213
237.160098791122,1,-0.517686486244202,-0.512509405612946,0.106061354279518,0.0403241068124771,0.0574983134865761,-0.839234173297882,0.539216101169586
237.188509702682,1,-0.518019199371338,-0.512428760528564,0.106000363826752,0.0398272983729839,0.0582956001162529,-0.839253783226013,0.539136826992035
237.201738357544,1,-0.518617391586304,-0.511813044548035,0.105792865157127,0.0394228473305702,0.0613365918397903,-0.839213669300079,0.538891673088074
237.22064447403,1,-0.519136011600494,-0.511513352394104,0.105643272399902,0.038735955953598,0.0634618923068047,-0.83918970823288,0.538732647895813
237.24418926239,1,-0.519353926181793,-0.511679768562317,0.105661980807781,0.03812425583601,0.0636226683855057,-0.839444577693939,0.538360118865967
237.267242431641,1,-0.519090235233307,-0.512030005455017,0.105771519243717,0.0386240743100643,0.0621613003313541,-0.839863002300262,0.537842273712158
237.280762195587,1,-0.518508493900299,-0.512606084346771,0.105943202972412,0.0395600944757462,0.0591004900634289,-0.840331137180328,0.537387847900391
237.300540447235,1,-0.518172264099121,-0.51268994808197,0.106098487973213,0.0402801297605038,0.0575662143528461,-0.840150058269501,0.537783920764923
237.340839624405,1,-0.517854452133179,-0.511970996856689,0.106042772531509,0.0422101505100727,0.0583310201764107,-0.839175164699554,0.539073944091797
237.344782590866,1,-0.517763257026672,-0.510829985141754,0.105852201581001,0.0442562848329544,0.0604681372642517,-0.838219106197357,0.540160834789276
237.360888957977,1,-0.517683744430542,-0.510085880756378,0.105671346187592,0.04560861364007,0.0615321174263954,-0.837756752967834,0.540645241737366
237.381824731827,1,-0.517681896686554,-0.509888708591461,0.105586774647236,0.0457997396588326,0.0613382607698441,-0.837347626686096,0.541284620761871
237.404669761658,1,-0.517669439315796,-0.509930729866028,0.10556523501873,0.0457012727856636,0.0605853460729122,-0.837026655673981,0.541873812675476
237.429096460342,1,-0.517679572105408,-0.510160744190216,0.105606354773045,0.0451632142066956,0.0594503059983253,-0.836808741092682,0.542381048202515
237.441730260849,1,-0.517790675163269,-0.51043713092804,0.105663657188416,0.0442002862691879,0.0585307255387306,-0.83670836687088,0.542715191841125
237.462675571442,1,-0.517841935157776,-0.510261714458466,0.105603367090225,0.0442438758909702,0.059074692428112,-0.836573600769043,0.542860269546509
237.48139166832,1,-0.517863214015961,-0.50987583398819,0.105473481118679,0.0448385067284107,0.0603979118168354,-0.836466908454895,0.542830348014832
237.51549744606,1,-0.517893970012665,-0.509500980377197,0.105336278676987,0.0454479195177555,0.0618440359830856,-0.836664259433746,0.542312443256378
237.526538610458,1,-0.517950415611267,-0.509434819221497,0.105245821177959,0.0455909743905067,0.0625038146972656,-0.837062776088715,0.541609227657318
237.54193687439,1,-0.518195807933807,-0.510105490684509,0.105297990143299,0.0441584959626198,0.061343427747488,-0.83738374710083,0.54136449098587
237.561102628708,1,-0.518514692783356,-0.511331021785736,0.105515278875828,0.0416896156966686,0.0586487278342247,-0.837415337562561,0.541809797286987
237.603997945786,1,-0.518830299377441,-0.512454867362976,0.10577180981636,0.039487712085247,0.0560851581394672,-0.837215542793274,0.542554438114166
237.608762264252,1,-0.518755912780762,-0.512183308601379,0.105701684951782,0.040680430829525,0.0561889670789242,-0.836575984954834,0.543441414833069
237.622425794601,1,-0.517717480659485,-0.510738134384155,0.105328842997551,0.0464208759367466,0.0574917010962963,-0.835705399513245,0.544183969497681
237.64191699028,1,-0.517212092876434,-0.510709404945374,0.105332538485527,0.0476865395903587,0.0560193471610546,-0.835194826126099,0.545011401176453
237.686553001404,1,-0.518093705177307,-0.512209594249725,0.105890601873398,0.0421083047986031,0.0534958578646183,-0.835386335849762,0.545430958271027
237.689286470413,1,-0.518278479576111,-0.512114524841309,0.106060467660427,0.0414205268025398,0.0545431263744831,-0.835599660873413,0.545053064823151
237.701449871063,1,-0.5176762342453,-0.510614633560181,0.105669811367989,0.0458912327885628,0.0580947026610374,-0.836132943630219,0.543507754802704
237.72114944458,1,-0.51763927936554,-0.510422885417938,0.10545139759779,0.0465486384928226,0.059031780809164,-0.836682021617889,0.542505085468292
237.741590499878,1,-0.518115818500519,-0.511456191539764,0.105604700744152,0.0437993556261063,0.0575232543051243,-0.836920619010925,0.542527973651886
237.78045296669,1,-0.51839017868042,-0.512207806110382,0.105830155313015,0.0422661602497101,0.0559638552367687,-0.836638510227203,0.54324734210968
237.783358335495,1,-0.518664062023163,-0.512679755687714,0.105910658836365,0.0410780645906925,0.0545606352388859,-0.836058020591736,0.544373750686646
237.801696777344,1,-0.518661558628082,-0.51244843006134,0.105733655393124,0.0416414551436901,0.0542573370039463,-0.835416615009308,0.54534500837326
237.821197509766,1,-0.517845511436462,-0.51122784614563,0.105355739593506,0.0462309494614601,0.0549080558121204,-0.834762632846832,0.545911312103271
237.845713615417,1,-0.516975939273834,-0.510722696781158,0.105197682976723,0.0496748350560665,0.0537266246974468,-0.833764731884003,0.547249734401703
237.864393234253,1,-0.517790138721466,-0.512167096138,0.105772040784359,0.0446182526648045,0.0503494516015053,-0.833454072475433,0.548478424549103
237.88107585907,1,-0.518454194068909,-0.512620627880096,0.106128558516502,0.0418116115033627,0.0503651313483715,-0.833136737346649,0.54917973279953
237.901468038559,1,-0.517733573913574,-0.510755896568298,0.105615697801113,0.0476856790482998,0.0542805269360542,-0.833071231842041,0.548426806926727
237.944143295288,1,-0.517069518566132,-0.509979486465454,0.105056166648865,0.0516319498419762,0.055712565779686,-0.83332085609436,0.547545969486237
237.945986032486,1,-0.51828408241272,-0.511872887611389,0.105508118867874,0.0454977601766586,0.0536587275564671,-0.833939135074615,0.547353863716125
237.961777210236,1,-0.519196331501007,-0.512772917747498,0.105888336896896,0.0419868417084217,0.0535475425422192,-0.833977997303009,0.547586023807526
237.981096506119,1,-0.51815390586853,-0.511433959007263,0.105391383171082,0.0475700832903385,0.054985087364912,-0.833511114120483,0.547698020935059
238.000353336334,1,-0.517161667346954,-0.5107781291008,0.105042912065983,0.0510697960853577,0.0541147068142891,-0.832933902740479,0.548347234725952
238.035543441772,1,-0.517562329769135,-0.512000918388367,0.1054957062006,0.0471002236008644,0.0501950718462467,-0.832627534866333,0.54953932762146
238.044365167618,1,-0.518190920352936,-0.512682914733887,0.105953119695187,0.0437804944813251,0.048404186964035,-0.832434713840485,0.550266146659851
238.061590671539,1,-0.517665684223175,-0.511286795139313,0.105605408549309,0.0478388369083405,0.0503457225859165,-0.831929266452789,0.550518274307251
238.081312656403,1,-0.517031788825989,-0.510128021240234,0.104913607239723,0.0521409846842289,0.0516689866781235,-0.831941783428192,0.549986004829407
238.102775812149,1,-0.517998993396759,-0.511668980121613,0.105156689882278,0.0470195859670639,0.0492556802928448,-0.832229852676392,0.550233066082001
238.122762441635,1,-0.518967807292938,-0.513139963150024,0.105714216828346,0.0419382713735104,0.0474990606307983,-0.832617521286011,0.550212025642395
238.14160323143,1,-0.518597304821014,-0.512809753417969,0.105589464306831,0.0436971969902515,0.0481479205191135,-0.832476139068604,0.550232529640198
238.160760879517,1,-0.518340468406677,-0.512613832950592,0.105274774134159,0.0446764938533306,0.0484633222222328,-0.832751393318176,0.549709558486938
238.200313568115,1,-0.518283307552338,-0.512105524539948,0.105069920420647,0.0457524172961712,0.0496642328798771,-0.832875072956085,0.549326300621033
238.204190015793,1,-0.518124580383301,-0.510994911193848,0.104872666299343,0.0483124889433384,0.0522210337221622,-0.832679212093353,0.549166798591614
238.221519470215,1,-0.51782888174057,-0.510244905948639,0.104698158800602,0.0507835671305656,0.0536094047129154,-0.832331120967865,0.549337923526764
238.241647720337,1,-0.517693400382996,-0.51006555557251,0.104607537388802,0.0514729283750057,0.0537336133420467,-0.832059442996979,0.549672842025757
238.260699748993,1,-0.517395853996277,-0.510438859462738,0.104697957634926,0.0513055324554443,0.0518123768270016,-0.832093715667725,0.549821138381958
238.286142110825,1,-0.517526209354401,-0.511595606803894,0.104960635304451,0.0482212007045746,0.0487450212240219,-0.832460701465607,0.549825370311737
238.301185369492,1,-0.517764151096344,-0.512613713741302,0.105317205190659,0.0450689159333706,0.046779740601778,-0.832924842834473,0.54956042766571
238.322159528732,1,-0.517626702785492,-0.512076795101166,0.105374947190285,0.0459419190883636,0.0484549850225449,-0.83346551656723,0.548522412776947
238.363790988922,1,-0.517319321632385,-0.511222720146179,0.105239726603031,0.0479588024318218,0.0505755394697189,-0.833893954753876,0.547506272792816
238.364579200745,1,-0.517309308052063,-0.510901868343353,0.105120062828064,0.0482524707913399,0.0516284070909023,-0.834084272384644,0.547091960906982
238.381124973297,1,-0.517293155193329,-0.510573267936707,0.105033256113529,0.0485694892704487,0.0527125597000122,-0.834084987640381,0.546959519386292
238.401573896408,1,-0.517175495624542,-0.510130763053894,0.104909434914589,0.0495181307196617,0.0537456646561623,-0.834066569805145,0.546802043914795
238.421237707138,1,-0.517494797706604,-0.510231971740723,0.10489235073328,0.0485576242208481,0.0538365542888641,-0.834039092063904,0.546921014785767
238.454633712769,1,-0.517428755760193,-0.510361850261688,0.104802824556828,0.0487252399325371,0.0530456192791462,-0.834157228469849,0.546803295612335
238.465849637985,1,-0.51744818687439,-0.510749816894531,0.104753874242306,0.0484030358493328,0.0515839159488678,-0.834335148334503,0.546700298786163
238.480441808701,1,-0.517713963985443,-0.511397063732147,0.104946225881577,0.0468272231519222,0.0500521995127201,-0.834544479846954,0.546660304069519
238.500733137131,1,-0.518226325511932,-0.51270055770874,0.105265520513058,0.0431271232664585,0.0474311970174313,-0.834975302219391,0.54654061794281
238.53324341774,1,-0.518462121486664,-0.513772666454315,0.105415128171444,0.0405053496360779,0.0448686741292477,-0.835256576538086,0.546527743339539
238.541501760483,1,-0.518361151218414,-0.51375412940979,0.105234041810036,0.0406150259077549,0.0448111034929752,-0.835280299186707,0.546488225460052
238.562650203705,1,-0.51846045255661,-0.513140738010406,0.105020821094513,0.0410540886223316,0.0468913912773132,-0.835426449775696,0.546057045459747
238.580934762955,1,-0.518343031406403,-0.512259602546692,0.104750126600266,0.0422127433121204,0.0491852499544621,-0.835809051990509,0.54518073797226
238.613501310349,1,-0.518490374088287,-0.511652708053589,0.104545772075653,0.0421987846493721,0.0512664765119553,-0.835834562778473,0.54495096206665
238.624505758286,1,-0.518112063407898,-0.510844588279724,0.104392364621162,0.0440967977046967,0.0534420013427734,-0.836527287960052,0.543527007102966
238.640919923782,1,-0.517470300197601,-0.510805666446686,0.104223415255547,0.0456157512962818,0.0529836937785149,-0.83708781003952,0.54258269071579
238.660706281662,1,-0.517482697963715,-0.511604309082031,0.104416385293007,0.0441190227866173,0.0511995144188404,-0.837586879730225,0.542107343673706
238.695709705353,1,-0.517760455608368,-0.512071013450623,0.104825034737587,0.042845081537962,0.050565280020237,-0.837473571300507,0.542443871498108
238.709609985352,1,-0.517615735530853,-0.512241005897522,0.104887917637825,0.0429602861404419,0.0494185276329517,-0.837368607521057,0.542702615261078
238.722301244736,1,-0.517352759838104,-0.512530326843262,0.104857996106148,0.0427278466522694,0.0471553392708302,-0.837319016456604,0.542998671531677
238.742099285126,1,-0.51742297410965,-0.513235092163086,0.104961842298508,0.0407459996640682,0.0443263463675976,-0.837461352348328,0.543169975280762
238.782617807388,1,-0.517665147781372,-0.513779401779175,0.105191677808762,0.038783423602581,0.042547769844532,-0.837199985980988,0.543858170509338
238.784919261932,1,-0.517672002315521,-0.514022529125214,0.105255819857121,0.0382310561835766,0.0416031070053577,-0.836845457553864,0.5445157289505
238.801136493683,1,-0.517647087574005,-0.513600170612335,0.10506546497345,0.0389347486197948,0.0423989146947861,-0.836474061012268,0.544974982738495
238.822043180466,1,-0.517690718173981,-0.511916756629944,0.104612112045288,0.0418520160019398,0.0468952655792236,-0.836007595062256,0.545105934143066
238.84942317009,1,-0.517526626586914,-0.509831666946411,0.104045927524567,0.0463538393378258,0.0523661188781261,-0.835908591747284,0.54439514875412
238.870951652527,1,-0.516968071460724,-0.508577585220337,0.103578194975853,0.0505514070391655,0.0552390776574612,-0.835860908031464,0.543810606002808
238.880751371384,1,-0.51695191860199,-0.511064410209656,0.103323012590408,0.0458253361284733,0.0489547066390514,-0.836656391620636,0.543608009815216
238.901588201523,1,-0.519402146339417,-0.516377568244934,0.100779116153717,0.0279855411499739,0.0396700650453568,-0.837527334690094,0.544234454631805
238.921600341797,1,-0.517797529697418,-0.514649152755737,0.0978282392024994,0.0349916480481625,0.0404381491243839,-0.836823523044586,0.544854879379272
238.954670906067,1,-0.516652166843414,-0.515169382095337,0.0970751866698265,0.0376455262303352,0.0357250645756721,-0.834872961044312,0.547990679740906
