timestamp,rb_id,pos_x,pos_y,pos_z,quat_x,quat_y,quat_z,quat_w
241.814245700836,1,-0.983023762702942,-0.275297075510025,0.15129229426384,-0.732342183589935,-0.181676641106606,0.628740251064301,-0.188027456402779
241.835505485535,1,-0.983084201812744,-0.275167405605316,0.151253312826157,-0.731555879116058,-0.182195156812668,0.62961620092392,-0.187655225396156
241.86066198349,1,-0.983402013778687,-0.270051956176758,0.161954820156097,-0.751098036766052,-0.200763508677483,0.59949666261673,-0.190130352973938
241.874400615692,1,-0.983203709125519,-0.270098268985748,0.161683201789856,-0.749992609024048,-0.200555428862572,0.601039290428162,-0.189843371510506
241.893362045288,1,-0.982977032661438,-0.270180493593216,0.161396235227585,-0.749249041080475,-0.199898883700371,0.602235019207001,-0.189682304859161
241.914438724518,1,-0.982520043849945,-0.273170083761215,0.154700189828873,-0.736852288246155,-0.188351973891258,0.621524155139923,-0.18782976269722
241.952896356583,1,-0.98231315612793,-0.275574684143066,0.149966448545456,-0.727416276931763,-0.179478824138641,0.635543942451477,-0.186378479003906
241.955756425858,1,-0.98228931427002,-0.275856703519821,0.149316370487213,-0.725857615470886,-0.178095281124115,0.637729823589325,-0.186315849423409
241.973454475403,1,-0.982441067695618,-0.275543063879013,0.149459928274155,-0.725872457027435,-0.178657367825508,0.637422621250153,-0.18677020072937
241.994086742401,1,-0.982569098472595,-0.275324136018753,0.149484947323799,-0.72566556930542,-0.179154917597771,0.637473165988922,-0.186925247311592
242.021448135376,1,-0.98269510269165,-0.275080293416977,0.14946074783802,-0.725471138954163,-0.179944261908531,0.637464046478271,-0.186952635645866
242.045099973679,1,-0.982836604118347,-0.274826318025589,0.14943952858448,-0.725292563438416,-0.180829167366028,0.637401580810547,-0.187004953622818
242.055766582489,1,-0.982998847961426,-0.274561852216721,0.149529546499252,-0.725343227386475,-0.181352600455284,0.637092113494873,-0.187355756759644
242.073848724365,1,-0.983134567737579,-0.274376720190048,0.149498894810677,-0.725234508514404,-0.181078091263771,0.63710606098175,-0.187993511557579
242.096867322922,1,-0.983160853385925,-0.274279326200485,0.149438723921776,-0.725172162055969,-0.180576503276825,0.637141287326813,-0.188596144318581
242.117965698242,1,-0.983042001724243,-0.27425953745842,0.149486064910889,-0.725422382354736,-0.180202186107635,0.636868059635162,-0.188914224505424
242.134058713913,1,-0.982872486114502,-0.274258106946945,0.149500221014023,-0.725524663925171,-0.180173218250275,0.636800765991211,-0.188776195049286
242.154088020325,1,-0.982708036899567,-0.274127781391144,0.14976778626442,-0.725954651832581,-0.180992066860199,0.636188149452209,-0.188404828310013
242.174084663391,1,-0.982620298862457,-0.27394163608551,0.150213807821274,-0.726564586162567,-0.182313159108162,0.635265290737152,-0.187893599271774
242.195416927338,1,-0.982553899288177,-0.273894876241684,0.150455296039581,-0.726792633533478,-0.182953134179115,0.63492888212204,-0.187526255846024
242.214375734329,1,-0.982471883296967,-0.27397483587265,0.150549784302711,-0.726909458637238,-0.182747527956963,0.634903073310852,-0.187361001968384
242.234089374542,1,-0.982392609119415,-0.274152100086212,0.15048286318779,-0.726887822151184,-0.181945011019707,0.635109424591064,-0.187526419758797
242.266716480255,1,-0.982328653335571,-0.274316370487213,0.150199756026268,-0.726441025733948,-0.181084305047989,0.63590133190155,-0.187407404184341
242.28132724762,1,-0.982283711433411,-0.274241030216217,0.150084838271141,-0.726309955120087,-0.180827662348747,0.636175513267517,-0.18723264336586
242.29351401329,1,-0.98232090473175,-0.27413409948349,0.149937927722931,-0.725978076457977,-0.181123062968254,0.636530041694641,-0.187028884887695
242.313415527344,1,-0.982351362705231,-0.274115085601807,0.149742349982262,-0.725537717342377,-0.181567758321762,0.63698548078537,-0.186755686998367
242.348145246506,1,-0.982310771942139,-0.274246364831924,0.149502947926521,-0.725065231323242,-0.181911423802376,0.637563049793243,-0.18628466129303
242.358956098557,1,-0.982287883758545,-0.274187684059143,0.149572387337685,-0.725059926509857,-0.183249697089195,0.637360215187073,-0.185686901211739
242.373128652573,1,-0.982280671596527,-0.274049937725067,0.149746656417847,-0.72520112991333,-0.184318125247955,0.636989593505859,-0.185349717736244
242.39363193512,1,-0.982271254062653,-0.273918271064758,0.149947732686996,-0.725414276123047,-0.184934362769127,0.636621832847595,-0.185165002942085
242.428329706192,1,-0.982270538806915,-0.273780554533005,0.150108635425568,-0.725652933120728,-0.185216143727303,0.636174559593201,-0.18548509478569
242.440935373306,1,-0.982271313667297,-0.273716688156128,0.150175794959068,-0.725809991359711,-0.185009062290192,0.63591080904007,-0.18598136305809
242.453767538071,1,-0.982258081436157,-0.273595482110977,0.150278359651566,-0.7260861992836,-0.184597030282021,0.635524451732635,-0.186632201075554
242.480866193771,1,-0.98225349187851,-0.27343338727951,0.150524467229843,-0.726520776748657,-0.184716403484344,0.63491427898407,-0.186899155378342
242.502177476883,1,-0.98224264383316,-0.273335367441177,0.150712430477142,-0.726738691329956,-0.185152724385262,0.634631514549255,-0.186580240726471
242.515175104141,1,-0.982234120368958,-0.273212820291519,0.150896087288857,-0.726935267448425,-0.185831665992737,0.634264588356018,-0.186387270689011
242.533582925797,1,-0.982243239879608,-0.273212015628815,0.150843307375908,-0.726822078227997,-0.185933664441109,0.634345054626465,-0.186453208327293
242.554558515549,1,-0.982251346111298,-0.273289054632187,0.15069368481636,-0.72661304473877,-0.18554875254631,0.634613752365112,-0.186736658215523
242.575535297394,1,-0.982247114181519,-0.273340940475464,0.150690913200378,-0.726720929145813,-0.185300171375275,0.634501993656158,-0.186943262815475
242.59845662117,1,-0.982256174087524,-0.273390889167786,0.150600880384445,-0.726529479026794,-0.185306310653687,0.634745419025421,-0.186855241656303
242.61407995224,1,-0.982260704040527,-0.2734295129776,0.150554120540619,-0.726328253746033,-0.185531973838806,0.635013043880463,-0.186503872275352
242.633620023727,1,-0.982266664505005,-0.27348393201828,0.150500446557999,-0.726079046726227,-0.186053708195686,0.635354995727539,-0.185788184404373
242.672379970551,1,-0.982257783412933,-0.273493558168411,0.150550976395607,-0.725976645946503,-0.186809718608856,0.635469257831573,-0.185037732124329
242.683631896973,1,-0.982325255870819,-0.273321121931076,0.150742501020432,-0.72613525390625,-0.18721467256546,0.635116457939148,-0.185216978192329
242.693919181824,1,-0.982351303100586,-0.273217558860779,0.150916039943695,-0.72642982006073,-0.186660423874855,0.63474029302597,-0.185909748077393
242.715116262436,1,-0.98234748840332,-0.273207366466522,0.15093982219696,-0.726620137691498,-0.185653492808342,0.634668111801147,-0.186419740319252
242.733910083771,1,-0.982341587543488,-0.273214042186737,0.150953784584999,-0.726777136325836,-0.185108214616776,0.634646832942963,-0.186422809958458
242.769608259201,1,-0.982367932796478,-0.273155570030212,0.150948330760002,-0.726742684841156,-0.185163751244545,0.63474029302597,-0.186183571815491
242.773926496506,1,-0.982416868209839,-0.2730593085289,0.150951758027077,-0.726582944393158,-0.185506090521812,0.634846091270447,-0.186105296015739
242.79393362999,1,-0.982428371906281,-0.272898495197296,0.151206701993942,-0.726931214332581,-0.186051309108734,0.634273290634155,-0.186154171824455
242.813964128494,1,-0.982423007488251,-0.272877216339111,0.151213362812996,-0.726920187473297,-0.186010375618935,0.634279787540436,-0.186215788125992
242.837950944901,1,-0.982396245002747,-0.272886395454407,0.151219472289085,-0.72693657875061,-0.185787186026573,0.634289503097534,-0.186341598629951
242.862226963043,1,-0.982398629188538,-0.272825360298157,0.151291057467461,-0.727088689804077,-0.185743659734726,0.634089589118958,-0.186471745371819
242.874192476273,1,-0.982398331165314,-0.272735089063644,0.151433780789375,-0.727282345294952,-0.185920432209969,0.633820593357086,-0.186455234885216
242.893996715546,1,-0.982401251792908,-0.272735893726349,0.151400521397591,-0.727185487747192,-0.185927927494049,0.633948862552643,-0.186389088630676
242.913865327835,1,-0.982400953769684,-0.272714227437973,0.151452213525772,-0.727254152297974,-0.186122715473175,0.633823215961456,-0.18635405600071
242.950342655182,1,-0.982385993003845,-0.27271831035614,0.151524677872658,-0.727225661277771,-0.186653196811676,0.633733332157135,-0.186240449547768
242.955471038818,1,-0.982397556304932,-0.27263879776001,0.151676625013351,-0.727064847946167,-0.187973499298096,0.633598148822784,-0.186000302433968
242.973418474197,1,-0.982430398464203,-0.272674530744553,0.151673421263695,-0.726295053958893,-0.189443051815033,0.634257197380066,-0.185269355773926
242.993116617203,1,-0.982455849647522,-0.272726982831955,0.151643037796021,-0.72533655166626,-0.191311731934547,0.635048925876617,-0.184390127658844
243.019777297974,1,-0.982449233531952,-0.272931516170502,0.151497542858124,-0.72425901889801,-0.192662045359612,0.636093199253082,-0.183618247509003
243.045083761215,1,-0.982526004314423,-0.274153143167496,0.149231880903244,-0.718721091747284,-0.189396142959595,0.643510758876801,-0.182928949594498
243.057609319687,1,-0.982518792152405,-0.274300575256348,0.149282693862915,-0.717776775360107,-0.188323974609375,0.644540250301361,-0.18411585688591
243.073694467545,1,-0.982504367828369,-0.274297714233398,0.1496901512146,-0.717705488204956,-0.185927733778954,0.644606530666351,-0.186580255627632
243.097987651825,1,-0.982487857341766,-0.274435639381409,0.149842694401741,-0.71706759929657,-0.182355016469955,0.645459771156311,-0.189584776759148
243.119138240814,1,-0.982613563537598,-0.275859802961349,0.147525504231453,-0.711084604263306,-0.175941199064255,0.653310537338257,-0.191281840205193
243.133659362793,1,-0.982709228992462,-0.276780515909195,0.146272420883179,-0.70677638053894,-0.171585559844971,0.658482134342194,-0.193460136651993
243.153533935547,1,-0.982743203639984,-0.277451574802399,0.145692154765129,-0.703886330127716,-0.16651563346386,0.661702454090118,-0.197399079799652
243.174434423447,1,-0.982437193393707,-0.273366302251816,0.152822211384773,-0.71810907125473,-0.175030067563057,0.641738295555115,-0.204587042331696
243.201040506363,1,-0.982403874397278,-0.272543251514435,0.154088765382767,-0.719556868076324,-0.170423358678818,0.638691961765289,-0.212758973240852
243.213913202286,1,-0.982650995254517,-0.276398837566376,0.147441685199738,-0.703271627426147,-0.153218418359756,0.659202635288239,-0.217681050300598
243.23389339447,1,-0.98285174369812,-0.278099298477173,0.144909307360649,-0.694613993167877,-0.150164306163788,0.668594360351562,-0.218960359692574
243.259284734726,1,-0.982845067977905,-0.277131646871567,0.146023496985435,-0.693737208843231,-0.156765908002853,0.667885541915894,-0.219276383519173
243.276432275772,1,-0.982770323753357,-0.27632349729538,0.14709946513176,-0.694184184074402,-0.158740282058716,0.666251242160797,-0.221402615308762
243.293380498886,1,-0.982713580131531,-0.275826573371887,0.148008540272713,-0.696036756038666,-0.156829312443733,0.6640265583992,-0.223620474338531
243.31333398819,1,-0.982588946819305,-0.27505162358284,0.149266242980957,-0.699600040912628,-0.15392217040062,0.659981310367584,-0.226478546857834
243.351146221161,1,-0.98252284526825,-0.274594247341156,0.149993419647217,-0.701139330863953,-0.153567999601364,0.65801602602005,-0.22767399251461
243.354723215103,1,-0.982519686222076,-0.274111747741699,0.150670096278191,-0.701965510845184,-0.156251281499863,0.656781315803528,-0.226866215467453
243.374249219894,1,-0.98250812292099,-0.273861765861511,0.150976806879044,-0.70237535238266,-0.157085984945297,0.656139552593231,-0.226878240704536
243.394308567047,1,-0.982495307922363,-0.273792415857315,0.151098519563675,-0.702370643615723,-0.156878516077995,0.655974686145782,-0.227512314915657
243.426964521408,1,-0.982517182826996,-0.273801684379578,0.150978341698647,-0.701205968856812,-0.157927349209785,0.65692001581192,-0.227651700377464
243.434400558472,1,-0.982538461685181,-0.274037718772888,0.150587245821953,-0.698731958866119,-0.159690096974373,0.659428596496582,-0.226774886250496
243.454231500626,1,-0.982525050640106,-0.274048089981079,0.150408357381821,-0.695947527885437,-0.16280172765255,0.662164747714996,-0.225145488977432
243.48134803772,1,-0.982556581497192,-0.274643927812576,0.14962500333786,-0.692446172237396,-0.162359938025475,0.666187167167664,-0.224393337965012
243.502412796021,1,-0.982542872428894,-0.274227619171143,0.150115847587585,-0.69253009557724,-0.162873059511185,0.665833592414856,-0.224811196327209
243.516394376755,1,-0.98256254196167,-0.274392545223236,0.14983443915844,-0.69106251001358,-0.161021366715431,0.667647182941437,-0.225282117724419
243.534038066864,1,-0.982568562030792,-0.274448066949844,0.149692788720131,-0.690044701099396,-0.159847170114517,0.668887734413147,-0.225557923316956
243.553194284439,1,-0.982586205005646,-0.27449306845665,0.149536713957787,-0.689541459083557,-0.158454671502113,0.669537365436554,-0.226151451468468
243.577162742615,1,-0.98257851600647,-0.274525731801987,0.149482488632202,-0.689462423324585,-0.156657814979553,0.669649064540863,-0.227310568094254
243.60996389389,1,-0.982610821723938,-0.274879395961761,0.148991450667381,-0.687890768051147,-0.154968172311783,0.671491622924805,-0.227794393897057
243.614016294479,1,-0.982612311840057,-0.274873167276382,0.148870781064034,-0.686886012554169,-0.154377833008766,0.672427296638489,-0.228465810418129
243.633472919464,1,-0.982623815536499,-0.274850636720657,0.148837551474571,-0.685969114303589,-0.153179630637169,0.673133254051208,-0.229943841695786
243.654396772385,1,-0.982661128044128,-0.274934589862823,0.148708030581474,-0.684108197689056,-0.153795093297958,0.67468935251236,-0.230515390634537
243.678187131882,1,-0.982674121856689,-0.275222897529602,0.148415058851242,-0.681261360645294,-0.154935747385025,0.677423894405365,-0.230162516236305
243.693360090256,1,-0.982684373855591,-0.275024622678757,0.148473829030991,-0.680343329906464,-0.156902700662613,0.677915036678314,-0.230099275708199
243.714388132095,1,-0.982685744762421,-0.275114864110947,0.148317381739616,-0.679445266723633,-0.157462522387505,0.678531646728516,-0.230552807450294
243.734464645386,1,-0.982714951038361,-0.275212168693542,0.148127749562263,-0.678621411323547,-0.158185318112373,0.679045617580414,-0.230970963835716
243.770431280136,1,-0.982759416103363,-0.275156140327454,0.148049861192703,-0.677662134170532,-0.160710826516151,0.679492771625519,-0.230728521943092
243.775183916092,1,-0.982786297798157,-0.27511590719223,0.148033067584038,-0.676416039466858,-0.164180785417557,0.680254518985748,-0.22969514131546
243.794184207916,1,-0.982819974422455,-0.275268167257309,0.147832572460175,-0.674385964870453,-0.16719377040863,0.681974053382874,-0.228388413786888
243.814009428024,1,-0.982789993286133,-0.275151014328003,0.148020222783089,-0.673622190952301,-0.170645326375961,0.682241559028625,-0.227288171648979
243.838224411011,1,-0.982734441757202,-0.275145769119263,0.148074477910995,-0.673578202724457,-0.172320023179054,0.682174742221832,-0.22635343670845
243.863485097885,1,-0.98274952173233,-0.275097370147705,0.148173987865448,-0.674281895160675,-0.172130897641182,0.681454241275787,-0.226572617888451
243.877764701843,1,-0.982725918292999,-0.275028705596924,0.148352846503258,-0.675757765769958,-0.170377820730209,0.680178761482239,-0.227331921458244
243.894440174103,1,-0.982534408569336,-0.274265617132187,0.149289235472679,-0.679901361465454,-0.168118670582771,0.675690293312073,-0.230028182268143
243.913808584213,1,-0.982564091682434,-0.273891925811768,0.149541079998016,-0.681347191333771,-0.166602894663811,0.674262762069702,-0.231039434671402
243.951118946075,1,-0.982434630393982,-0.273611664772034,0.149549469351768,-0.682315707206726,-0.166625797748566,0.673540651798248,-0.230269998311996
243.95641374588,1,-0.982298851013184,-0.273936003446579,0.149597853422165,-0.683046758174896,-0.164780393242836,0.673460900783539,-0.229662701487541
243.973417282104,1,-0.982385754585266,-0.273995280265808,0.149453669786453,-0.682715475559235,-0.164971649646759,0.673957169055939,-0.229053840041161
243.993499755859,1,-0.982513844966888,-0.274392127990723,0.148757562041283,-0.681481242179871,-0.163155406713486,0.675736844539642,-0.2287867218256
244.019863843918,1,-0.982593059539795,-0.274350702762604,0.148052737116814,-0.68067467212677,-0.162148833274841,0.676803588867188,-0.228750467300415
244.046866178513,1,-0.982436001300812,-0.274392277002335,0.148321896791458,-0.682110488414764,-0.161576062440872,0.675762355327606,-0.227955549955368
244.059491634369,1,-0.981739342212677,-0.274655133485794,0.148766592144966,-0.683573424816132,-0.160481080412865,0.675289332866669,-0.225737750530243
244.073904514313,1,-0.982166945934296,-0.274241894483566,0.148408874869347,-0.681483685970306,-0.162359312176704,0.676706194877625,-0.226469129323959
244.093431949615,1,-0.982983767986298,-0.27366977930069,0.148343816399574,-0.67870032787323,-0.167031154036522,0.678195953369141,-0.226973026990891
244.114442110062,1,-0.982060492038727,-0.272270560264587,0.150778263807297,-0.68267560005188,-0.173255518078804,0.673039495944977,-0.22573110461235
244.141335010529,1,-0.981094598770142,-0.272812247276306,0.151026055216789,-0.68327921628952,-0.17207495868206,0.673241078853607,-0.224201500415802
244.153850078583,1,-0.981347560882568,-0.273480594158173,0.149488866329193,-0.680327355861664,-0.168086186051369,0.676605105400085,-0.226069182157516
244.173476219177,1,-0.982575237751007,-0.27210596203804,0.150461509823799,-0.682208716869354,-0.169857442378998,0.673019170761108,-0.22974993288517
244.212314128876,1,-0.982517242431641,-0.271500289440155,0.151825666427612,-0.68510764837265,-0.17002834379673,0.670350909233093,-0.228795990347862
244.225331783295,1,-0.980595648288727,-0.272315084934235,0.152176842093468,-0.688134670257568,-0.16452194750309,0.670140385627747,-0.224310517311096
244.233489990234,1,-0.980364918708801,-0.273112654685974,0.151116088032722,-0.687638461589813,-0.158276528120041,0.672377467155457,-0.223630085587502
244.254315376282,1,-0.98253858089447,-0.271020859479904,0.15223029255867,-0.690448641777039,-0.160734787583351,0.667053759098053,-0.229094713926315
244.290196418762,1,-0.981921255588531,-0.270573675632477,0.153544083237648,-0.695195972919464,-0.159226253628731,0.66295725107193,-0.227677881717682
244.293401479721,1,-0.979927480220795,-0.271442592144012,0.154281303286552,-0.700158059597015,-0.153715699911118,0.660379707813263,-0.223716035485268
244.314089536667,1,-0.981178283691406,-0.271024286746979,0.15324778854847,-0.697977483272552,-0.153989240527153,0.662089765071869,-0.225282117724419
244.334031820297,1,-0.982155025005341,-0.270657747983932,0.152419075369835,-0.696380972862244,-0.153552025556564,0.663323819637299,-0.226885452866554
244.369065761566,1,-0.980457484722137,-0.271147847175598,0.153946980834007,-0.700918734073639,-0.149350568652153,0.661070227622986,-0.222246408462524
244.376116037369,1,-0.98014771938324,-0.271583199501038,0.154357582330704,-0.702416181564331,-0.145665168762207,0.660323083400726,-0.222185835242271
244.393115997314,1,-0.982340514659882,-0.270218342542648,0.153087139129639,-0.697864294052124,-0.148481696844101,0.663460612297058,-0.225296869874001
244.422396659851,1,-0.981170415878296,-0.270596534013748,0.153645232319832,-0.700066328048706,-0.143117353320122,0.664063274860382,-0.220101207494736
244.445986270905,1,-0.978854417800903,-0.272808909416199,0.154101029038429,-0.702998995780945,-0.13095186650753,0.664820730686188,-0.216003552079201
244.459006071091,1,-0.981280028820038,-0.271206378936768,0.153637602925301,-0.70023638010025,-0.131681367754936,0.665896654129028,-0.221157535910606
244.473597288132,1,-0.982464253902435,-0.270071148872375,0.153119176626205,-0.697622716426849,-0.130088150501251,0.668070614337921,-0.223788484930992
244.501343250275,1,-0.980564713478088,-0.271080523729324,0.152591854333878,-0.697085022926331,-0.122061125934124,0.6739741563797,-0.211972698569298
244.524832487106,1,-0.978920340538025,-0.273299962282181,0.152939140796661,-0.697991728782654,-0.112198933959007,0.674816071987152,-0.211759760975838
244.5373442173,1,-0.982491075992584,-0.270932346582413,0.151858791708946,-0.692822873592377,-0.118374012410641,0.676760911941528,-0.219040498137474
244.553901672363,1,-0.983413934707642,-0.269035845994949,0.152530536055565,-0.692504465579987,-0.122291415929794,0.677957057952881,-0.214142039418221
244.578188180923,1,-0.978934764862061,-0.272240340709686,0.154054209589958,-0.69745135307312,-0.109626419842243,0.676541209220886,-0.209369629621506
244.603018522263,1,-0.979453206062317,-0.273966252803802,0.151052579283714,-0.689808428287506,-0.105379171669483,0.684217035770416,-0.211911901831627
244.614016771317,1,-0.982539296150208,-0.2701336145401,0.153352677822113,-0.691594362258911,-0.119760513305664,0.677583634853363,-0.219625160098076
244.633916378021,1,-0.981853067874908,-0.268004834651947,0.155181705951691,-0.694328546524048,-0.1271101385355,0.675570368766785,-0.212968483567238
244.654165267944,1,-0.978521466255188,-0.271558612585068,0.153587371110916,-0.691311657428741,-0.117541566491127,0.682980060577393,-0.204476311802864
244.678951740265,1,-0.97978687286377,-0.273027151823044,0.151161760091782,-0.684843301773071,-0.114773765206337,0.687693059444427,-0.211884051561356
244.694119215012,1,-0.98258763551712,-0.270502805709839,0.151969939470291,-0.683757424354553,-0.125226572155952,0.685030698776245,-0.218007072806358
244.713386058807,1,-0.981206238269806,-0.270252257585526,0.152673438191414,-0.684890866279602,-0.1273313164711,0.686465859413147,-0.208509147167206
244.733573436737,1,-0.979566216468811,-0.270984292030334,0.152386978268623,-0.683984279632568,-0.125602424144745,0.690142869949341,-0.200231075286865
244.754627227783,1,-0.981271922588348,-0.271346807479858,0.152026474475861,-0.682228565216064,-0.123418837785721,0.687626361846924,-0.215643316507339
244.780373811722,1,-0.981215476989746,-0.27140074968338,0.151912227272987,-0.68212616443634,-0.121791116893291,0.687350392341614,-0.217761918902397
244.793874263763,1,-0.979005396366119,-0.272518187761307,0.152641817927361,-0.68493264913559,-0.118193067610264,0.68643057346344,-0.213800832629204
244.813507318497,1,-0.979675650596619,-0.271731287240982,0.153824880719185,-0.685923397541046,-0.123945072293282,0.684064865112305,-0.21494659781456
244.85444355011,1,-0.980709493160248,-0.272505789995193,0.150080069899559,-0.677174746990204,-0.123854421079159,0.692855179309845,-0.214583769440651
244.874273777008,1,-0.97967916727066,-0.271516114473343,0.154863461852074,-0.688561618328094,-0.124192617833614,0.680919229984283,-0.216352060437202
244.893427610397,1,-0.980016231536865,-0.27180415391922,0.151927277445793,-0.682646572589874,-0.122830793261528,0.686886072158813,-0.217011287808418
244.913323163986,1,-0.97985166311264,-0.272834986448288,0.150297194719315,-0.68019026517868,-0.120307892560959,0.690398991107941,-0.214980214834213
244.941390991211,1,-0.979932129383087,-0.271109759807587,0.154889971017838,-0.691612720489502,-0.125418156385422,0.677745282649994,-0.215878322720528
244.956171035767,1,-0.979425072669983,-0.27051705121994,0.154250860214233,-0.692125499248505,-0.126130074262619,0.676392316818237,-0.218052908778191
244.973385334015,1,-0.979768991470337,-0.272398829460144,0.151431024074554,-0.686561346054077,-0.124981753528118,0.682615101337433,-0.216909602284431
244.994549512863,1,-0.980239450931549,-0.271021723747253,0.154544115066528,-0.693829238414764,-0.132621616125107,0.673657059669495,-0.217252478003502
245.029826402664,1,-0.979547381401062,-0.272532135248184,0.151983574032784,-0.690787255764008,-0.129080310463905,0.678067922592163,-0.215349152684212
245.036074638367,1,-0.979876041412354,-0.272954255342484,0.151130110025406,-0.690385460853577,-0.129867240786552,0.678485333919525,-0.214849025011063
245.053806066513,1,-0.980119228363037,-0.271515518426895,0.153411880135536,-0.696009159088135,-0.137281581759453,0.671199381351471,-0.214980378746986
245.073527574539,1,-0.979634881019592,-0.272328078746796,0.152842819690704,-0.695748865604401,-0.13898991048336,0.672466039657593,-0.210724204778671
245.094388008118,1,-0.979333817958832,-0.273691058158875,0.151054218411446,-0.693476378917694,-0.137320831418037,0.676094830036163,-0.20767617225647
245.131755113602,1,-0.979944169521332,-0.273213267326355,0.151231497526169,-0.69545304775238,-0.138802975416183,0.672960996627808,-0.210243448615074
245.14013671875,1,-0.980492293834686,-0.273117512464523,0.151063963770866,-0.695937395095825,-0.140728294849396,0.671386539936066,-0.212383568286896
245.153700113297,1,-0.979852497577667,-0.27379098534584,0.15143683552742,-0.697767317295074,-0.141072303056717,0.670312821865082,-0.209523811936378
245.174038648605,1,-0.979463398456573,-0.273755192756653,0.151788383722305,-0.698717892169952,-0.141557410359383,0.669612944126129,-0.208262920379639
245.195729017258,1,-0.979872405529022,-0.272875398397446,0.151959106326103,-0.698350846767426,-0.142503798007965,0.66887629032135,-0.211195096373558
245.218537330627,1,-0.979987502098083,-0.272581458091736,0.152234673500061,-0.697805225849152,-0.144314929842949,0.668919801712036,-0.211630284786224
245.23440694809,1,-0.979360461235046,-0.272963494062424,0.152465969324112,-0.697856366634369,-0.146553575992584,0.669606268405914,-0.207716315984726
245.253904104233,1,-0.979154169559479,-0.272804588079453,0.152616769075394,-0.698467612266541,-0.148038968443871,0.668820381164551,-0.207139566540718
245.273834466934,1,-0.979672789573669,-0.272419035434723,0.152004480361938,-0.698019802570343,-0.148776292800903,0.668301343917847,-0.209779143333435
245.311201095581,1,-0.979922771453857,-0.271880775690079,0.152283564209938,-0.699671506881714,-0.150148823857307,0.665419697761536,-0.212442725896835
245.315798282623,1,-0.979531109333038,-0.27226722240448,0.153225854039192,-0.70267778635025,-0.150328829884529,0.662853956222534,-0.210404127836227
245.334976196289,1,-0.979384362697601,-0.272290915250778,0.153244748711586,-0.703440427780151,-0.151991635560989,0.662220299243927,-0.208649143576622
245.353721141815,1,-0.979579150676727,-0.272004514932632,0.152957454323769,-0.703562378883362,-0.153761640191078,0.661589026451111,-0.208943367004395
245.379386425018,1,-0.979500710964203,-0.272110968828201,0.15286223590374,-0.704396426677704,-0.153454974293709,0.660564839839935,-0.20959809422493
245.404631137848,1,-0.979263544082642,-0.272536337375641,0.152899622917175,-0.705185294151306,-0.153571948409081,0.660013675689697,-0.208593770861626
245.41607093811,1,-0.979292273521423,-0.272439658641815,0.152404502034187,-0.704497873783112,-0.154785588383675,0.660196781158447,-0.20943845808506
245.433142185211,1,-0.979522705078125,-0.27188977599144,0.152526721358299,-0.704582333564758,-0.157464206218719,0.658959627151489,-0.211047381162643
245.453573465347,1,-0.979565739631653,-0.271791011095047,0.153140425682068,-0.705864191055298,-0.15813872218132,0.657285571098328,-0.21147982776165
245.478245258331,1,-0.979511380195618,-0.271862298250198,0.153144121170044,-0.705906748771667,-0.159178212285042,0.657214641571045,-0.210777163505554
245.494507551193,1,-0.979415535926819,-0.272127747535706,0.152599483728409,-0.704780876636505,-0.159680336713791,0.658567011356354,-0.209941908717155
245.513371229172,1,-0.979199647903442,-0.272101938724518,0.153281658887863,-0.705999732017517,-0.160545617341995,0.657157003879547,-0.209604948759079
245.536984443665,1,-0.979270279407501,-0.27227857708931,0.15279546380043,-0.704540252685547,-0.161243438720703,0.658750295639038,-0.208977878093719
245.558620214462,1,-0.979472219944,-0.272383689880371,0.151715621352196,-0.701870918273926,-0.160969659686089,0.661665797233582,-0.208960562944412
245.573474645615,1,-0.979302644729614,-0.272204160690308,0.152175173163414,-0.702780365943909,-0.161132544279099,0.660517394542694,-0.209410756826401
245.594323158264,1,-0.979229688644409,-0.271704763174057,0.152916863560677,-0.703823149204254,-0.162787795066833,0.658824563026428,-0.209960624575615
245.614163160324,1,-0.979384779930115,-0.271779149770737,0.152514725923538,-0.702280640602112,-0.164047315716743,0.660254776477814,-0.209652110934258
245.637392282486,1,-0.979238152503967,-0.272143006324768,0.152443751692772,-0.701940476894379,-0.163450747728348,0.660813271999359,-0.209497526288033
245.653629779816,1,-0.979079365730286,-0.271965861320496,0.153216853737831,-0.703324615955353,-0.16458235681057,0.658927738666534,-0.209908217191696
245.674641132355,1,-0.979090392589569,-0.271647304296494,0.153306350111961,-0.703183770179749,-0.166011869907379,0.658603727817535,-0.210270687937737
245.697340250015,1,-0.978951156139374,-0.271669238805771,0.153251141309738,-0.702971935272217,-0.165763154625893,0.659088790416718,-0.209654480218887
245.717135190964,1,-0.978898942470551,-0.271764814853668,0.152826488018036,-0.701982915401459,-0.165451303124428,0.660530865192413,-0.208673939108849
245.733795166016,1,-0.978974342346191,-0.271593809127808,0.152720645070076,-0.701397895812988,-0.166086703538895,0.661121010780334,-0.208267167210579
245.753443479538,1,-0.979000508785248,-0.271230965852737,0.153167828917503,-0.702179968357086,-0.166390880942345,0.660077333450317,-0.208699181675911
245.789407253265,1,-0.979073643684387,-0.270982295274734,0.153491258621216,-0.702854454517365,-0.166198596358299,0.659272253513336,-0.209126368165016
245.800853729248,1,-0.979078769683838,-0.271220177412033,0.153088629245758,-0.702201306819916,-0.16352878510952,0.660457015037537,-0.209686025977135
245.813445568085,1,-0.978884875774384,-0.27171790599823,0.15334352850914,-0.703008413314819,-0.161743670701981,0.660540521144867,-0.208097189664841
245.842752456665,1,-0.97881293296814,-0.271357297897339,0.153657227754593,-0.703982293605804,-0.162274360656738,0.659285008907318,-0.208372876048088
245.864166498184,1,-0.97878885269165,-0.271402597427368,0.153406769037247,-0.703760743141174,-0.162489011883736,0.659584641456604,-0.208005353808403
245.8781208992,1,-0.978968024253845,-0.271392405033112,0.152829080820084,-0.70235812664032,-0.16306908428669,0.660962820053101,-0.207917526364326
245.895171880722,1,-0.979020595550537,-0.271105498075485,0.152662351727486,-0.701545476913452,-0.163980290293694,0.661476492881775,-0.208310797810555
245.921284198761,1,-0.978884041309357,-0.271330028772354,0.153078436851501,-0.702363610267639,-0.163672104477882,0.66079705953598,-0.207952007651329
245.942215442657,1,-0.978806734085083,-0.271348357200623,0.153456658124924,-0.703180074691772,-0.164325743913651,0.659791171550751,-0.207871586084366
245.954985380173,1,-0.978837847709656,-0.271219968795776,0.153563842177391,-0.703676044940948,-0.164806246757507,0.659003436565399,-0.208310782909393
245.974241495132,1,-0.978800415992737,-0.271429777145386,0.153176710009575,-0.703589141368866,-0.163444444537163,0.65939736366272,-0.208430975675583
245.993876457214,1,-0.978697419166565,-0.271505236625671,0.152741998434067,-0.703633785247803,-0.161546006798744,0.659629702568054,-0.209023982286453
246.013995170593,1,-0.978770434856415,-0.271174132823944,0.152899369597435,-0.704228699207306,-0.161324858665466,0.658883333206177,-0.209544867277145
246.035473823547,1,-0.978875637054443,-0.271010726690292,0.153248161077499,-0.704931855201721,-0.161839887499809,0.658036768436432,-0.209443420171738
246.053167581558,1,-0.97875052690506,-0.271306544542313,0.153570771217346,-0.705623149871826,-0.162188977003098,0.657660067081451,-0.208023995161057
246.073731422424,1,-0.978668630123138,-0.271368473768234,0.153505265712738,-0.705519556999207,-0.162801325321198,0.657752752304077,-0.207603767514229
246.094870090485,1,-0.978642642498016,-0.271395713090897,0.153327226638794,-0.705119669437408,-0.163708075881004,0.658084332942963,-0.207198098301888
246.116168737411,1,-0.978646636009216,-0.27136167883873,0.152874201536179,-0.704164326190948,-0.164342075586319,0.658955931663513,-0.207175195217133
246.133454561234,1,-0.978814303874969,-0.271398574113846,0.152638465166092,-0.703774869441986,-0.164269253611565,0.659403800964355,-0.207131117582321
246.153216600418,1,-0.978809893131256,-0.2714723944664,0.153060302138329,-0.705216228961945,-0.16319166123867,0.658186316490173,-0.206952556967735
246.184108018875,1,-0.978733599185944,-0.271315455436707,0.153396084904671,-0.706589818000793,-0.162236541509628,0.656729638576508,-0.207645148038864
246.205913543701,1,-0.978525042533875,-0.271131962537766,0.154086276888847,-0.708305478096008,-0.162279665470123,0.654733300209045,-0.208069622516632
246.214168787003,1,-0.978695511817932,-0.270875245332718,0.153377383947372,-0.706511795520782,-0.16234190762043,0.656072437763214,-0.209893301129341
246.235012292862,1,-0.978549599647522,-0.270966678857803,0.15335838496685,-0.706055760383606,-0.163042858242989,0.656608581542969,-0.209206685423851
246.25540971756,1,-0.978436648845673,-0.271195232868195,0.153515815734863,-0.705897331237793,-0.164663746953011,0.657060623168945,-0.207041516900063
246.275274515152,1,-0.978754580020905,-0.271158546209335,0.15294736623764,-0.704438984394073,-0.164954781532288,0.658421576023102,-0.207453221082687
246.300261259079,1,-0.978817701339722,-0.271213352680206,0.152802094817162,-0.704561591148376,-0.163477689027786,0.658524930477142,-0.207877308130264
246.313948869705,1,-0.978413283824921,-0.27114599943161,0.154135227203369,-0.708030104637146,-0.163046836853027,0.655206918716431,-0.206913024187088
246.334056854248,1,-0.978343188762665,-0.271063327789307,0.154279753565788,-0.708601713180542,-0.16268216073513,0.654646992683411,-0.207015886902809
246.355217933655,1,-0.978516280651093,-0.270947307348251,0.153608366847038,-0.706880688667297,-0.162851065397263,0.656226873397827,-0.207763269543648
246.38937997818,1,-0.978568077087402,-0.271151006221771,0.153165489435196,-0.705265462398529,-0.16345027089119,0.658104121685028,-0.206842139363289
246.401205539703,1,-0.978442013263702,-0.271186590194702,0.153344288468361,-0.705172300338745,-0.164479374885559,0.658194899559021,-0.206053540110588
246.414197206497,1,-0.978560626506805,-0.270561575889587,0.15375842154026,-0.70529043674469,-0.16697196662426,0.657234311103821,-0.206709787249565
246.43403840065,1,-0.97866827249527,-0.270641267299652,0.153588354587555,-0.704472362995148,-0.167697221040726,0.657975852489471,-0.206552848219872
246.459392786026,1,-0.978446364402771,-0.270999699831009,0.153784900903702,-0.704747974872589,-0.167149245738983,0.658079981803894,-0.205723896622658
246.482316255569,1,-0.978338956832886,-0.271093487739563,0.153779447078705,-0.704754590988159,-0.166329234838486,0.658208966255188,-0.205952793359756
246.495001077652,1,-0.978384613990784,-0.270836144685745,0.153479784727097,-0.703991234302521,-0.166441082954407,0.658731698989868,-0.206800043582916
246.514450311661,1,-0.978358387947083,-0.270722985267639,0.153755262494087,-0.704598784446716,-0.166510701179504,0.65806382894516,-0.206801325082779
246.536577939987,1,-0.978330731391907,-0.2707459628582,0.153783589601517,-0.704787015914917,-0.166242659091949,0.657954812049866,-0.20672219991684
246.562674283981,1,-0.978360176086426,-0.27094355225563,0.153199821710587,-0.703739583492279,-0.165132433176041,0.659329891204834,-0.206799730658531
246.576499700546,1,-0.978468656539917,-0.270823925733566,0.153379455208778,-0.704108238220215,-0.165054947137833,0.658862173557281,-0.207096889615059
246.593230962753,1,-0.978513479232788,-0.270504057407379,0.153683036565781,-0.704617857933044,-0.165917426347733,0.658058941364288,-0.207228615880013
246.61375617981,1,-0.978479504585266,-0.270449310541153,0.153696954250336,-0.7044997215271,-0.166191250085831,0.658127665519714,-0.207192093133926
246.649730443954,1,-0.978439569473267,-0.270450562238693,0.153811201453209,-0.704692721366882,-0.166163474321365,0.657782018184662,-0.207655370235443
246.654304981232,1,-0.978411197662354,-0.2705257833004,0.153949975967407,-0.704766035079956,-0.166695132851601,0.657716333866119,-0.20718777179718
246.673444509506,1,-0.978291571140289,-0.270807176828384,0.153955042362213,-0.704661786556244,-0.166908487677574,0.658070385456085,-0.206244349479675
246.693524599075,1,-0.97819060087204,-0.271219342947006,0.153493404388428,-0.703890681266785,-0.16590940952301,0.659312665462494,-0.20571531355381
246.728376626968,1,-0.978172183036804,-0.271152496337891,0.153346940875053,-0.703809797763824,-0.165501266717911,0.659281134605408,-0.206421062350273
246.738093137741,1,-0.978240251541138,-0.270748108625412,0.153730466961861,-0.704472720623016,-0.166963055729866,0.658052146434784,-0.20690344274044
246.754568815231,1,-0.978429555892944,-0.27049520611763,0.153549566864967,-0.703630208969116,-0.168659538030624,0.658381998538971,-0.207344561815262
246.779639720917,1,-0.978474259376526,-0.270743072032928,0.153029054403305,-0.702328562736511,-0.168381616473198,0.659796714782715,-0.207486420869827
246.799504995346,1,-0.978346884250641,-0.271216541528702,0.152475267648697,-0.701303541660309,-0.166661024093628,0.66134774684906,-0.207404807209969
246.813907146454,1,-0.978396356105804,-0.271192014217377,0.152569487690926,-0.701656401157379,-0.166144356131554,0.660901665687561,-0.208046838641167
246.833622217178,1,-0.978552281856537,-0.270531594753265,0.153662085533142,-0.703987181186676,-0.167701423168182,0.657607018947601,-0.209359332919121
246.865329027176,1,-0.978569984436035,-0.27037101984024,0.154034450650215,-0.704857468605042,-0.168615877628326,0.656400740146637,-0.209482058882713
246.872691392899,1,-0.978408336639404,-0.27082160115242,0.153556868433952,-0.703963577747345,-0.167549878358841,0.657793998718262,-0.208972349762917
246.893718481064,1,-0.978123664855957,-0.271343469619751,0.153347760438919,-0.703488111495972,-0.16678549349308,0.658927917480469,-0.207608357071877
246.918714523315,1,-0.978119075298309,-0.27137565612793,0.15317340195179,-0.702706396579742,-0.167237177491188,0.659656226634979,-0.207579359412193
246.935933589935,1,-0.978430986404419,-0.27117595076561,0.152731820940971,-0.701348841190338,-0.168322890996933,0.660641610622406,-0.208158358931541
246.95313167572,1,-0.978579521179199,-0.270759105682373,0.152797669172287,-0.701632142066956,-0.169466525316238,0.659744560718536,-0.209118813276291
246.97755074501,1,-0.978399038314819,-0.270589560270309,0.15333066880703,-0.703692436218262,-0.169573992490768,0.657477259635925,-0.209249570965767
246.998814821243,1,-0.978355407714844,-0.270900845527649,0.15303310751915,-0.704063713550568,-0.16825744509697,0.657450318336487,-0.209147900342941
247.013558626175,1,-0.978479325771332,-0.271050453186035,0.152829423546791,-0.703967094421387,-0.168240681290627,0.65751177072525,-0.20929329097271
247.03328204155,1,-0.978549182415009,-0.270829141139984,0.153338834643364,-0.70445990562439,-0.170591369271278,0.656460642814636,-0.209031626582146
247.066589355469,1,-0.978583812713623,-0.270671933889389,0.153542220592499,-0.703896939754486,-0.172648414969444,0.656580209732056,-0.20886404812336
247.079223871231,1,-0.978638589382172,-0.270313054323196,0.153786033391953,-0.703246593475342,-0.175199076533318,0.656715869903564,-0.208503648638725
247.094111204147,1,-0.978532314300537,-0.270218044519424,0.154016375541687,-0.70299106836319,-0.177286595106125,0.656862199306488,-0.207135438919067
247.113317728043,1,-0.978356182575226,-0.270987719297409,0.15337547659874,-0.701963543891907,-0.176651313900948,0.658811807632446,-0.204960182309151
247.136514186859,1,-0.978313863277435,-0.271480798721313,0.152741506695747,-0.701235711574554,-0.175261199474335,0.660077512264252,-0.204571977257729
247.160457611084,1,-0.978234529495239,-0.271735697984695,0.15248504281044,-0.701361358165741,-0.173548355698586,0.660284459590912,-0.204933375120163
247.17473077774,1,-0.978181838989258,-0.271964937448502,0.152421846985817,-0.701720178127289,-0.171942606568336,0.660225927829742,-0.205247029662132
247.193351984024,1,-0.978178024291992,-0.271927952766418,0.152331963181496,-0.701574444770813,-0.172094762325287,0.660470724105835,-0.204829439520836
247.214545965195,1,-0.978172302246094,-0.271753340959549,0.152327448129654,-0.701418697834015,-0.173260137438774,0.660450041294098,-0.204446718096733
247.238574743271,1,-0.978150248527527,-0.271509736776352,0.15263994038105,-0.701977550983429,-0.174601465463638,0.659585475921631,-0.204178676009178
247.254707574844,1,-0.978146195411682,-0.271165639162064,0.153120890259743,-0.70287561416626,-0.176010996103287,0.658166289329529,-0.204458057880402
247.273906707764,1,-0.978183925151825,-0.271082490682602,0.152948558330536,-0.702676594257355,-0.175867706537247,0.658165276050568,-0.205267250537872
247.294299602509,1,-0.978327751159668,-0.271109730005264,0.152833268046379,-0.702853381633759,-0.174775138497353,0.658044278621674,-0.205981940031052
247.331493377686,1,-0.978203296661377,-0.270983695983887,0.153135031461716,-0.704366385936737,-0.173373505473137,0.656506061553955,-0.206904277205467
247.335967063904,1,-0.977916777133942,-0.270863562822342,0.153456225991249,-0.705650746822357,-0.172940298914909,0.655279695987701,-0.206778183579445
247.353818178177,1,-0.977973937988281,-0.270688831806183,0.153762206435204,-0.706073939800262,-0.173783600330353,0.654626846313477,-0.206694662570953
247.373097419739,1,-0.978048920631409,-0.270536482334137,0.153798013925552,-0.705736875534058,-0.174919977784157,0.654780507087708,-0.20640042424202
247.402757644653,1,-0.97795307636261,-0.270446062088013,0.153973013162613,-0.705806076526642,-0.175414860248566,0.654636740684509,-0.206199645996094
247.424913883209,1,-0.97773802280426,-0.270561665296555,0.154097691178322,-0.706418991088867,-0.174286603927612,0.654328942298889,-0.206034302711487
247.437179088593,1,-0.97775137424469,-0.270764857530594,0.153818041086197,-0.70680034160614,-0.172262340784073,0.654469132423401,-0.205983266234398
247.453686237335,1,-0.977914810180664,-0.270528227090836,0.153990089893341,-0.707949757575989,-0.172373726963997,0.653163075447083,-0.206088691949844
247.473385810852,1,-0.977987051010132,-0.270230293273926,0.154802545905113,-0.71020770072937,-0.173055499792099,0.650418639183044,-0.206428036093712
247.493601322174,1,-0.978178381919861,-0.269946157932281,0.155700400471687,-0.712451279163361,-0.173552677035332,0.647455275058746,-0.207591652870178
247.518137216568,1,-0.978666543960571,-0.269750952720642,0.155627697706223,-0.712347149848938,-0.173847541213036,0.647074699401855,-0.208885312080383
247.533634185791,1,-0.978872835636139,-0.269826620817184,0.154787108302116,-0.710456550121307,-0.173735395073891,0.649322807788849,-0.208440631628036
247.553095817566,1,-0.978338360786438,-0.27026554942131,0.154389619827271,-0.70973527431488,-0.172921344637871,0.651138722896576,-0.205894306302071
247.574294090271,1,-0.978090345859528,-0.270608931779861,0.154227718710899,-0.709691524505615,-0.17240783572197,0.651793003082275,-0.204400047659874
247.609438180923,1,-0.978166043758392,-0.270525544881821,0.153984114527702,-0.709373235702515,-0.17223884165287,0.652026116847992,-0.20490351319313
247.621476173401,1,-0.978182733058929,-0.270281225442886,0.153967469930649,-0.709433078765869,-0.171965464949608,0.651695132255554,-0.20597580075264
247.633526802063,1,-0.977818131446838,-0.270058542490005,0.154790863394737,-0.711115837097168,-0.172447726130486,0.649845242500305,-0.205614313483238
247.653516530991,1,-0.977918565273285,-0.269719898700714,0.155124932527542,-0.711252152919769,-0.174294695258141,0.649100005626678,-0.205939412117004
247.67346739769,1,-0.97852486371994,-0.269399911165237,0.155294045805931,-0.710517227649689,-0.177171543240547,0.648767471313477,-0.207065775990486
247.709008455276,1,-0.978881478309631,-0.26954373717308,0.154570773243904,-0.707832634449005,-0.17808011174202,0.651185095310211,-0.207890450954437
247.720531702042,1,-0.978599488735199,-0.270175397396088,0.15350030362606,-0.704512655735016,-0.177044227719307,0.655397057533264,-0.206814050674438
247.733568668365,1,-0.977923154830933,-0.270826786756516,0.152597546577454,-0.701659917831421,-0.175857290625572,0.659364104270935,-0.204906120896339
247.754670619965,1,-0.977355718612671,-0.271547853946686,0.152185350656509,-0.700423359870911,-0.173601508140564,0.661544144153595,-0.204032018780708
247.793901443481,1,-0.977724254131317,-0.271671652793884,0.152806162834167,-0.7009317278862,-0.173381447792053,0.66101086139679,-0.20420153439045
247.798421144485,1,-0.978706002235413,-0.270464926958084,0.153598517179489,-0.702154695987701,-0.176935777068138,0.658316493034363,-0.20565003156662
247.814374446869,1,-0.978719711303711,-0.270075172185898,0.1536935120821,-0.70302027463913,-0.17596909403801,0.657243490219116,-0.206950023770332
247.833437204361,1,-0.978063344955444,-0.270491719245911,0.153151795268059,-0.702803432941437,-0.173146903514862,0.658549308776855,-0.2059136480093
247.862692117691,1,-0.977410793304443,-0.270837545394897,0.153150141239166,-0.703838288784027,-0.17083814740181,0.658080101013184,-0.205807462334633
247.887379407883,1,-0.978044331073761,-0.270414650440216,0.153749853372574,-0.705019176006317,-0.172276735305786,0.655868828296661,-0.20761726796627
247.900703907013,1,-0.978611648082733,-0.270127415657043,0.153074383735657,-0.703429877758026,-0.173269808292389,0.656829118728638,-0.209140300750732
247.914126396179,1,-0.977709889411926,-0.270915120840073,0.151690691709518,-0.701587617397308,-0.168618246912956,0.660052418708801,-0.20898249745369
247.939043998718,1,-0.976896405220032,-0.269489288330078,0.158001273870468,-0.71509850025177,-0.17256872355938,0.644673824310303,-0.207965821027756
247.964430332184,1,-0.976855397224426,-0.261538118124008,0.169836461544037,-0.73891544342041,-0.196938633918762,0.608341872692108,-0.212460190057755
247.979429244995,1,-0.974541544914246,-0.257393836975098,0.176366373896599,-0.751593768596649,-0.214309439063072,0.587061583995819,-0.211038321256638
247.994413614273,1,-0.972897112369537,-0.251124858856201,0.188009023666382,-0.769559860229492,-0.230122804641724,0.55348813533783,-0.220163896679878
248.027408123016,1,-0.96901923418045,-0.262170314788818,0.161021515727043,-0.720106661319733,-0.184014528989792,0.63260680437088,-0.217701032757759
248.046269178391,1,-0.969974517822266,-0.267105937004089,0.15078791975975,-0.696446180343628,-0.173379331827164,0.663642406463623,-0.210905566811562
248.055075883865,1,-0.970485270023346,-0.269551634788513,0.14848804473877,-0.692137122154236,-0.16372849047184,0.67121547460556,-0.208827883005142
248.07456278801,1,-0.971386551856995,-0.270508021116257,0.148203656077385,-0.693781971931458,-0.156410753726959,0.670815229415894,-0.210259839892387
248.103010892868,1,-0.973031401634216,-0.269638419151306,0.149795800447464,-0.699314475059509,-0.158132821321487,0.664304733276367,-0.211311638355255
248.125295639038,1,-0.974790930747986,-0.269192039966583,0.152678102254868,-0.706083178520203,-0.164409607648849,0.656326651573181,-0.208929121494293
248.139222383499,1,-0.976332128047943,-0.270039349794388,0.153475522994995,-0.706458806991577,-0.167290955781937,0.65611469745636,-0.206017449498177
248.15327167511,1,-0.977970600128174,-0.271286308765411,0.15308666229248,-0.703891813755035,-0.168866842985153,0.659196734428406,-0.203666418790817
248.174369335175,1,-0.979196608066559,-0.272424459457397,0.151135072112083,-0.69802987575531,-0.169890850782394,0.665617167949677,-0.202102303504944
248.207880735397,1,-0.979706704616547,-0.273529678583145,0.150659397244453,-0.695730090141296,-0.170176461338997,0.668332636356354,-0.200826093554497
248.222897291183,1,-0.980524718761444,-0.273476958274841,0.151123374700546,-0.694877207279205,-0.17429393529892,0.668233096599579,-0.200578659772873
248.23371553421,1,-0.981307029724121,-0.273776084184647,0.150606125593185,-0.693249225616455,-0.174596294760704,0.669591724872589,-0.201416492462158
248.263747215271,1,-0.981576085090637,-0.276081889867783,0.149954095482826,-0.693139672279358,-0.168934687972069,0.671617984771729,-0.199869602918625
248.286862850189,1,-0.982250690460205,-0.277377426624298,0.149613320827484,-0.693778216838837,-0.16865086555481,0.671621739864349,-0.197871297597885
248.300312042236,1,-0.983636140823364,-0.27794349193573,0.149095892906189,-0.693705916404724,-0.171288713812828,0.671404123306274,-0.196593329310417
248.313452482224,1,-0.985427558422089,-0.278569459915161,0.147839158773422,-0.692242503166199,-0.17359484732151,0.672409117221832,-0.19629380106926
248.337888240814,1,-0.986947894096375,-0.278786808252335,0.14752434194088,-0.692391693592072,-0.177031517028809,0.67182195186615,-0.194701969623566
248.366534471512,1,-0.988319516181946,-0.278900802135468,0.147645309567451,-0.692978322505951,-0.180260315537453,0.67083078622818,-0.193063035607338
248.379222393036,1,-0.989464104175568,-0.279460817575455,0.147538244724274,-0.69312709569931,-0.181331321597099,0.671144187450409,-0.1904187053442
248.393122673035,1,-0.990216434001923,-0.280298262834549,0.147388637065887,-0.694026947021484,-0.179953753948212,0.670878827571869,-0.189380347728729
248.422110319138,1,-0.99031001329422,-0.281138062477112,0.147625938057899,-0.696712255477905,-0.178670659661293,0.668791055679321,-0.188115388154984
248.445915222168,1,-0.990216493606567,-0.28174763917923,0.147735863924026,-0.699339032173157,-0.178677275776863,0.66635125875473,-0.187017053365707
248.458011865616,1,-0.990053117275238,-0.282596051692963,0.147311955690384,-0.70126485824585,-0.177828654646873,0.664972364902496,-0.185516551136971
248.473700761795,1,-0.989779591560364,-0.28410592675209,0.146193042397499,-0.702380299568176,-0.174646854400635,0.665291428565979,-0.183160364627838
248.497507572174,1,-0.989661037921906,-0.2856585085392,0.144908517599106,-0.703036069869995,-0.170638039708138,0.666188716888428,-0.181150808930397
248.523782968521,1,-0.989808619022369,-0.285740077495575,0.144563034176826,-0.70590204000473,-0.170243084430695,0.663269102573395,-0.181090608239174
248.53391289711,1,-0.990380585193634,-0.285789608955383,0.143185183405876,-0.705725371837616,-0.169609069824219,0.663646876811981,-0.180990114808083
248.553437709808,1,-0.990774393081665,-0.284938722848892,0.142952799797058,-0.707822620868683,-0.171202018857002,0.660750210285187,-0.181896194815636
248.573761701584,1,-0.990732133388519,-0.283810317516327,0.143965810537338,-0.71293306350708,-0.174138948321342,0.654399633407593,-0.1821079403162
248.598949670792,1,-0.990777909755707,-0.283388316631317,0.143418610095978,-0.714376330375671,-0.17333647608757,0.652937293052673,-0.182466372847557
248.616142034531,1,-0.990910232067108,-0.28134098649025,0.14421609044075,-0.718741953372955,-0.17615607380867,0.64650821685791,-0.185489028692245
248.634528398514,1,-0.99117910861969,-0.280713945627213,0.141204446554184,-0.715240359306335,-0.173564776778221,0.65029776096344,-0.188200235366821
248.65341758728,1,-0.99124664068222,-0.279001444578171,0.140391305088997,-0.716253638267517,-0.17505070567131,0.647870600223541,-0.19131575524807
248.681545734406,1,-0.991193473339081,-0.277747064828873,0.138867989182472,-0.715730428695679,-0.175120487809181,0.647688329219818,-0.193811118602753
248.710138082504,1,-0.991378784179688,-0.271193563938141,0.147773623466492,-0.735803246498108,-0.194215208292007,0.617716610431671,-0.198242798447609
248.721137523651,1,-0.991331934928894,-0.269289493560791,0.149500608444214,-0.740089058876038,-0.199340835213661,0.610626518726349,-0.199165001511574
248.734475135803,1,-0.991022229194641,-0.268991112709045,0.149903476238251,-0.741609632968903,-0.20119945704937,0.608526706695557,-0.198063552379608
248.753487586975,1,-0.990781545639038,-0.268707275390625,0.150597959756851,-0.74302750825882,-0.204043805599213,0.606259703636169,-0.196788176894188
248.776465177536,1,-0.990676462650299,-0.268238991498947,0.151251316070557,-0.743855655193329,-0.207158699631691,0.604387402534485,-0.19616325199604
248.798760652542,1,-0.990594029426575,-0.267267763614655,0.152695715427399,-0.746097385883331,-0.211452051997185,0.60000741481781,-0.196514308452606
248.813438177109,1,-0.990519762039185,-0.266231566667557,0.154168501496315,-0.748449981212616,-0.215158581733704,0.595482409000397,-0.197307229042053
248.834457874298,1,-0.99047577381134,-0.265072256326675,0.155750572681427,-0.751139104366302,-0.218613982200623,0.590439558029175,-0.198441833257675
248.853430986404,1,-0.989720702171326,-0.267273724079132,0.149640992283821,-0.740548968315125,-0.20862278342247,0.607301890850067,-0.198111563920975
248.892693042755,1,-0.989117920398712,-0.270038276910782,0.143091157078743,-0.728754878044128,-0.1976438164711,0.625471115112305,-0.19656839966774
248.895524740219,1,-0.988687932491302,-0.269968122243881,0.142666980624199,-0.728558778762817,-0.196784421801567,0.625920295715332,-0.196727707982063
248.913413286209,1,-0.98915559053421,-0.263718545436859,0.155586108565331,-0.752972602844238,-0.218972265720367,0.587479412555695,-0.199878856539726
248.940229654312,1,-0.988490879535675,-0.268840193748474,0.149193704128265,-0.744476616382599,-0.207732573151588,0.605264842510223,-0.190411120653152
248.964812517166,1,-0.988278388977051,-0.269668966531754,0.147641360759735,-0.74194610118866,-0.20497128367424,0.60958456993103,-0.189497798681259
248.97670173645,1,-0.988213360309601,-0.269545316696167,0.147861197590828,-0.742480039596558,-0.205157339572906,0.608911752700806,-0.189368277788162
248.99364566803,1,-0.988211750984192,-0.269442766904831,0.14811946451664,-0.743059515953064,-0.20518758893013,0.60828560590744,-0.1890749335289
249.020189285278,1,-0.988220036029816,-0.269594222307205,0.147990494966507,-0.74272221326828,-0.204347535967827,0.609149277210236,-0.188528791069984
249.042230367661,1,-0.988210260868073,-0.269939929246902,0.147655621170998,-0.741953253746033,-0.203709930181503,0.610594928264618,-0.187567517161369
249.055433511734,1,-0.988085448741913,-0.270174473524094,0.147230312228203,-0.740867912769318,-0.203240931034088,0.612184405326843,-0.187184989452362
249.074203014374,1,-0.987845718860626,-0.26990419626236,0.147917985916138,-0.742061376571655,-0.20422737300396,0.610373139381409,-0.187298566102982
249.101196050644,1,-0.987570941448212,-0.26985365152359,0.148221477866173,-0.742783844470978,-0.204106539487839,0.609479010105133,-0.187478080391884
249.124054431915,1,-0.987295508384705,-0.269878000020981,0.148646026849747,-0.743966162204742,-0.203527003526688,0.608202040195465,-0.187567085027695
249.135334014893,1,-0.987009763717651,-0.269990891218185,0.149015665054321,-0.745142579078674,-0.202167630195618,0.607205212116241,-0.18759723007679
249.154361963272,1,-0.986677050590515,-0.270165055990219,0.149281531572342,-0.746028006076813,-0.200868800282478,0.606654942035675,-0.18725298345089
249.175686597824,1,-0.986379623413086,-0.270268797874451,0.149325102567673,-0.746126711368561,-0.200518757104874,0.606694400310516,-0.187107622623444
249.197661161423,1,-0.986052930355072,-0.270628124475479,0.1487957239151,-0.745096683502197,-0.199809581041336,0.608329236507416,-0.186661779880524
249.21439409256,1,-0.985731422901154,-0.270911008119583,0.148367434740067,-0.744218289852142,-0.199004203081131,0.609652459621429,-0.186709329485893
249.235045671463,1,-0.985271811485291,-0.273970544338226,0.141854032874107,-0.731977820396423,-0.187870994210243,0.628154516220093,-0.185296803712845
249.256430149078,1,-0.984949290752411,-0.276764124631882,0.13686329126358,-0.72214263677597,-0.178066849708557,0.642552018165588,-0.184198781847954
249.274879693985,1,-0.984685599803925,-0.277118146419525,0.136525362730026,-0.721535801887512,-0.177263766527176,0.643581569194794,-0.183756723999977
249.293945550919,1,-0.984484791755676,-0.276836961507797,0.136827021837234,-0.722027659416199,-0.1785718947649,0.642709076404572,-0.183611363172531
249.314260721207,1,-0.984341621398926,-0.276567578315735,0.136887162923813,-0.722036480903625,-0.179481685161591,0.642417013645172,-0.183711737394333
249.354800462723,1,-0.984213650226593,-0.276373118162155,0.136883199214935,-0.721986472606659,-0.179784551262856,0.642322361469269,-0.183943152427673
249.356284618378,1,-0.984123706817627,-0.276109635829926,0.137129992246628,-0.722437560558319,-0.179986536502838,0.641617953777313,-0.184432148933411
249.373862028122,1,-0.984140634536743,-0.276012361049652,0.13735231757164,-0.722713947296143,-0.180136248469353,0.641266167163849,-0.184426754713058
249.394224643707,1,-0.984208226203918,-0.275796741247177,0.137728407979012,-0.723051428794861,-0.180875942111015,0.640686273574829,-0.184395313262939
249.429893732071,1,-0.9842848777771,-0.275520086288452,0.138012140989304,-0.72307687997818,-0.181705594062805,0.640318393707275,-0.184757232666016
249.435004711151,1,-0.984358966350555,-0.275287330150604,0.138260066509247,-0.723098456859589,-0.18265363574028,0.64000803232193,-0.184813499450684
249.453945636749,1,-0.984424471855164,-0.275162070989609,0.138128012418747,-0.722688436508179,-0.182839453220367,0.640329599380493,-0.185119390487671
249.476271390915,1,-0.984380125999451,-0.274925470352173,0.137976825237274,-0.722423195838928,-0.182685568928719,0.640483498573303,-0.185773029923439
249.507312774658,1,-0.984313368797302,-0.274603515863419,0.138113901019096,-0.722782552242279,-0.182770475745201,0.639868319034576,-0.186410456895828
249.521381616592,1,-0.984307944774628,-0.274453371763229,0.138265818357468,-0.723023414611816,-0.182808220386505,0.639533042907715,-0.18659034371376
249.534479856491,1,-0.984329164028168,-0.274399489164352,0.138385981321335,-0.723037421703339,-0.182828232645988,0.639520525932312,-0.186558857560158
249.553926944733,1,-0.98442542552948,-0.269955694675446,0.147718250751495,-0.741038739681244,-0.198399320244789,0.613087892532349,-0.188739404082298
249.588381767273,1,-0.984416604042053,-0.269350558519363,0.148960694670677,-0.742969751358032,-0.200710281729698,0.609972894191742,-0.188797667622566
249.59977221489,1,-0.984346270561218,-0.269359022378922,0.148886665701866,-0.742481052875519,-0.200939029455185,0.61055189371109,-0.188604742288589
249.61489033699,1,-0.984219074249268,-0.26977401971817,0.148332595825195,-0.74119633436203,-0.200379282236099,0.612597286701202,-0.187618881464005
249.634905338287,1,-0.984170079231262,-0.269704312086105,0.148721575737,-0.741571068763733,-0.200945422053337,0.61201274394989,-0.187440246343613
249.666610002518,1,-0.984130203723907,-0.269812822341919,0.14881220459938,-0.741701304912567,-0.200378209352493,0.61206990480423,-0.18734522163868
249.678367614746,1,-0.984104633331299,-0.269792497158051,0.148960158228874,-0.741997420787811,-0.200053468346596,0.611761808395386,-0.1875259578228
249.694134950638,1,-0.984062910079956,-0.269931435585022,0.148668527603149,-0.741467475891113,-0.199638620018959,0.612625360488892,-0.187245056033134
249.713515281677,1,-0.984026908874512,-0.269811987876892,0.148649081587791,-0.741179227828979,-0.200243458151817,0.612822949886322,-0.187093481421471
249.736115455627,1,-0.983993947505951,-0.269764840602875,0.148304238915443,-0.740183472633362,-0.200687944889069,0.613896191120148,-0.187040641903877
249.756328821182,1,-0.983979403972626,-0.269698292016983,0.148110315203667,-0.739331781864166,-0.20118972659111,0.614759385585785,-0.187035501003265
249.773900032043,1,-0.984044194221497,-0.269562810659409,0.148229658603668,-0.7390216588974,-0.20170359313488,0.614920914173126,-0.187176570296288
249.7935526371,1,-0.984127283096313,-0.269419133663177,0.14851713180542,-0.739257395267487,-0.201863780617714,0.614583253860474,-0.187181621789932
249.822869539261,1,-0.984095275402069,-0.269292861223221,0.148699790239334,-0.739619791507721,-0.201545014977455,0.614120125770569,-0.187612935900688
249.846287250519,1,-0.984299719333649,-0.264889776706696,0.154452845454216,-0.748337090015411,-0.21108603477478,0.597747921943665,-0.195273786783218
249.859701871872,1,-0.984332323074341,-0.262991011142731,0.156950041651726,-0.75203263759613,-0.215392902493477,0.590497851371765,-0.198406800627708
249.873435974121,1,-0.984162032604218,-0.262976616621017,0.156987890601158,-0.752046763896942,-0.215527132153511,0.590445756912231,-0.198362186551094
249.894364833832,1,-0.983992516994476,-0.263292402029037,0.156543239951134,-0.751254796981812,-0.215270519256592,0.591759741306305,-0.19772544503212
249.914173841476,1,-0.983881652355194,-0.263487577438354,0.156349435448647,-0.750765979290009,-0.215500012040138,0.592490553855896,-0.197142615914345
249.939714670181,1,-0.98376601934433,-0.264019250869751,0.155788019299507,-0.749797761440277,-0.214582547545433,0.5943523645401,-0.196221768856049
249.954584360123,1,-0.983734011650085,-0.264219224452972,0.155463561415672,-0.749136328697205,-0.213832542300224,0.595505714416504,-0.196069777011871
249.974111557007,1,-0.983749687671661,-0.264118611812592,0.155661776661873,-0.749608218669891,-0.213889107108116,0.594849407672882,-0.196197122335434
249.994475364685,1,-0.983746469020844,-0.264118701219559,0.155623212456703,-0.749743700027466,-0.213183298707008,0.594835162162781,-0.19649013876915
250.036774396896,1,-0.983735859394073,-0.26414480805397,0.155594021081924,-0.749784171581268,-0.212903141975403,0.5948646068573,-0.196550384163857
250.053642034531,1,-0.983847081661224,-0.2633176445961,0.156715586781502,-0.750916302204132,-0.216381430625916,0.591888010501862,-0.197414055466652
250.074684143066,1,-0.983813643455505,-0.26351261138916,0.156387716531754,-0.750082612037659,-0.216308608651161,0.593053996562958,-0.197164490818977
250.099884033203,1,-0.983797132968903,-0.263597786426544,0.156207963824272,-0.749567747116089,-0.216337591409683,0.593712389469147,-0.19710910320282
250.122115850449,1,-0.983817994594574,-0.263504832983017,0.156317204236984,-0.749718368053436,-0.216488972306252,0.593394160270691,-0.197327926754951
250.13708782196,1,-0.983851552009583,-0.263307064771652,0.156636029481888,-0.750460207462311,-0.216615572571754,0.592279851436615,-0.197716310620308
250.154301643372,1,-0.983861684799194,-0.263198435306549,0.156777054071426,-0.750924587249756,-0.216268286108971,0.591677606105804,-0.198136046528816
250.174275636673,1,-0.983855068683624,-0.263226330280304,0.156711012125015,-0.750905215740204,-0.215742990374565,0.591837763786316,-0.198303684592247
250.198062896729,1,-0.983851850032806,-0.263236850500107,0.15669147670269,-0.750773012638092,-0.215694606304169,0.592030107975006,-0.198282718658447
250.214111089706,1,-0.983838617801666,-0.263294219970703,0.156584098935127,-0.750332951545715,-0.21590094268322,0.592605173587799,-0.198005944490433
250.234059095383,1,-0.983827829360962,-0.263440817594528,0.15631477534771,-0.749617457389832,-0.215991795063019,0.593631029129028,-0.197543561458588
250.273185014725,1,-0.983819603919983,-0.263516247272491,0.156167894601822,-0.749163210391998,-0.216172158718109,0.594248235225677,-0.197213709354401
250.276652336121,1,-0.983800172805786,-0.263582110404968,0.156106635928154,-0.749091148376465,-0.216096207499504,0.594398975372314,-0.19711646437645
250.293763875961,1,-0.983816564083099,-0.263547420501709,0.156196162104607,-0.749353289604187,-0.216077744960785,0.594021022319794,-0.197279170155525
250.314671993256,1,-0.983815431594849,-0.263611376285553,0.156038299202919,-0.749141931533813,-0.215651407837868,0.594440698623657,-0.197284668684006
250.349519252777,1,-0.983848094940186,-0.263572752475739,0.156134963035583,-0.749298453330994,-0.215754821896553,0.594215333461761,-0.197255745530128
250.354567527771,1,-0.983849346637726,-0.26377922296524,0.155781447887421,-0.748625218868256,-0.215082377195358,0.595391869544983,-0.196998476982117
250.373400449753,1,-0.983854711055756,-0.263830721378326,0.15574012696743,-0.748529672622681,-0.214936077594757,0.595595419406891,-0.196905866265297
250.393874883652,1,-0.983847379684448,-0.263891816139221,0.155688747763634,-0.748469829559326,-0.214639648795128,0.595793604850769,-0.196857109665871
250.430152654648,1,-0.983848631381989,-0.263924598693848,0.155652567744255,-0.748495399951935,-0.214272052049637,0.595866084098816,-0.196941286325455
250.441992521286,1,-0.983922839164734,-0.26380056142807,0.155816659331322,-0.748796164989471,-0.214547857642174,0.595323204994202,-0.197139158844948
250.45374083519,1,-0.98404997587204,-0.263682395219803,0.155912101268768,-0.748731911182404,-0.214721024036407,0.595234215259552,-0.197463035583496
250.473598957062,1,-0.984247326850891,-0.263227522373199,0.156625911593437,-0.749737501144409,-0.215528964996338,0.593365788459778,-0.198388755321503
250.509386777878,1,-0.984310269355774,-0.263145714998245,0.156707629561424,-0.7498779296875,-0.215380623936653,0.5931356549263,-0.198706805706024
250.519986629486,1,-0.984201490879059,-0.263299852609634,0.156257718801498,-0.7491175532341,-0.215063467621803,0.594387829303741,-0.198175892233849
250.533495903015,1,-0.984108030796051,-0.263450473546982,0.155877590179443,-0.74840259552002,-0.215016588568687,0.595542728900909,-0.197459697723389
250.560068368912,1,-0.984134316444397,-0.263285964727402,0.156093284487724,-0.74869179725647,-0.215501844882965,0.595059335231781,-0.197291761636734
250.593049764633,1,-0.984147548675537,-0.26317948102951,0.156274199485779,-0.749047696590424,-0.215477257966995,0.594590187072754,-0.197382017970085
250.595548868179,1,-0.984140992164612,-0.263152331113815,0.156349927186966,-0.749216437339783,-0.215302184224129,0.594332158565521,-0.197709366679192
250.614765405655,1,-0.98412674665451,-0.263134956359863,0.156378448009491,-0.749262928962708,-0.214779734611511,0.594325482845306,-0.198121100664139
250.633485794067,1,-0.984172344207764,-0.262969881296158,0.156630128622055,-0.749708116054535,-0.214769780635834,0.593585848808289,-0.198664292693138
250.659892559052,1,-0.983750939369202,-0.266029119491577,0.149855449795723,-0.737292587757111,-0.203213199973106,0.613292396068573,-0.197425037622452
250.684270143509,1,-0.984084069728851,-0.263554513454437,0.155455753207207,-0.747422158718109,-0.213308125734329,0.597194194793701,-0.198037832975388
250.696397066116,1,-0.983744978904724,-0.265868782997131,0.150327026844025,-0.73787784576416,-0.205063253641129,0.612194836139679,-0.196730673313141
250.713685035706,1,-0.983586072921753,-0.268751502037048,0.144460514187813,-0.726359367370605,-0.194639563560486,0.629525184631348,-0.195488065481186
250.741189479828,1,-0.984093129634857,-0.263870030641556,0.15529528260231,-0.746727824211121,-0.212489858269691,0.598438739776611,-0.197779327630997
250.763149023056,1,-0.984062492847443,-0.263442814350128,0.156614124774933,-0.749157726764679,-0.213867366313934,0.59484189748764,-0.197956383228302
250.777276754379,1,-0.983993172645569,-0.263700246810913,0.156401738524437,-0.74869567155838,-0.213232055306435,0.595757722854614,-0.197635099291801
250.794139623642,1,-0.983915686607361,-0.263906210660934,0.156197711825371,-0.748238444328308,-0.212919265031815,0.596599638462067,-0.197164043784142
250.813197612762,1,-0.983884692192078,-0.263995915651321,0.156103953719139,-0.748037278652191,-0.212799608707428,0.597002804279327,-0.196835532784462
250.840439319611,1,-0.98388659954071,-0.264045208692551,0.155946120619774,-0.747769892215729,-0.212302505970001,0.597546696662903,-0.196737885475159
250.862229585648,1,-0.983916163444519,-0.264021754264832,0.155961930751801,-0.747871220111847,-0.212083980441093,0.597472786903381,-0.196812808513641
250.873194217682,1,-0.983915209770203,-0.264022916555405,0.155981063842773,-0.747965514659882,-0.211719185113907,0.597418904304504,-0.197010800242424
250.893322944641,1,-0.983867585659027,-0.264360636472702,0.155425131320953,-0.746921360492706,-0.210778772830963,0.599111914634705,-0.196839243173599
250.913891553879,1,-0.983472585678101,-0.267772227525711,0.148199170827866,-0.733314990997314,-0.199189260601997,0.620218276977539,-0.194684609770775
250.95174074173,1,-0.983391582965851,-0.269886195659637,0.144107401371002,-0.725031912326813,-0.192807048559189,0.632408499717712,-0.192908599972725
250.955798149109,1,-0.983378827571869,-0.270207792520523,0.143589898943901,-0.723763942718506,-0.192381829023361,0.63427722454071,-0.191957086324692
250.973955392838,1,-0.983388543128967,-0.270252346992493,0.143481865525246,-0.723522901535034,-0.19229345023632,0.634628474712372,-0.191793099045753
250.994082450867,1,-0.983422875404358,-0.27033257484436,0.143263578414917,-0.723215222358704,-0.191747158765793,0.635070025920868,-0.192038550972939
251.027268648148,1,-0.983441829681396,-0.27029350399971,0.143278270959854,-0.723340272903442,-0.191782057285309,0.634846448898315,-0.19227209687233
251.040699958801,1,-0.98344624042511,-0.270282506942749,0.143248751759529,-0.723463416099548,-0.191970273852348,0.634646415710449,-0.192281171679497
251.054005861282,1,-0.983419835567474,-0.270266622304916,0.143231421709061,-0.723569512367249,-0.191904559731483,0.634570717811584,-0.192197695374489
251.081216096878,1,-0.983411610126495,-0.270208060741425,0.143266871571541,-0.7237429022789,-0.191626265645027,0.634479761123657,-0.192122414708138
251.103370666504,1,-0.983415365219116,-0.270141512155533,0.143372103571892,-0.723937749862671,-0.191497206687927,0.634292185306549,-0.192136496305466
251.115866422653,1,-0.983416318893433,-0.270184099674225,0.14337095618248,-0.723959267139435,-0.191323637962341,0.634327471256256,-0.192111641168594
251.13326716423,1,-0.983426094055176,-0.270298957824707,0.143148094415665,-0.72346293926239,-0.191022038459778,0.634963929653168,-0.192179009318352
251.160581588745,1,-0.98342102766037,-0.270314544439316,0.143223360180855,-0.723541259765625,-0.191502019762993,0.634740710258484,-0.192144200205803
251.183481216431,1,-0.983422815799713,-0.270511329174042,0.142930001020432,-0.722879946231842,-0.191509082913399,0.635629713535309,-0.191686600446701
251.195466518402,1,-0.983424663543701,-0.270610272884369,0.142793476581573,-0.722587704658508,-0.191347047686577,0.636110424995422,-0.191355243325233
251.213479042053,1,-0.983430087566376,-0.270613878965378,0.142803266644478,-0.722724795341492,-0.190909340977669,0.636100232601166,-0.191308587789536
251.234448671341,1,-0.983423292636871,-0.270687103271484,0.142744988203049,-0.722830593585968,-0.189991921186447,0.636209189891815,-0.191459834575653
251.25588965416,1,-0.983415365219116,-0.270815044641495,0.142648264765739,-0.722871243953705,-0.189118921756744,0.636375606060028,-0.19161793589592
251.273528814316,1,-0.983416438102722,-0.270987391471863,0.142427280545235,-0.722585201263428,-0.188553914427757,0.636893630027771,-0.191532179713249
251.293574094772,1,-0.983416497707367,-0.271158665418625,0.142172813415527,-0.722073614597321,-0.188199236989021,0.637622833251953,-0.191384464502335
251.317097663879,1,-0.983422875404358,-0.271182656288147,0.142197981476784,-0.721993207931519,-0.18845109641552,0.637671589851379,-0.19127744436264
251.339421749115,1,-0.98344099521637,-0.271232128143311,0.142102941870689,-0.721541166305542,-0.188625305891037,0.638225376605988,-0.19096428155899
251.35447883606,1,-0.983433544635773,-0.271271169185638,0.142069518566132,-0.72131359577179,-0.189015865325928,0.638537883758545,-0.190391823649406
251.373712778091,1,-0.983427107334137,-0.27124285697937,0.142148107290268,-0.721391022205353,-0.189316898584366,0.63845431804657,-0.190079480409622
251.413498163223,1,-0.983432412147522,-0.271234095096588,0.142158985137939,-0.721500515937805,-0.189121708273888,0.638332843780518,-0.190266072750092
251.415467977524,1,-0.983436465263367,-0.271311640739441,0.142066046595573,-0.721408009529114,-0.188526183366776,0.638558685779572,-0.190450131893158
251.434087991714,1,-0.983431458473206,-0.271368950605392,0.142006367444992,-0.721346735954285,-0.188110068440437,0.6387078166008,-0.190593421459198
251.453489303589,1,-0.983436226844788,-0.271377086639404,0.14197938144207,-0.721253931522369,-0.188148856163025,0.638796985149384,-0.190607473254204
251.489078521729,1,-0.983440220355988,-0.271328747272491,0.142061293125153,-0.721306025981903,-0.18852998316288,0.638640403747559,-0.190558657050133
251.501731395721,1,-0.983438014984131,-0.271347463130951,0.142037376761436,-0.721178531646729,-0.188590124249458,0.638790726661682,-0.190477967262268
251.514141082764,1,-0.98343300819397,-0.271398901939392,0.141971066594124,-0.721000909805298,-0.188369706273079,0.639093637466431,-0.190352320671082
251.533794164658,1,-0.983434319496155,-0.271388679742813,0.142001524567604,-0.721049964427948,-0.188209295272827,0.639057695865631,-0.190445587038994
251.566544294357,1,-0.98343163728714,-0.271407067775726,0.141997441649437,-0.720929682254791,-0.188284263014793,0.639179229736328,-0.190419018268585
251.579387903214,1,-0.983436942100525,-0.271445751190186,0.141924142837524,-0.720588743686676,-0.188732653856277,0.639462113380432,-0.190315693616867
251.59388923645,1,-0.983436286449432,-0.271438270807266,0.141935735940933,-0.720515727996826,-0.189040690660477,0.63946133852005,-0.190289065241814
251.613432645798,1,-0.983431339263916,-0.271429985761642,0.141939640045166,-0.720541000366211,-0.18890193104744,0.639489889144897,-0.190235540270805
251.647606134415,1,-0.983441054821014,-0.2713962495327,0.141969725489616,-0.720665872097015,-0.188432916998863,0.639443933963776,-0.190381735563278
251.660498142242,1,-0.983428955078125,-0.271343022584915,0.142120704054832,-0.721026837825775,-0.188316732645035,0.639083743095398,-0.190339297056198
251.674089193344,1,-0.983478724956512,-0.271391600370407,0.141894921660423,-0.72048681974411,-0.188381314277649,0.639658749103546,-0.190389141440392
251.701581478119,1,-0.98350989818573,-0.271439135074615,0.141775205731392,-0.719967126846313,-0.18912960588932,0.640107154846191,-0.190105602145195
251.724391698837,1,-0.983529627323151,-0.271503329277039,0.141583532094955,-0.71934187412262,-0.189591377973557,0.640756785869598,-0.189824238419533
251.735162734985,1,-0.983508110046387,-0.271525353193283,0.141588255763054,-0.719206929206848,-0.18995888531208,0.640932500362396,-0.189374700188637
251.75435590744,1,-0.983497977256775,-0.27156987786293,0.141477137804031,-0.719005227088928,-0.189406678080559,0.641364336013794,-0.189230963587761
251.778454303741,1,-0.983493089675903,-0.271549135446548,0.14153054356575,-0.719292640686035,-0.188776925206184,0.641165316104889,-0.189442664384842
251.799830436707,1,-0.983491957187653,-0.271475672721863,0.141607508063316,-0.719675481319427,-0.188349351286888,0.640767097473145,-0.189760997891426
251.813515663147,1,-0.983488142490387,-0.271479308605194,0.141620546579361,-0.719860672950745,-0.188250049948692,0.640547454357147,-0.189898446202278
251.833241701126,1,-0.983494639396667,-0.271569818258286,0.141485601663589,-0.719545364379883,-0.18839818239212,0.640885531902313,-0.189806044101715
251.854418754578,1,-0.98348742723465,-0.271661192178726,0.141437321901321,-0.719409167766571,-0.188325375318527,0.64111065864563,-0.189634293317795
251.891819238663,1,-0.98347282409668,-0.271619588136673,0.141476571559906,-0.719500362873077,-0.187702968716621,0.641149997711182,-0.189772203564644
251.896210670471,1,-0.983459055423737,-0.271632254123688,0.141579657793045,-0.719807922840118,-0.186857029795647,0.641065895557404,-0.18972484767437
251.913555622101,1,-0.983433783054352,-0.271785199642181,0.141457945108414,-0.719631612300873,-0.186013400554657,0.641576588153839,-0.189496263861656
251.933803081512,1,-0.983439743518829,-0.271890729665756,0.141326278448105,-0.719439446926117,-0.186129942536354,0.641875565052032,-0.189098581671715
251.955454826355,1,-0.983489274978638,-0.27210459113121,0.140994757413864,-0.718701243400574,-0.185962021350861,0.642812669277191,-0.188887596130371
251.988418579102,1,-0.983490943908691,-0.272260129451752,0.140835136175156,-0.718203783035278,-0.18584518134594,0.643436372280121,-0.188771158456802
252.000842571259,1,-0.983534038066864,-0.273125648498535,0.139332473278046,-0.714690208435059,-0.183495000004768,0.648172557353973,-0.188201680779457
252.013157844543,1,-0.983568489551544,-0.273432672023773,0.138944774866104,-0.713283121585846,-0.182987824082375,0.649946451187134,-0.18791575729847
252.033534049988,1,-0.983580410480499,-0.273613601922989,0.138877168297768,-0.712451279163361,-0.182618200778961,0.650967538356781,-0.187896490097046
252.057934999466,1,-0.983607053756714,-0.273740977048874,0.138912320137024,-0.71179211139679,-0.182048588991165,0.651818037033081,-0.187998950481415
252.080935239792,1,-0.983629286289215,-0.273865282535553,0.138903692364693,-0.710911810398102,-0.181331783533096,0.653040885925293,-0.187778875231743
252.093749761581,1,-0.983619809150696,-0.273806810379028,0.13923391699791,-0.710731983184814,-0.180635169148445,0.653357028961182,-0.188030958175659
252.113230705261,1,-0.983585834503174,-0.273819923400879,0.139504969120026,-0.710502147674561,-0.179175809025764,0.653871655464172,-0.18850614130497
252.133410692215,1,-0.983553171157837,-0.273839920759201,0.139785245060921,-0.710207879543304,-0.177892923355103,0.654299914836884,-0.189342394471169
252.172168493271,1,-0.983671426773071,-0.274700134992599,0.138479813933372,-0.706527769565582,-0.174874290823936,0.65901780128479,-0.189560517668724
252.175180196762,1,-0.98377799987793,-0.275274485349655,0.137664914131165,-0.703363656997681,-0.173577219247818,0.6626997590065,-0.189682841300964
252.193675279617,1,-0.983790695667267,-0.27510866522789,0.137993738055229,-0.70212709903717,-0.17483189702034,0.663482904434204,-0.190372735261917
252.214354038239,1,-0.983815312385559,-0.27566796541214,0.137170523405075,-0.698497593402863,-0.173754066228867,0.667325496673584,-0.191278517246246
252.241540193558,1,-0.983931064605713,-0.276663094758987,0.135524824261665,-0.692719459533691,-0.171579271554947,0.673549473285675,-0.192435741424561
252.268409967422,1,-0.983973622322083,-0.276678383350372,0.13555845618248,-0.691130936145782,-0.17340449988842,0.67468398809433,-0.192537248134613
252.279390096664,1,-0.983977794647217,-0.276457756757736,0.135800436139107,-0.69116348028183,-0.174474745988846,0.674260020256042,-0.192937910556793
252.293344259262,1,-0.983938992023468,-0.276397049427032,0.136011987924576,-0.691705167293549,-0.173415377736092,0.673648059368134,-0.194086417555809
252.314128875732,1,-0.98388671875,-0.276339292526245,0.136216595768929,-0.692459464073181,-0.171950399875641,0.672964692115784,-0.195067852735519
252.335853099823,1,-0.983845114707947,-0.276207804679871,0.136457532644272,-0.69313645362854,-0.17188036441803,0.672304689884186,-0.195001527667046
252.356750965118,1,-0.983869075775146,-0.276038616895676,0.136600404977798,-0.693197965621948,-0.173367291688919,0.672160148620605,-0.193961933255196
252.374374389648,1,-0.983868718147278,-0.275888025760651,0.136759087443352,-0.693125486373901,-0.175026848912239,0.671979784965515,-0.193354591727257
252.393423080444,1,-0.983906626701355,-0.275779545307159,0.13676480948925,-0.692524790763855,-0.176879331469536,0.672303140163422,-0.192695558071136
252.431504011154,1,-0.983882427215576,-0.275544226169586,0.13699471950531,-0.692282736301422,-0.179249167442322,0.672035217285156,-0.192309632897377
252.43527173996,1,-0.983927011489868,-0.275672435760498,0.136780932545662,-0.691375494003296,-0.180136665701866,0.672893822193146,-0.191741272807121
252.453438043594,1,-0.983943164348602,-0.27572238445282,0.136693716049194,-0.691166579723358,-0.179775908589363,0.673188388347626,-0.191799163818359
252.47342133522,1,-0.983914136886597,-0.275690019130707,0.136749237775803,-0.691493928432465,-0.179000005125999,0.673051655292511,-0.19182451069355
252.507453203201,1,-0.983902215957642,-0.275672644376755,0.136787310242653,-0.691814124584198,-0.178386524319649,0.672916173934937,-0.191717058420181
252.519765615463,1,-0.98391318321228,-0.275683909654617,0.136719524860382,-0.691777944564819,-0.178128272294998,0.673087596893311,-0.191485464572906
252.533494949341,1,-0.983929455280304,-0.275761693716049,0.136604353785515,-0.691345751285553,-0.178248792886734,0.67367035150528,-0.190884158015251
252.560992717743,1,-0.983981251716614,-0.275794446468353,0.136486023664474,-0.690601468086243,-0.179248318076134,0.674386203289032,-0.190112948417664
252.587331533432,1,-0.984058976173401,-0.275838792324066,0.136298477649689,-0.689691364765167,-0.180451303720474,0.675240218639374,-0.189245358109474
252.601578950882,1,-0.984069108963013,-0.27582710981369,0.136257603764534,-0.689225971698761,-0.181299716234207,0.67563384771347,-0.188724368810654
252.613445520401,1,-0.984086096286774,-0.275819301605225,0.136251658201218,-0.689028978347778,-0.18159781396389,0.675831258296967,-0.188450023531914
252.642404317856,1,-0.984098017215729,-0.275848686695099,0.136192083358765,-0.688980519771576,-0.181394621729851,0.675941467285156,-0.18842750787735
252.665541172028,1,-0.98409903049469,-0.27594581246376,0.136056482791901,-0.688856840133667,-0.180769354104996,0.676208913326263,-0.188521146774292
252.67643404007,1,-0.984104454517365,-0.27600485086441,0.135966628789902,-0.688805162906647,-0.18035389482975,0.676292359828949,-0.188808500766754
252.695579051971,1,-0.984131932258606,-0.276022255420685,0.135893061757088,-0.688483953475952,-0.180600807070732,0.676568806171417,-0.188753440976143
252.714042425156,1,-0.984134078025818,-0.275913894176483,0.136007875204086,-0.688382744789124,-0.181556344032288,0.676487743854523,-0.188496574759483
252.747259378433,1,-0.984116077423096,-0.275797694921494,0.136176645755768,-0.688248991966248,-0.182961940765381,0.67642617225647,-0.18784573674202
252.759335041046,1,-0.984069228172302,-0.275494873523712,0.136522218585014,-0.688535869121552,-0.184851586818695,0.675745487213135,-0.187393829226494
252.773555278778,1,-0.984051287174225,-0.275448024272919,0.136623933911324,-0.688526093959808,-0.18580162525177,0.675653636455536,-0.186820060014725
252.8012611866,1,-0.98421049118042,-0.275215148925781,0.136635959148407,-0.688153445720673,-0.186923235654831,0.676018595695496,-0.185751169919968
252.822008609772,1,-0.984079360961914,-0.275500416755676,0.136508673429489,-0.688621878623962,-0.185081392526627,0.675569176673889,-0.187486231327057
252.835277795792,1,-0.984085381031036,-0.275682121515274,0.13634866476059,-0.688655316829681,-0.18414244055748,0.675705254077911,-0.187797620892525
252.853593111038,1,-0.984054028987885,-0.275385349988937,0.136709094047546,-0.689356327056885,-0.185211211442947,0.67467474937439,-0.187879756093025
252.875653743744,1,-0.98403936624527,-0.275335162878036,0.136810928583145,-0.689507782459259,-0.186151906847954,0.67439079284668,-0.18741275370121
252.902105331421,1,-0.984041154384613,-0.275298476219177,0.13683594763279,-0.689512431621552,-0.187011927366257,0.674261689186096,-0.187003612518311
252.914168834686,1,-0.984028160572052,-0.275231242179871,0.136961400508881,-0.689767599105835,-0.187524884939194,0.673907458782196,-0.186825782060623
252.933337450027,1,-0.984091997146606,-0.275105148553848,0.137024253606796,-0.689887404441833,-0.187796488404274,0.673708319664001,-0.186828553676605
252.954501390457,1,-0.984062910079956,-0.275026738643646,0.137191250920296,-0.690415501594543,-0.187619715929031,0.673128962516785,-0.187143713235855
252.979667663574,1,-0.984027981758118,-0.275004655122757,0.137268140912056,-0.690860033035278,-0.18706251680851,0.672694206237793,-0.187623605132103
252.994153738022,1,-0.984042704105377,-0.275120735168457,0.137179672718048,-0.690840721130371,-0.18661741912365,0.672945141792297,-0.187237590551376
253.013955354691,1,-0.984226286411285,-0.274549752473831,0.137570649385452,-0.691003799438477,-0.188891768455505,0.672397077083588,-0.186321839690208
253.048340320587,1,-0.983993768692017,-0.27478876709938,0.137660518288612,-0.691499173641205,-0.188397705554962,0.671881854534149,-0.186842083930969
253.059729099274,1,-0.983948528766632,-0.274799525737762,0.137726306915283,-0.691547572612762,-0.188603833317757,0.671847343444824,-0.186579257249832
253.073420763016,1,-0.984035611152649,-0.274591505527496,0.137865304946899,-0.691336035728455,-0.189408704638481,0.672157406806946,-0.185427218675613
253.094085216522,1,-0.983944416046143,-0.274974882602692,0.137630224227905,-0.691344976425171,-0.187291577458382,0.672518074512482,-0.186235263943672
253.121178865433,1,-0.983978867530823,-0.275082558393478,0.137434646487236,-0.691091418266296,-0.185917556285858,0.673035383224487,-0.186683729290962
253.143434286118,1,-0.983990013599396,-0.275163799524307,0.137294590473175,-0.690848469734192,-0.18503449857235,0.67347377538681,-0.186879023909569
253.153232336044,1,-0.984003484249115,-0.275246143341064,0.137150973081589,-0.690351486206055,-0.184543773531914,0.674071967601776,-0.187043875455856
253.173558235168,1,-0.984004437923431,-0.275245785713196,0.137168228626251,-0.689959943294525,-0.184336870908737,0.674517095088959,-0.187088191509247
253.193737983704,1,-0.983981788158417,-0.275235265493393,0.137219846248627,-0.689620733261108,-0.1839449852705,0.675021588802338,-0.186904668807983
253.219873428345,1,-0.983956396579742,-0.275255292654037,0.137307584285736,-0.689281344413757,-0.183414459228516,0.675636649131775,-0.18645541369915
253.241050481796,1,-0.983944535255432,-0.275263160467148,0.137318432331085,-0.68915581703186,-0.182574406266212,0.675962924957275,-0.18656100332737
253.254363536835,1,-0.983947396278381,-0.275318682193756,0.137247681617737,-0.68904310464859,-0.180758282542229,0.676400423049927,-0.187159478664398
253.274490118027,1,-0.983955860137939,-0.275568693876266,0.137049302458763,-0.688890159130096,-0.177469611167908,0.677103996276855,-0.188322082161903
253.293852329254,1,-0.983913660049438,-0.275548666715622,0.137177765369415,-0.689468502998352,-0.174178570508957,0.676820695400238,-0.190285935997963
253.332886219025,1,-0.983938694000244,-0.275674194097519,0.137155771255493,-0.689521014690399,-0.171293362975121,0.677117884159088,-0.19165275990963
253.336148500443,1,-0.983918845653534,-0.275584906339645,0.137316897511482,-0.689453125,-0.170381978154182,0.677214384078979,-0.192366987466812
253.353883743286,1,-0.983841121196747,-0.275177776813507,0.137800395488739,-0.689606726169586,-0.171896770596504,0.676724135875702,-0.192194387316704
253.374481678009,1,-0.983794748783112,-0.275208979845047,0.137832373380661,-0.689124524593353,-0.172204256057739,0.677319049835205,-0.191551446914673
253.39944601059,1,-0.983811020851135,-0.275233507156372,0.137790739536285,-0.688728392124176,-0.171858713030815,0.677815020084381,-0.191532224416733
253.422140359879,1,-0.983785271644592,-0.27520951628685,0.137834697961807,-0.688721477985382,-0.171350911259651,0.677861094474792,-0.191848963499069
253.433671712875,1,-0.983826160430908,-0.275195211172104,0.137807235121727,-0.688682734966278,-0.17040990293026,0.677952110767365,-0.192503094673157
253.454153299332,1,-0.983870029449463,-0.275398373603821,0.137630119919777,-0.688532590866089,-0.168067395687103,0.67845344543457,-0.193332180380821
253.47452044487,1,-0.98388147354126,-0.275498658418655,0.137565031647682,-0.688575625419617,-0.165502533316612,0.678707301616669,-0.194496989250183
253.499308824539,1,-0.98387748003006,-0.275542795658112,0.137495949864388,-0.688403606414795,-0.163770735263824,0.678982794284821,-0.195607125759125
253.512762784958,1,-0.983881711959839,-0.27563601732254,0.137354016304016,-0.687946617603302,-0.16252376139164,0.679561376571655,-0.196244597434998
253.533347606659,1,-0.983867585659027,-0.275765031576157,0.137228265404701,-0.687651813030243,-0.160705015063286,0.680014193058014,-0.197204455733299
253.553066730499,1,-0.983955562114716,-0.27630889415741,0.136581897735596,-0.686309456825256,-0.156241714954376,0.681883931159973,-0.199003353714943
253.573532104492,1,-0.983851253986359,-0.276233702898026,0.136788159608841,-0.68676221370697,-0.151491582393646,0.681386232376099,-0.202782839536667
253.59242272377,1,-0.983869612216949,-0.276264399290085,0.136581972241402,-0.686194658279419,-0.147694304585457,0.68190985918045,-0.205723702907562
253.619280099869,1,-0.983879268169403,-0.276362717151642,0.136285364627838,-0.68509715795517,-0.146058052778244,0.682925820350647,-0.207174301147461
253.633790016174,1,-0.983972787857056,-0.276431530714035,0.135976567864418,-0.683661639690399,-0.145964711904526,0.6839719414711,-0.2085270434618
253.653089046478,1,-0.984049677848816,-0.276666522026062,0.135599046945572,-0.681885719299316,-0.14643557369709,0.685402393341064,-0.209313631057739
253.68287563324,1,-0.984044313430786,-0.276751697063446,0.135499864816666,-0.68067330121994,-0.146872118115425,0.686136543750763,-0.210545048117638
253.693874120712,1,-0.984053909778595,-0.276551961898804,0.135643735527992,-0.680084407329559,-0.147835701704025,0.686067163944244,-0.211994633078575
253.713510274887,1,-0.983534812927246,-0.273095399141312,0.140459626913071,-0.690345346927643,-0.162324756383896,0.672427296638489,-0.211933046579361
253.745843410492,1,-0.983450472354889,-0.273075997829437,0.14053575694561,-0.689701974391937,-0.163964882493019,0.672606229782104,-0.212197363376617
253.752960681915,1,-0.983550667762756,-0.273693978786469,0.139647051692009,-0.687269568443298,-0.162505984306335,0.675391554832458,-0.212364554405212
253.774210691452,1,-0.983891844749451,-0.275761842727661,0.136937350034714,-0.680720329284668,-0.153967276215553,0.683777630329132,-0.212984025478363
253.799839019775,1,-0.98403525352478,-0.276640921831131,0.135803639888763,-0.678126454353333,-0.14896659553051,0.687277555465698,-0.213548883795738
253.823734045029,1,-0.984054565429688,-0.27672353386879,0.135617986321449,-0.677669107913971,-0.148865759372711,0.687952876091003,-0.212895587086678
253.834145545959,1,-0.984090924263,-0.276654481887817,0.135546460747719,-0.677204132080078,-0.15019217133522,0.688345491886139,-0.212173029780388
253.854373931885,1,-0.984086871147156,-0.276649802923203,0.135600551962852,-0.676837027072906,-0.150603577494621,0.688599526882172,-0.212228357791901
253.873262643814,1,-0.984043002128601,-0.276622086763382,0.135777413845062,-0.676736831665039,-0.150758728384972,0.688623070716858,-0.212361410260201
253.90189743042,1,-0.984013855457306,-0.276587754487991,0.135913088917732,-0.67674195766449,-0.150820791721344,0.688602924346924,-0.212366312742233
253.91539978981,1,-0.984012424945831,-0.27658474445343,0.135939106345177,-0.676878333091736,-0.150416165590286,0.688558995723724,-0.212361142039299
253.933540344238,1,-0.983990848064423,-0.276447623968124,0.136047869920731,-0.677462339401245,-0.149634554982185,0.687933385372162,-0.21307747066021
253.958357810974,1,-0.983934164047241,-0.276368111371994,0.136140510439873,-0.677944600582123,-0.148699164390564,0.6874920129776,-0.213622063398361
253.987404346466,1,-0.983590722084045,-0.273947536945343,0.139316022396088,-0.685735642910004,-0.155613929033279,0.677913904190063,-0.214438140392303
253.998065948486,1,-0.983855128288269,-0.275399804115295,0.137181505560875,-0.680455446243286,-0.150145962834358,0.684433043003082,-0.214448541402817
254.013406276703,1,-0.98400604724884,-0.27639102935791,0.135929644107819,-0.677132308483124,-0.146256878972054,0.688406825065613,-0.214934602379799
254.033543109894,1,-0.983839809894562,-0.276240974664688,0.135892927646637,-0.678597927093506,-0.142563328146935,0.686847507953644,-0.21776407957077
254.058987140656,1,-0.983748853206635,-0.276109755039215,0.136243432760239,-0.679570317268372,-0.141957491636276,0.685895681381226,-0.218127205967903
254.081971406937,1,-0.983559608459473,-0.275902450084686,0.136821150779724,-0.680589735507965,-0.143150269985199,0.685097396373749,-0.216673016548157
254.094320774078,1,-0.983490228652954,-0.276068300008774,0.137201026082039,-0.680794477462769,-0.144089058041573,0.685289144515991,-0.214792981743813
254.113781929016,1,-0.983299612998962,-0.274261772632599,0.138944208621979,-0.685295701026917,-0.151620715856552,0.679140329360962,-0.214823991060257
254.133781194687,1,-0.983589649200439,-0.273755252361298,0.138835042715073,-0.685205817222595,-0.153760239481926,0.678301811218262,-0.216234669089317
254.175223350525,1,-0.983919203281403,-0.276218086481094,0.136321112513542,-0.678688287734985,-0.146581724286079,0.686569631099701,-0.215680658817291
254.180363893509,1,-0.983297407627106,-0.277116417884827,0.136219725012779,-0.678587794303894,-0.143015533685684,0.687534809112549,-0.215316280722618
254.19417309761,1,-0.982913255691528,-0.275124311447144,0.138312861323357,-0.684761822223663,-0.148719042539597,0.680031180381775,-0.215735077857971
254.214388370514,1,-0.982956290245056,-0.273142248392105,0.140683114528656,-0.690075099468231,-0.155068665742874,0.672938227653503,-0.216574162244797
254.245203971863,1,-0.983496069908142,-0.27509543299675,0.137593150138855,-0.681467533111572,-0.151037812232971,0.682953834533691,-0.215322479605675
254.269275426865,1,-0.983461380004883,-0.275917381048203,0.136662095785141,-0.676972806453705,-0.152185082435608,0.687472939491272,-0.214309632778168
254.275763273239,1,-0.983161926269531,-0.275360375642776,0.137332201004028,-0.675958216190338,-0.158099249005318,0.687457740306854,-0.213276758790016
254.294539928436,1,-0.98351514339447,-0.274940222501755,0.137360751628876,-0.67333972454071,-0.162678003311157,0.688484609127045,-0.214798673987389
254.314207792282,1,-0.983559489250183,-0.274165093898773,0.137907832860947,-0.67253965139389,-0.167340695858002,0.687534034252167,-0.216759264469147
254.341356039047,1,-0.982906579971313,-0.273476958274841,0.1391431838274,-0.674323916435242,-0.171731635928154,0.684716999530792,-0.216698318719864
254.366411924362,1,-0.98273640871048,-0.272990107536316,0.139640599489212,-0.674432694911957,-0.174788787961006,0.683636486530304,-0.217325985431671
254.379397630692,1,-0.983088970184326,-0.272437185049057,0.139644086360931,-0.673111736774445,-0.177238374948502,0.683560490608215,-0.219663918018341
254.393304824829,1,-0.982547700405121,-0.272009968757629,0.140767335891724,-0.67495983839035,-0.178992122411728,0.681468307971954,-0.219070866703987
254.414137125015,1,-0.982008516788483,-0.272040009498596,0.141050785779953,-0.67603474855423,-0.178981021046638,0.680636286735535,-0.218351051211357
254.45018529892,1,-0.982576370239258,-0.272702068090439,0.139938428997993,-0.674058079719543,-0.175347983837128,0.683219313621521,-0.219340607523918
254.455685138702,1,-0.983188986778259,-0.272925138473511,0.139490932226181,-0.674215257167816,-0.172652795910835,0.68328982591629,-0.220771014690399
254.473394632339,1,-0.983033180236816,-0.272977828979492,0.139678940176964,-0.676080942153931,-0.170876145362854,0.682060480117798,-0.220248728990555
254.501202821732,1,-0.982778251171112,-0.27308377623558,0.139559358358383,-0.677415788173676,-0.168212831020355,0.681363701820374,-0.220353797078133
254.526479721069,1,-0.982799351215363,-0.27303022146225,0.139896482229233,-0.679169654846191,-0.164368391036987,0.680068612098694,-0.221852272748947
254.535903453827,1,-0.982640564441681,-0.27301287651062,0.140181928873062,-0.68104213476181,-0.161095544695854,0.678694427013397,-0.222718894481659
254.553990364075,1,-0.982584536075592,-0.273278594017029,0.139845430850983,-0.681145846843719,-0.159249618649483,0.678990840911865,-0.222825884819031
254.581134080887,1,-0.982432067394257,-0.273844420909882,0.139448419213295,-0.680873394012451,-0.157925859093666,0.679917454719543,-0.221772730350494
254.605440378189,1,-0.982402980327606,-0.274262398481369,0.139018461108208,-0.680667698383331,-0.155108362436295,0.680737018585205,-0.22187864780426
254.61722612381,1,-0.982520580291748,-0.273917138576508,0.139441803097725,-0.682309031486511,-0.152618661522865,0.679333090782166,-0.222864255309105
254.634157657623,1,-0.982326686382294,-0.273093461990356,0.140370011329651,-0.685096740722656,-0.152333870530128,0.676236808300018,-0.223921105265617
254.654126644135,1,-0.982284367084503,-0.271790146827698,0.141319066286087,-0.687199711799622,-0.155003160238266,0.672815263271332,-0.225943043828011
254.685053825378,1,-0.98250287771225,-0.271225422620773,0.141595050692558,-0.686795294284821,-0.157396897673607,0.672331273555756,-0.226956456899643
254.700268268585,1,-0.982630789279938,-0.271441161632538,0.141299769282341,-0.684913218021393,-0.158100634813309,0.674201190471649,-0.226607218384743
254.713916063309,1,-0.982665300369263,-0.272533595561981,0.140095263719559,-0.68094402551651,-0.158022522926331,0.679155945777893,-0.223811030387878
254.741250038147,1,-0.982260584831238,-0.273308634757996,0.139726296067238,-0.679476201534271,-0.158011987805367,0.681283235549927,-0.221805050969124
254.768382787704,1,-0.982132196426392,-0.273994922637939,0.139125525951385,-0.677470684051514,-0.156915009021759,0.683838605880737,-0.220852911472321
254.778372764587,1,-0.982151627540588,-0.273570328950882,0.139666855335236,-0.67837381362915,-0.156853795051575,0.682714641094208,-0.221600025892258
254.794055938721,1,-0.982144594192505,-0.272875815629959,0.140610828995705,-0.680551886558533,-0.156888961791992,0.680119276046753,-0.222873941063881
254.813882112503,1,-0.981856405735016,-0.271755635738373,0.141604155302048,-0.683489263057709,-0.157850861549377,0.676267683506012,-0.224916860461235
254.833599090576,1,-0.981582999229431,-0.27023383975029,0.143230631947517,-0.68794459104538,-0.160808235406876,0.670448124408722,-0.226654499769211
254.855232000351,1,-0.981846928596497,-0.269039362668991,0.144688934087753,-0.69113290309906,-0.163193047046661,0.666124999523163,-0.227993249893188
254.873952627182,1,-0.981974303722382,-0.26848292350769,0.145343407988548,-0.693084955215454,-0.163430690765381,0.663657546043396,-0.229090169072151
254.894091129303,1,-0.981823921203613,-0.268596649169922,0.145048454403877,-0.693619132041931,-0.162154346704483,0.663414835929871,-0.229083701968193
254.927180767059,1,-0.98150634765625,-0.26946896314621,0.144296661019325,-0.692984044551849,-0.160501554608345,0.665233731269836,-0.226884245872498
254.939502239227,1,-0.981557250022888,-0.270561009645462,0.143112823367119,-0.690982222557068,-0.157792195677757,0.668542683124542,-0.225157544016838
254.954574108124,1,-0.981740832328796,-0.271219909191132,0.141974449157715,-0.689695537090302,-0.155079647898674,0.670909106731415,-0.223945081233978
254.976225852966,1,-0.981692612171173,-0.271705538034439,0.142035931348801,-0.691963255405426,-0.150207281112671,0.669743537902832,-0.223759636282921
255.009196996689,1,-0.981362819671631,-0.271363586187363,0.142812043428421,-0.695918262004852,-0.146594986319542,0.666084945201874,-0.224807798862457
255.020931243896,1,-0.981524467468262,-0.271620988845825,0.142058134078979,-0.695205807685852,-0.143391937017441,0.667456686496735,-0.225009337067604
255.03519821167,1,-0.981637477874756,-0.271640956401825,0.141837432980537,-0.695390641689301,-0.142408311367035,0.667564809322357,-0.224742233753204
255.053828954697,1,-0.981299996376038,-0.271930277347565,0.142071634531021,-0.696210205554962,-0.141324251890182,0.667255580425262,-0.223805248737335
255.083818435669,1,-0.981160283088684,-0.271589905023575,0.142213717103004,-0.696124196052551,-0.143106773495674,0.667127013206482,-0.22332289814949
255.097624540329,1,-0.981228828430176,-0.27156263589859,0.142457365989685,-0.695911467075348,-0.144231855869293,0.66737312078476,-0.222525402903557
255.113879680634,1,-0.981260895729065,-0.271285533905029,0.142783477902412,-0.696879923343658,-0.143455117940903,0.666289985179901,-0.223241537809372
255.13752746582,1,-0.98123562335968,-0.271211713552475,0.142856538295746,-0.697611272335052,-0.141569525003433,0.665825426578522,-0.223546862602234
255.163147211075,1,-0.981199622154236,-0.270676791667938,0.143722429871559,-0.700406312942505,-0.140918612480164,0.662749707698822,-0.224356383085251
255.176179409027,1,-0.981118381023407,-0.270002692937851,0.144434198737144,-0.703509390354156,-0.138991892337799,0.659277856349945,-0.226072013378143
255.194009304047,1,-0.980970561504364,-0.269436419010162,0.145085871219635,-0.705938100814819,-0.137792184948921,0.656700015068054,-0.22673724591732
255.216811418533,1,-0.980721712112427,-0.268885135650635,0.146208137273788,-0.708511590957642,-0.138253971934319,0.653935968875885,-0.226417943835258
255.241201162338,1,-0.98078578710556,-0.268759727478027,0.146247893571854,-0.708305478096008,-0.139039292931557,0.654145777225494,-0.225975066423416
255.258186101913,1,-0.980928301811218,-0.268805265426636,0.145942211151123,-0.707304775714874,-0.139937415719032,0.65518319606781,-0.225549280643463
255.27429318428,1,-0.980758488178253,-0.268673747777939,0.146089941263199,-0.70792680978775,-0.139782771468163,0.654447913169861,-0.225828066468239
255.294393539429,1,-0.980584859848022,-0.268857508897781,0.146177843213081,-0.708635270595551,-0.137962266802788,0.65390557050705,-0.226296365261078
255.329235076904,1,-0.980691134929657,-0.268632292747498,0.146116107702255,-0.709106743335724,-0.137664273381233,0.653304755687714,-0.226735532283783
255.338074207306,1,-0.980716466903687,-0.268629521131516,0.145930543541908,-0.709271430969238,-0.136323258280754,0.653281629085541,-0.227097272872925
255.35364484787,1,-0.980632305145264,-0.268620520830154,0.146104633808136,-0.709870338439941,-0.135970398783684,0.652636170387268,-0.227293536067009
255.374286174774,1,-0.980507731437683,-0.268583595752716,0.146467193961143,-0.710069715976715,-0.138961911201477,0.652376413345337,-0.225600570440292
255.402709007263,1,-0.980599164962769,-0.268744677305222,0.145774886012077,-0.70806497335434,-0.140858188271523,0.654603123664856,-0.224271565675735
255.42840719223,1,-0.98041969537735,-0.268898069858551,0.146292448043823,-0.708956480026245,-0.141705021262169,0.653694570064545,-0.223570600152016
255.441267251968,1,-0.980561435222626,-0.268708616495132,0.146200343966484,-0.708459734916687,-0.143376663327217,0.653661668300629,-0.224175155162811
255.453835010529,1,-0.980540931224823,-0.268749088048935,0.14595490694046,-0.707717478275299,-0.144138172268867,0.654225885868073,-0.224385410547256
255.473958492279,1,-0.980427205562592,-0.268818557262421,0.145963728427887,-0.707931101322174,-0.144498199224472,0.654146790504456,-0.223709136247635
255.494265317917,1,-0.980368852615356,-0.268960028886795,0.145996257662773,-0.708612680435181,-0.143637582659721,0.653789460659027,-0.223149448633194
255.517322301865,1,-0.980350852012634,-0.269119143486023,0.145728677511215,-0.709099113941193,-0.141459748148918,0.65349680185318,-0.223851963877678
255.534154891968,1,-0.980345010757446,-0.269361734390259,0.145433947443962,-0.708543598651886,-0.141750007867813,0.654195785522461,-0.223384886980057
255.553939819336,1,-0.980334639549255,-0.269780188798904,0.145079001784325,-0.7074094414711,-0.142933294177055,0.655595541000366,-0.222118139266968
255.57376909256,1,-0.980426490306854,-0.270037710666656,0.144511491060257,-0.705885648727417,-0.143816441297531,0.65725564956665,-0.22148922085762
255.608202457428,1,-0.980367839336395,-0.269885182380676,0.144079625606537,-0.705037474632263,-0.144367590546608,0.65788733959198,-0.221955791115761
255.620133638382,1,-0.980182409286499,-0.269721180200577,0.145216912031174,-0.707784950733185,-0.144430175423622,0.655078589916229,-0.221477955579758
255.633441925049,1,-0.980292141437531,-0.269664436578751,0.145067423582077,-0.707740426063538,-0.143717601895332,0.655224680900574,-0.22165147960186
255.654345035553,1,-0.980502128601074,-0.269444614648819,0.14443351328373,-0.706486403942108,-0.143552169203758,0.656306207180023,-0.22255776822567
255.679765701294,1,-0.980335652828217,-0.26951402425766,0.145092278718948,-0.707933962345123,-0.143353685736656,0.655023753643036,-0.221863120794296
255.704303503036,1,-0.980247139930725,-0.269272744655609,0.145559519529343,-0.708649158477783,-0.144201904535294,0.653969824314117,-0.222139194607735
255.717014312744,1,-0.980361342430115,-0.269182413816452,0.145389169454575,-0.708023130893707,-0.144333720207214,0.654356956481934,-0.222908139228821
255.73367357254,1,-0.98038524389267,-0.269354790449142,0.14507731795311,-0.70738810300827,-0.144085988402367,0.655225157737732,-0.222533851861954
255.753666877747,1,-0.980191051959991,-0.269651085138321,0.145076736807823,-0.707791209220886,-0.142876222729683,0.655484557151794,-0.221264570951462
255.775103330612,1,-0.980135083198547,-0.269778877496719,0.145273998379707,-0.70856499671936,-0.141445100307465,0.655151784420013,-0.220692425966263
255.796798467636,1,-0.980123221874237,-0.270111799240112,0.144770547747612,-0.707696974277496,-0.139698073267937,0.65657240152359,-0.220368206501007
255.813396453857,1,-0.979996383190155,-0.270233452320099,0.145100310444832,-0.708213269710541,-0.139048263430595,0.656076192855835,-0.220598146319389
255.833335638046,1,-0.979951918125153,-0.270125985145569,0.145071804523468,-0.707803070545197,-0.13991516828537,0.656309306621552,-0.220673173666
255.857268571854,1,-0.980062127113342,-0.269811719655991,0.144673138856888,-0.706447720527649,-0.140532955527306,0.65726363658905,-0.221780806779861
255.889048814774,1,-0.980059385299683,-0.269525736570358,0.144924819469452,-0.706598699092865,-0.141252622008324,0.657041192054749,-0.22150157392025
255.894221782684,1,-0.980007231235504,-0.269661724567413,0.145223781466484,-0.707201600074768,-0.139902144670486,0.657006919384003,-0.220534026622772
255.913538455963,1,-0.980151176452637,-0.270173579454422,0.143954321742058,-0.704577267169952,-0.137674793601036,0.660529255867004,-0.2198126912117
255.933996677399,1,-0.980197787284851,-0.270251482725143,0.143993079662323,-0.704426825046539,-0.138479083776474,0.660659551620483,-0.219397664070129
255.965088129044,1,-0.9801145195961,-0.269805699586868,0.14514397084713,-0.706598699092865,-0.140293017029762,0.6576988697052,-0.220155671238899
255.978905677795,1,-0.980014860630035,-0.269776612520218,0.145232170820236,-0.706601023674011,-0.140836030244827,0.657459914684296,-0.220514699816704
255.993408679962,1,-0.979959845542908,-0.270147085189819,0.144507110118866,-0.705006122589111,-0.140388384461403,0.659538447856903,-0.219696715474129
256.019809484482,1,-0.979922235012054,-0.269891887903214,0.14466618001461,-0.705526888370514,-0.140742599964142,0.658894717693329,-0.219729512929916
256.04140663147,1,-0.97997784614563,-0.269438177347183,0.144815489649773,-0.706114828586578,-0.141517624258995,0.65793764591217,-0.220210805535316
256.055429935455,1,-0.980100393295288,-0.269297868013382,0.144883289933205,-0.706375420093536,-0.1417156457901,0.657601952552795,-0.220250070095062
256.074531316757,1,-0.980120778083801,-0.269429594278336,0.145192429423332,-0.707316756248474,-0.140627980232239,0.656816363334656,-0.220270693302155
256.097525596619,1,-0.98000293970108,-0.269615054130554,0.145497113466263,-0.708341181278229,-0.139418318867683,0.655981063842773,-0.220236510038376
256.121130228043,1,-0.979784488677979,-0.269836038351059,0.145422786474228,-0.708390414714813,-0.138798981904984,0.656425058841705,-0.219143941998482
256.135253190994,1,-0.979786336421967,-0.26951989531517,0.145271062850952,-0.70780736207962,-0.140088021755219,0.656554758548737,-0.219818025827408
256.153258323669,1,-0.979953289031982,-0.269342392683029,0.144816279411316,-0.706591308116913,-0.141753122210503,0.657408118247986,-0.220112189650536
256.174056768417,1,-0.97998058795929,-0.269151329994202,0.145040094852448,-0.707118034362793,-0.142750471830368,0.656681478023529,-0.219945356249809
256.196172952652,1,-0.980042159557343,-0.269202709197998,0.145318984985352,-0.707881569862366,-0.143411889672279,0.655980288982391,-0.219149872660637
256.213958501816,1,-0.980032682418823,-0.269241452217102,0.145697295665741,-0.708972275257111,-0.143620476126671,0.65472549200058,-0.219239875674248
256.233777999878,1,-0.979907631874084,-0.269375592470169,0.145642727613449,-0.709136366844177,-0.143522158265114,0.654649317264557,-0.219001054763794
256.271841049194,1,-0.979754090309143,-0.269612431526184,0.145532205700874,-0.708985507488251,-0.143490925431252,0.65498822927475,-0.218495637178421
256.275228977203,1,-0.979801595211029,-0.269505649805069,0.145315572619438,-0.707965552806854,-0.14513324201107,0.655800938606262,-0.21828031539917
256.29346370697,1,-0.979868829250336,-0.268878161907196,0.145443201065063,-0.707490086555481,-0.147480487823486,0.655483961105347,-0.219198882579803
256.313610076904,1,-0.97999233007431,-0.269398093223572,0.144720628857613,-0.705470561981201,-0.147313788533211,0.658131778240204,-0.217881813645363
256.347327470779,1,-0.97999370098114,-0.269418150186539,0.144900932908058,-0.705133318901062,-0.148892655968666,0.658444166183472,-0.216954916715622
256.360402584076,1,-0.980006575584412,-0.269259065389633,0.144911706447601,-0.704378247261047,-0.150827452540398,0.658815801143646,-0.216942891478539
256.375232934952,1,-0.97996312379837,-0.269335687160492,0.145362094044685,-0.70517361164093,-0.150853037834167,0.657962024211884,-0.216932132840157
256.393620967865,1,-0.97981983423233,-0.26909351348877,0.145966067910194,-0.707170248031616,-0.150279313325882,0.655879616737366,-0.217136964201927
256.430384874344,1,-0.979730129241943,-0.269735753536224,0.145053163170815,-0.706094682216644,-0.146306931972504,0.657884001731873,-0.217286378145218
256.44092464447,1,-0.97966605424881,-0.269198328256607,0.145684599876404,-0.708112001419067,-0.146601229906082,0.655461966991425,-0.217841938138008
256.453995943069,1,-0.979689836502075,-0.269066005945206,0.145542353391647,-0.707863450050354,-0.147211387753487,0.655795216560364,-0.217234760522842
256.476957321167,1,-0.979783356189728,-0.269136697053909,0.144886463880539,-0.706047177314758,-0.146825641393661,0.657760381698608,-0.217465072870255
256.504406690598,1,-0.979861497879028,-0.268886983394623,0.145226672291756,-0.706585466861725,-0.147752568125725,0.656907558441162,-0.217666327953339
256.515347719193,1,-0.979936599731445,-0.268681287765503,0.145760148763657,-0.707966089248657,-0.148645743727684,0.655263841152191,-0.21752655506134
256.533312559128,1,-0.979828000068665,-0.269096285104752,0.145397946238518,-0.707387685775757,-0.146995857357979,0.65650737285614,-0.216778725385666
256.55340719223,1,-0.979761779308319,-0.268725991249084,0.146150574088097,-0.709409177303314,-0.147088468074799,0.654092371463776,-0.217409208416939
256.574061870575,1,-0.979725956916809,-0.26882416009903,0.14618681371212,-0.709588646888733,-0.146741479635239,0.654021382331848,-0.217271506786346
256.598132371902,1,-0.979641258716583,-0.269464910030365,0.145187392830849,-0.707280278205872,-0.145476430654526,0.657111763954163,-0.216322287917137
256.613635778427,1,-0.979500889778137,-0.269596427679062,0.14507982134819,-0.7071333527565,-0.145253479480743,0.657494425773621,-0.215789407491684
256.634047031403,1,-0.979573369026184,-0.269326120615005,0.145087242126465,-0.707363188266754,-0.145260810852051,0.656918048858643,-0.216783910989761
256.654145240784,1,-0.979763627052307,-0.269181340932846,0.144762128591537,-0.706459879875183,-0.145893722772598,0.657562971115112,-0.217348635196686
256.674241304398,1,-0.979839086532593,-0.26894536614418,0.144764646887779,-0.706007957458496,-0.147108837962151,0.65767103433609,-0.217670738697052
256.693486690521,1,-0.979718208312988,-0.269209802150726,0.145039409399033,-0.706824004650116,-0.147118166089058,0.657198309898376,-0.21644039452076
256.714837312698,1,-0.979714572429657,-0.269010215997696,0.145677000284195,-0.708867430686951,-0.147673115134239,0.654947400093079,-0.216202527284622
256.733834028244,1,-0.979756951332092,-0.269332438707352,0.145327046513557,-0.708544969558716,-0.14609631896019,0.655606389045715,-0.21633380651474
256.767517089844,1,-0.97968065738678,-0.269540369510651,0.144732236862183,-0.707460105419159,-0.144975677132607,0.656986355781555,-0.216451436281204
256.778532743454,1,-0.979358315467834,-0.269955188035965,0.145150378346443,-0.708191573619843,-0.144642233848572,0.656766831874847,-0.214943677186966
256.794183015823,1,-0.97943788766861,-0.270109683275223,0.144637152552605,-0.706550657749176,-0.145621210336685,0.658523440361023,-0.214307010173798
256.813478946686,1,-0.979609251022339,-0.269757360219955,0.144248053431511,-0.704977512359619,-0.147650867700577,0.659579515457153,-0.21485099196434
256.83819437027,1,-0.979511559009552,-0.269261747598648,0.144808873534203,-0.705822110176086,-0.149517938494682,0.65818840265274,-0.215052738785744
256.864607572556,1,-0.979538381099701,-0.269324094057083,0.144608050584793,-0.70551073551178,-0.149315431714058,0.658758699893951,-0.214468017220497
256.875892162323,1,-0.979690551757812,-0.269515752792358,0.144087493419647,-0.704706430435181,-0.147339254617691,0.65975946187973,-0.215401038527489
256.893402576447,1,-0.979718089103699,-0.269652545452118,0.144480437040329,-0.705629646778107,-0.147201687097549,0.658916175365448,-0.215053617954254
256.914550304413,1,-0.979587435722351,-0.269615024328232,0.144918963313103,-0.70647269487381,-0.148081630468369,0.658064544200897,-0.21428781747818
256.952296972275,1,-0.979537308216095,-0.26933878660202,0.144961267709732,-0.706336081027985,-0.149290174245834,0.657793343067169,-0.21473191678524
256.954744577408,1,-0.979425311088562,-0.269513934850693,0.144964873790741,-0.706321835517883,-0.149256974458694,0.657863438129425,-0.214586988091469
256.973903417587,1,-0.979214131832123,-0.269930988550186,0.144861429929733,-0.705977737903595,-0.149041175842285,0.658802330493927,-0.212983131408691
256.993842124939,1,-0.97925877571106,-0.269674777984619,0.144664987921715,-0.705404758453369,-0.149644523859024,0.659159064292908,-0.213354051113129
257.019959926605,1,-0.979461371898651,-0.269310086965561,0.144417807459831,-0.704895615577698,-0.150141254067421,0.659205913543701,-0.214539766311646
257.049542188644,1,-0.979469299316406,-0.269216865301132,0.144571393728256,-0.705303251743317,-0.151068836450577,0.658634841442108,-0.214303091168404
257.061393022537,1,-0.97934889793396,-0.269435197114944,0.144634664058685,-0.705556213855743,-0.150451719760895,0.65859717130661,-0.214019954204559
257.073482275009,1,-0.979378163814545,-0.269447207450867,0.144845515489578,-0.705979228019714,-0.149626493453979,0.658163547515869,-0.214536711573601
257.092820167542,1,-0.979437947273254,-0.268958896398544,0.145217478275299,-0.706780731678009,-0.150217473506927,0.656919181346893,-0.215297237038612
257.114864349365,1,-0.97928786277771,-0.268915772438049,0.145611420273781,-0.707874596118927,-0.150022983551025,0.655693113803864,-0.215576454997063
257.141325712204,1,-0.97912722826004,-0.26913857460022,0.145600825548172,-0.708200395107269,-0.149752780795097,0.655447602272034,-0.215441092848778
257.154188394547,1,-0.979138076305389,-0.26959165930748,0.144928440451622,-0.706967115402222,-0.149156823754311,0.657045245170593,-0.215038046240807
257.173796653748,1,-0.979126989841461,-0.269615828990936,0.144720017910004,-0.706168591976166,-0.150067195296288,0.657785713672638,-0.214764565229416
257.194049119949,1,-0.979135870933533,-0.268692404031754,0.145533338189125,-0.706944406032562,-0.153263315558434,0.655702590942383,-0.216319352388382
257.230132818222,1,-0.979142844676971,-0.268335044384003,0.145779669284821,-0.706447243690491,-0.155345097184181,0.655626058578491,-0.216690301895142
257.238743305206,1,-0.979259610176086,-0.268617868423462,0.145051270723343,-0.704406440258026,-0.15584659576416,0.657950162887573,-0.215928316116333
257.253831624985,1,-0.979322969913483,-0.269262462854385,0.144232004880905,-0.702829420566559,-0.153869897127151,0.660322546958923,-0.215241998434067
257.280258655548,1,-0.979047119617462,-0.268679112195969,0.14569029211998,-0.707258522510529,-0.152907073497772,0.655564486980438,-0.215963125228882
257.30911231041,1,-0.979033589363098,-0.268723398447037,0.145621210336685,-0.708432197570801,-0.149618193507195,0.654690504074097,-0.217068165540695
257.321328639984,1,-0.979137599468231,-0.26838093996048,0.145750388503075,-0.708869457244873,-0.149294778704643,0.653975367546082,-0.218017250299454
257.334228754044,1,-0.979057610034943,-0.268227130174637,0.146183967590332,-0.709371626377106,-0.15021151304245,0.653211832046509,-0.218042880296707
257.362144231796,1,-0.978947162628174,-0.268135458230972,0.146321102976799,-0.709374487400055,-0.151262894272804,0.653038859367371,-0.217824876308441
257.384985685349,1,-0.978945076465607,-0.268356055021286,0.145791262388229,-0.708165645599365,-0.150903806090355,0.654427230358124,-0.217840790748596
257.398163318634,1,-0.978937923908234,-0.26832902431488,0.145807608962059,-0.708581209182739,-0.149311855435371,0.654079020023346,-0.218630626797676
257.414288282394,1,-0.978851199150085,-0.268206626176834,0.146103382110596,-0.709724843502045,-0.148269131779671,0.653139114379883,-0.218440517783165
257.440880775452,1,-0.978825569152832,-0.268192946910858,0.145990207791328,-0.70989853143692,-0.147447660565376,0.653070867061615,-0.218636155128479
257.464122533798,1,-0.978627383708954,-0.268412351608276,0.145741552114487,-0.709864556789398,-0.145652487874031,0.653243839740753,-0.219431340694427
257.476472854614,1,-0.978247761726379,-0.267935633659363,0.146736294031143,-0.71152138710022,-0.148333609104156,0.650766372680664,-0.21963070333004
257.493956327438,1,-0.979003071784973,-0.266986131668091,0.147214874625206,-0.710891306400299,-0.15480825304985,0.649742722511292,-0.220232486724854
257.517409324646,1,-0.9794060587883,-0.266814023256302,0.14660881459713,-0.708473861217499,-0.156650647521019,0.651844084262848,-0.220510125160217
257.539415836334,1,-0.978646337985992,-0.267045706510544,0.146909445524216,-0.709411203861237,-0.155231714248657,0.651620984077454,-0.219155415892601
257.554382562637,1,-0.978153705596924,-0.267141491174698,0.147820755839348,-0.711782336235046,-0.154450967907906,0.649678766727448,-0.2177804261446
257.57420539856,1,-0.978669941425323,-0.267076998949051,0.146537244319916,-0.709287822246552,-0.152832105755806,0.651768743991852,-0.220795840024948
257.594437837601,1,-0.978835761547089,-0.26757949590683,0.145994961261749,-0.708265721797943,-0.151882141828537,0.653123378753662,-0.220729187130928
257.625062227249,1,-0.978196918964386,-0.268467277288437,0.146538749337196,-0.710238873958588,-0.149813801050186,0.652262568473816,-0.218334883451462
257.634359836578,1,-0.978056490421295,-0.268673300743103,0.145928338170052,-0.709475934505463,-0.148872882127762,0.653188526630402,-0.218690663576126
257.654545783997,1,-0.978409767150879,-0.267608195543289,0.145704463124275,-0.708753407001495,-0.152142316102982,0.652269244194031,-0.221509039402008
257.674363851547,1,-0.978519141674042,-0.266771644353867,0.14650996029377,-0.709997713565826,-0.154995709657669,0.649612545967102,-0.223345562815666
257.694231033325,1,-0.978409886360168,-0.266490876674652,0.146937370300293,-0.709835231304169,-0.157432377338409,0.649253487586975,-0.223201408982277
257.732505321503,1,-0.977617263793945,-0.267376065254211,0.145305007696152,-0.70577484369278,-0.155385464429855,0.654570937156677,-0.22197799384594
257.736096143723,1,-0.976002871990204,-0.266712307929993,0.144878253340721,-0.703823089599609,-0.158705681562424,0.656010270118713,-0.221576407551765
257.75448012352,1,-0.973047316074371,-0.265618354082108,0.144890174269676,-0.703490853309631,-0.159082695841789,0.65592348575592,-0.222615912556648
257.781214237213,1,-0.970255136489868,-0.264573156833649,0.145731821656227,-0.705640971660614,-0.156663283705711,0.653602063655853,-0.224347472190857
257.803453683853,1,-0.97042715549469,-0.264370322227478,0.145331859588623,-0.70389050245285,-0.155479863286018,0.655267655849457,-0.225806340575218
257.819896697998,1,-0.971404910087585,-0.264890253543854,0.143716529011726,-0.698553144931793,-0.157358705997467,0.661405503749847,-0.223169252276421
