timestamp,rb_id,pos_x,pos_y,pos_z,quat_x,quat_y,quat_z,quat_w
3.21400451660156,1,-0.477571934461594,-0.511678576469421,0.138292700052261,0.191547945141792,0.30957043170929,-0.773297190666199,0.519121468067169
3.2277512550354,1,-0.478014677762985,-0.510885536670685,0.135070651769638,0.188665419816971,0.306723028421402,-0.775849163532257,0.5180584192276
3.2479510307312,1,-0.478352069854736,-0.509612083435059,0.132815554738045,0.186114683747292,0.306339830160141,-0.77887350320816,0.514658510684967
3.26891851425171,1,-0.478365033864975,-0.508388340473175,0.131537303328514,0.183657601475716,0.30636265873909,-0.781125843524933,0.512107729911804
3.28866910934448,1,-0.47795557975769,-0.507167160511017,0.13104310631752,0.182278677821159,0.306491017341614,-0.783006906509399,0.50964492559433
3.30899333953857,1,-0.477191746234894,-0.50641804933548,0.131039127707481,0.180931448936462,0.304703801870346,-0.785042703151703,0.508062303066254
3.3314950466156,1,-0.476420074701309,-0.50531405210495,0.131487295031548,0.180723026394844,0.30427947640419,-0.786678850650787,0.505855441093445
3.34910321235657,1,-0.475427210330963,-0.506301939487457,0.131146997213364,0.177125290036201,0.296236515045166,-0.788944065570831,0.508367836475372
3.36765146255493,1,-0.47505459189415,-0.504202902317047,0.131800502538681,0.180045455694199,0.298695415258408,-0.788324296474457,0.50686252117157
3.39185547828674,1,-0.474427372217178,-0.504680931568146,0.131731748580933,0.17786268889904,0.292726665735245,-0.789594352245331,0.509133398532867
3.40898036956787,1,-0.473582744598389,-0.50477147102356,0.131938844919205,0.177774831652641,0.288282632827759,-0.789608538150787,0.511671364307404
3.42948150634766,1,-0.473136991262436,-0.504959523677826,0.131980717182159,0.177799224853516,0.284850269556046,-0.789671361446381,0.513485133647919
3.45908451080322,1,-0.473031967878342,-0.504069089889526,0.132456973195076,0.179460525512695,0.285467684268951,-0.788650274276733,0.514133274555206
3.46859765052795,1,-0.473319113254547,-0.502583980560303,0.133151084184647,0.181927934288979,0.289456605911255,-0.787257134914398,0.513169765472412
3.48991942405701,1,-0.473899006843567,-0.502202093601227,0.133400395512581,0.181446567177773,0.29095858335495,-0.786592721939087,0.513509750366211
3.52558636665344,1,-0.474794536828995,-0.502657830715179,0.133215501904488,0.178521111607552,0.291040003299713,-0.786919593811035,0.513987898826599
3.52897047996521,1,-0.475826352834702,-0.502750635147095,0.133016407489777,0.175668463110924,0.29237025976181,-0.786516845226288,0.51483142375946
3.54953336715698,1,-0.476709842681885,-0.503370225429535,0.132320374250412,0.172590881586075,0.292117059230804,-0.786187589168549,0.516516447067261
3.56877541542053,1,-0.47729417681694,-0.504354476928711,0.13114333152771,0.169770464301109,0.290344506502151,-0.786076724529266,0.518615126609802
3.60628724098206,1,-0.477433860301971,-0.504718601703644,0.130082502961159,0.168451622128487,0.289272367954254,-0.785395562648773,0.520672082901001
3.60984086990356,1,-0.477340072393417,-0.505137741565704,0.12921217083931,0.167348235845566,0.287822335958481,-0.785598695278168,0.521524310112
3.62890887260437,1,-0.477127104997635,-0.504977464675903,0.128874078392982,0.167005985975266,0.287232786417007,-0.784815669059753,0.523135662078857
3.65089130401611,1,-0.476976692676544,-0.504960060119629,0.128595396876335,0.16635474562645,0.286677181720734,-0.784430027008057,0.524225175380707
3.66891074180603,1,-0.477026462554932,-0.504530489444733,0.128498360514641,0.16596494615078,0.287616103887558,-0.783777117729187,0.524810492992401
3.6958909034729,1,-0.47732549905777,-0.505146741867065,0.128173306584358,0.165038466453552,0.289220094680786,-0.785494029521942,0.521644651889801
3.72675061225891,1,-0.47789067029953,-0.504617929458618,0.128292605280876,0.163529857993126,0.291089326143265,-0.785801768302917,0.520615577697754
3.72896099090576,1,-0.478426992893219,-0.504002451896667,0.128344014286995,0.162239089608192,0.292607247829437,-0.785744249820709,0.520255148410797
3.74964284896851,1,-0.478878051042557,-0.503439605236053,0.128236576914787,0.16150090098381,0.293342053890228,-0.785265684127808,0.520793437957764
3.76975774765015,1,-0.479182809591293,-0.502787530422211,0.1280427724123,0.161624312400818,0.293691575527191,-0.784188389778137,0.522179543972015
3.78968906402588,1,-0.479375749826431,-0.502640247344971,0.127720162272453,0.160924881696701,0.293081313371658,-0.783857464790344,0.523234188556671
3.80928802490234,1,-0.479411840438843,-0.502466440200806,0.127494528889656,0.160422891378403,0.293129295110703,-0.784083306789398,0.523023009300232
3.83963227272034,1,-0.479234009981155,-0.502858579158783,0.127104923129082,0.159778565168381,0.292068868875504,-0.784913539886475,0.522568047046661
3.85135126113892,1,-0.478888511657715,-0.503530502319336,0.126590922474861,0.159119710326195,0.28989851474762,-0.785823345184326,0.522610306739807
3.86978387832642,1,-0.478618919849396,-0.504046201705933,0.126066386699677,0.158723741769791,0.288247644901276,-0.786827504634857,0.522132754325867
3.8895902633667,1,-0.478349834680557,-0.504327416419983,0.125611692667007,0.158632546663284,0.286995857954025,-0.787043333053589,0.522524654865265
3.92412328720093,1,-0.478321641683578,-0.504552185535431,0.125248998403549,0.157948896288872,0.285922557115555,-0.787025451660156,0.523346304893494
3.93427181243896,1,-0.478604167699814,-0.504780292510986,0.125034689903259,0.156201213598251,0.285304814577103,-0.78730708360672,0.523784399032593
3.94979286193848,1,-0.478958338499069,-0.504519581794739,0.125277698040009,0.154873162508011,0.286364555358887,-0.787695705890656,0.523015439510345
3.96905159950256,1,-0.479409694671631,-0.504003643989563,0.12577198445797,0.15370112657547,0.288330256938934,-0.78790557384491,0.521964073181152
4.00827813148499,1,-0.479680001735687,-0.503693401813507,0.126108586788177,0.153070896863937,0.289258480072021,-0.787587642669678,0.522115528583527
4.01804804801941,1,-0.479753524065018,-0.503561735153198,0.126231238245964,0.152915224432945,0.288807958364487,-0.787078499794006,0.523177087306976
4.02981686592102,1,-0.47965481877327,-0.503227710723877,0.126222416758537,0.153517082333565,0.288189381361008,-0.786465287208557,0.524263024330139
4.04947733879089,1,-0.479617774486542,-0.502546787261963,0.126269608736038,0.154250741004944,0.288619339466095,-0.785863757133484,0.524713099002838
4.09098744392395,1,-0.479638040065765,-0.502238810062408,0.12623205780983,0.154050022363663,0.28823846578598,-0.785534203052521,0.525474190711975
4.09441137313843,1,-0.479654639959335,-0.502331554889679,0.126039758324623,0.153618901968002,0.286987513303757,-0.785357713699341,0.526547908782959
4.10996341705322,1,-0.47968316078186,-0.502813875675201,0.125562772154808,0.152912154793739,0.285001486539841,-0.785636425018311,0.527415871620178
4.13050937652588,1,-0.479887068271637,-0.503086268901825,0.125063315033913,0.152280703186989,0.283866196870804,-0.786139130592346,0.527461767196655
4.15925931930542,1,-0.480034857988358,-0.502985537052155,0.12478132545948,0.152021497488022,0.283747315406799,-0.786286354064941,0.527381122112274
4.18014121055603,1,-0.480084359645844,-0.502871572971344,0.124501392245293,0.151912271976471,0.284034878015518,-0.78629606962204,0.527243256568909
4.18984937667847,1,-0.480012655258179,-0.503257215023041,0.124017044901848,0.151255428791046,0.283125966787338,-0.786889910697937,0.527034878730774
4.2091863155365,1,-0.479832023382187,-0.503833115100861,0.123459339141846,0.150501072406769,0.281643688678741,-0.788086950778961,0.526255786418915
4.22901701927185,1,-0.479559510946274,-0.503709435462952,0.123512975871563,0.150810688734055,0.281521856784821,-0.789063811302185,0.524766445159912
4.26248574256897,1,-0.479146152734756,-0.50444895029068,0.123384654521942,0.149634778499603,0.277994811534882,-0.790136694908142,0.525368809700012
4.27069640159607,1,-0.479015320539474,-0.505018055438995,0.123323917388916,0.148208692669868,0.275268584489822,-0.79094785451889,0.525987684726715
4.28924465179443,1,-0.479347854852676,-0.503468155860901,0.123728014528751,0.150967612862587,0.280441045761108,-0.790329217910767,0.523393988609314
4.30939269065857,1,-0.479483813047409,-0.503619015216827,0.123394802212715,0.150590106844902,0.27968955039978,-0.790160536766052,0.524159133434296
4.33451199531555,1,-0.47947883605957,-0.503777265548706,0.123222723603249,0.150169104337692,0.278488129377365,-0.790291905403137,0.524721264839172
4.34797167778015,1,-0.479475915431976,-0.503686428070068,0.123183891177177,0.149951860308647,0.277963012456894,-0.790403008460999,0.524894416332245
4.37314462661743,1,-0.479570746421814,-0.502867817878723,0.12340247631073,0.150218769907951,0.279679477214813,-0.790017545223236,0.524486601352692
4.39134240150452,1,-0.47968578338623,-0.502395749092102,0.123462736606598,0.149712294340134,0.28107163310051,-0.790338397026062,0.523402631282806
4.40898895263672,1,-0.479788661003113,-0.502357542514801,0.123392201960087,0.148707523941994,0.281312614679337,-0.791074156761169,0.522447109222412
4.42783427238464,1,-0.479685068130493,-0.502375900745392,0.123375542461872,0.148282453417778,0.28062504529953,-0.791476011276245,0.522329151630402
4.45170879364014,1,-0.479198694229126,-0.503288269042969,0.123213350772858,0.146899521350861,0.275957971811295,-0.791972696781158,0.524449229240417
4.46849513053894,1,-0.478825271129608,-0.504458367824554,0.122940048575401,0.145255655050278,0.270975530147552,-0.793031215667725,0.525903701782227
4.48801326751709,1,-0.478783994913101,-0.504966795444489,0.122785456478596,0.14423394203186,0.268820315599442,-0.79383796453476,0.526073634624481
4.50940752029419,1,-0.478876292705536,-0.505389094352722,0.122617453336716,0.143379777669907,0.267143875360489,-0.794238448143005,0.526556551456451
4.52856040000916,1,-0.478981792926788,-0.506223440170288,0.122320756316185,0.142242476344109,0.264336466789246,-0.794511556625366,0.527868092060089
4.54783582687378,1,-0.479324102401733,-0.503426015377045,0.12311913818121,0.148931264877319,0.273322403430939,-0.792102932929993,0.525059342384338
4.57052826881409,1,-0.479404509067535,-0.503298461437225,0.123193368315697,0.150074988603592,0.273760259151459,-0.791292607784271,0.525727033615112
4.59067344665527,1,-0.479454904794693,-0.503515303134918,0.123139277100563,0.14984655380249,0.273375570774078,-0.791366934776306,0.525880336761475
4.60909152030945,1,-0.479429304599762,-0.503457367420197,0.123155675828457,0.14951428771019,0.273790001869202,-0.791834592819214,0.52505487203598
4.64608669281006,1,-0.479244261980057,-0.503901124000549,0.123092129826546,0.147741407155991,0.271902710199356,-0.792742073535919,0.525168180465698
4.650151014328,1,-0.478936374187469,-0.504742085933685,0.122877046465874,0.14591820538044,0.268480360507965,-0.793883144855499,0.52571439743042
4.67000460624695,1,-0.478623002767563,-0.505377054214478,0.122691571712494,0.14495849609375,0.265295028686523,-0.794752597808838,0.526283204555511
4.68913865089417,1,-0.478505045175552,-0.505971074104309,0.122450917959213,0.143774256110191,0.262682199478149,-0.795763194561005,0.526391446590424
4.72372722625732,1,-0.478523313999176,-0.506452023983002,0.122204124927521,0.142564788460732,0.261008501052856,-0.796559691429138,0.526348412036896
4.73545169830322,1,-0.478600353002548,-0.50646185874939,0.122094869613647,0.142113953828812,0.260677188634872,-0.796688854694366,0.526439011096954
4.74918222427368,1,-0.478633642196655,-0.506361067295074,0.122089356184006,0.142436668276787,0.260780781507492,-0.796475827693939,0.526622712612152
4.76933717727661,1,-0.478626936674118,-0.506303131580353,0.122092425823212,0.142604678869247,0.260739207267761,-0.796335577964783,0.526810050010681
4.80058741569519,1,-0.478610634803772,-0.506333708763123,0.122128918766975,0.142529085278511,0.260855227708817,-0.796501934528351,0.526521503925323
4.81105995178223,1,-0.478583365678787,-0.506564199924469,0.122132956981659,0.142111375927925,0.260734438896179,-0.79719603061676,0.525642812252045
4.82972741127014,1,-0.478535801172256,-0.506769061088562,0.12213558703661,0.141799703240395,0.260560184717178,-0.797906696796417,0.524734437465668
4.84952664375305,1,-0.478564381599426,-0.506924271583557,0.122096255421638,0.141523510217667,0.260431170463562,-0.798380970954895,0.52415132522583
4.88011860847473,1,-0.478568762540817,-0.507051169872284,0.122072011232376,0.141447305679321,0.259904354810715,-0.798320889472961,0.524524688720703
4.89222598075867,1,-0.478538423776627,-0.507353544235229,0.122026801109314,0.141461879014969,0.258982867002487,-0.798297822475433,0.525011301040649
4.90856742858887,1,-0.478417277336121,-0.507881045341492,0.121960416436195,0.141310721635818,0.257729232311249,-0.798857688903809,0.524817526340485
4.92965173721313,1,-0.478305339813232,-0.508059442043304,0.121986895799637,0.141565814614296,0.257633000612259,-0.799362540245056,0.52402675151825
4.96402311325073,1,-0.478299170732498,-0.507955074310303,0.122053489089012,0.141925722360611,0.258497565984726,-0.799603283405304,0.523135542869568
4.96938323974609,1,-0.478293806314468,-0.507806718349457,0.122126907110214,0.142152950167656,0.259429097175598,-0.79955917596817,0.52267986536026
4.98922801017761,1,-0.478295624256134,-0.507682859897614,0.122197471559048,0.142024993896484,0.260124176740646,-0.799369990825653,0.52265852689743
5.0099196434021,1,-0.478314459323883,-0.507535338401794,0.12224306166172,0.141725942492485,0.260784864425659,-0.799138128757477,0.522765100002289
5.04859328269958,1,-0.478325754404068,-0.50766921043396,0.122215747833252,0.141097471117973,0.260319173336029,-0.798979520797729,0.523409247398376
5.0508189201355,1,-0.47837021946907,-0.507947087287903,0.122122153639793,0.1403898447752,0.259350061416626,-0.799175620079041,0.52378112077713
5.068772315979,1,-0.478384077548981,-0.50818794965744,0.12204010784626,0.139947116374969,0.25851583480835,-0.799408137798309,0.523957133293152
5.08866214752197,1,-0.478400439023972,-0.508389234542847,0.12198181450367,0.139796614646912,0.257934957742691,-0.799514412879944,0.524121403694153
5.13197016716003,1,-0.478446930646896,-0.508415460586548,0.121963128447533,0.140108793973923,0.258098363876343,-0.799454092979431,0.524049520492554
5.13267946243286,1,-0.478431761264801,-0.50836455821991,0.121988341212273,0.140522390604019,0.258263468742371,-0.799173831939697,0.524284780025482
5.15473484992981,1,-0.47841614484787,-0.508198142051697,0.122039005160332,0.1411062926054,0.258782148361206,-0.798862218856812,0.524347305297852
5.17680358886719,1,-0.478462517261505,-0.508153557777405,0.122041702270508,0.141264617443085,0.259016126394272,-0.798700451850891,0.524435460567474
5.21750998497009,1,-0.478517949581146,-0.508045136928558,0.122072145342827,0.141355246305466,0.25940403342247,-0.798550128936768,0.524448215961456
5.22225141525269,1,-0.478488922119141,-0.50795841217041,0.122095197439194,0.141392767429352,0.259702742099762,-0.798498749732971,0.524368524551392
5.23240947723389,1,-0.478508055210114,-0.507977068424225,0.122104085981846,0.141170337796211,0.259924203157425,-0.798670589923859,0.524057030677795
5.25596380233765,1,-0.478472799062729,-0.507982075214386,0.122110657393932,0.141168937087059,0.260038644075394,-0.798682928085327,0.523981928825378
5.28084516525269,1,-0.478463351726532,-0.508083581924438,0.122077167034149,0.141030684113503,0.259927183389664,-0.798845887184143,0.523825943470001
5.31835603713989,1,-0.478475123643875,-0.508063793182373,0.12207318097353,0.141155794262886,0.259938955307007,-0.79875636100769,0.523922741413116
5.3209707736969,1,-0.47852087020874,-0.508126676082611,0.122026711702347,0.141280829906464,0.259622246026993,-0.798494338989258,0.524445235729218
5.34442520141602,1,-0.478538125753403,-0.508061051368713,0.122044771909714,0.141389846801758,0.259860098361969,-0.798094391822815,0.524906635284424
5.35822868347168,1,-0.478523522615433,-0.507983982563019,0.122079700231552,0.141332641243935,0.260368078947067,-0.797923684120178,0.524930000305176
5.40129852294922,1,-0.47846245765686,-0.507838726043701,0.122165277600288,0.141047701239586,0.261409610509872,-0.798074841499329,0.524258732795715
5.42402744293213,1,-0.478500783443451,-0.507969677448273,0.122136019170284,0.140620842576027,0.261358320713043,-0.798257350921631,0.524121165275574
5.4413537979126,1,-0.478515148162842,-0.508114397525787,0.122088626027107,0.140450537204742,0.260971873998642,-0.798131287097931,0.524551033973694
5.4697003364563,1,-0.478543400764465,-0.508229374885559,0.12204946577549,0.140472382307053,0.260557532310486,-0.797936379909515,0.525047540664673
5.48151421546936,1,-0.478547632694244,-0.508178651332855,0.122064009308815,0.140652045607567,0.260811269283295,-0.797911643981934,0.524910926818848
5.49176621437073,1,-0.478544026613235,-0.508046448230743,0.122115351259708,0.140847936272621,0.261419087648392,-0.797966599464417,0.524472296237946
5.51227378845215,1,-0.478550314903259,-0.507959842681885,0.122153103351593,0.141007304191589,0.261822193861008,-0.798157155513763,0.523938238620758
5.53981137275696,1,-0.478533536195755,-0.507973432540894,0.12214919924736,0.141037121415138,0.261912316083908,-0.798373520374298,0.52355545759201
5.55195641517639,1,-0.478527873754501,-0.507875680923462,0.122184060513973,0.140931069850922,0.262503504753113,-0.798418283462524,0.523219406604767
5.5684986114502,1,-0.478533208370209,-0.507915914058685,0.12218052148819,0.140238210558891,0.263100862503052,-0.798524558544159,0.522943258285522
5.5962336063385,1,-0.478539854288101,-0.50803154706955,0.122168965637684,0.139371767640114,0.263667672872543,-0.798610508441925,0.52275812625885
5.63174366950989,1,-0.478566974401474,-0.508032619953156,0.122190207242966,0.138822808861732,0.264408856630325,-0.798681199550629,0.522421777248383
5.64471435546875,1,-0.478594452142715,-0.508014023303986,0.122216060757637,0.138541415333748,0.264848560094833,-0.798742830753326,0.52217960357666
5.65804862976074,1,-0.478603482246399,-0.507970035076141,0.122225172817707,0.1385887414217,0.264967739582062,-0.798840403556824,0.521957159042358
5.67558836936951,1,-0.478578180074692,-0.507906854152679,0.122242696583271,0.138759851455688,0.264683961868286,-0.79872715473175,0.522228837013245
5.71569418907166,1,-0.478585332632065,-0.50795578956604,0.12223607301712,0.138628825545311,0.264254182577133,-0.798672378063202,0.522565007209778
5.71638131141663,1,-0.478576630353928,-0.507758796215057,0.122308574616909,0.138632267713547,0.26498407125473,-0.798561036586761,0.522364616394043
5.73204469680786,1,-0.478614002466202,-0.50770777463913,0.122328773140907,0.138104438781738,0.265829563140869,-0.798990786075592,0.521416962146759
5.75161862373352,1,-0.478580921888351,-0.507684648036957,0.122335024178028,0.137686163187027,0.266521871089935,-0.799444139003754,0.520478427410126
5.77641868591309,1,-0.478566139936447,-0.507876217365265,0.122290849685669,0.137204259634018,0.266347348690033,-0.799880862236023,0.520023763179779
5.80663347244263,1,-0.478587806224823,-0.507996320724487,0.12227638810873,0.136991366744041,0.266038119792938,-0.799860656261444,0.520269274711609
5.82138991355896,1,-0.478712826967239,-0.508044004440308,0.122283920645714,0.136894211173058,0.266002595424652,-0.799753606319427,0.520477473735809
5.84080362319946,1,-0.478910028934479,-0.508061707019806,0.122299075126648,0.136568859219551,0.26610255241394,-0.799740374088287,0.520532190799713
5.85764694213867,1,-0.478935658931732,-0.508028507232666,0.122329168021679,0.1365896910429,0.266144633293152,-0.799862384796143,0.520317673683167
5.89437890052795,1,-0.478864282369614,-0.507877886295319,0.122351810336113,0.136925250291824,0.266472727060318,-0.800133526325226,0.519644260406494
5.90304851531982,1,-0.478633880615234,-0.507637083530426,0.122381560504436,0.137603774666786,0.266329526901245,-0.800171554088593,0.519479870796204
5.91705656051636,1,-0.478392869234085,-0.507413625717163,0.122358232736588,0.138162970542908,0.265707284212112,-0.799955606460571,0.519982278347015
5.93833947181702,1,-0.478334277868271,-0.507060647010803,0.122355848550797,0.138368561863899,0.265740305185318,-0.799569249153137,0.520504891872406
5.98206448554993,1,-0.478423416614532,-0.506750524044037,0.122341841459274,0.138116717338562,0.266134053468704,-0.799339771270752,0.520723164081573
5.98587131500244,1,-0.478541970252991,-0.50674706697464,0.122267410159111,0.137344941496849,0.266007661819458,-0.799492239952087,0.520757734775543
5.99869751930237,1,-0.478557348251343,-0.506723999977112,0.122223287820816,0.137003302574158,0.265971809625626,-0.799648463726044,0.520625948905945
6.01774168014526,1,-0.478527694940567,-0.506615042686462,0.122253216803074,0.13704426586628,0.266096949577332,-0.799755454063416,0.520386934280396
6.03818821907043,1,-0.478508174419403,-0.506520748138428,0.122260689735413,0.137271493673325,0.266101807355881,-0.799696981906891,0.520414412021637
6.07105779647827,1,-0.478500336408615,-0.506447851657867,0.122259840369225,0.137481972575188,0.265930086374283,-0.799413919448853,0.520881235599518
6.08347082138062,1,-0.478499948978424,-0.50638884305954,0.122256204485893,0.137532457709312,0.265941441059113,-0.79920619726181,0.521180927753448
6.09790849685669,1,-0.478522300720215,-0.506421029567719,0.122219294309616,0.137079775333405,0.265962213277817,-0.799375057220459,0.52103054523468
6.11873483657837,1,-0.47851088643074,-0.506279647350311,0.122265793383121,0.136699795722961,0.266290754079819,-0.799558579921722,0.520680963993073
6.16130566596985,1,-0.478525996208191,-0.506338179111481,0.122225739061832,0.136063382029533,0.266162902116776,-0.800007462501526,0.520223081111908
6.18003797531128,1,-0.478575795888901,-0.506581604480743,0.122125074267387,0.135468319058418,0.264600574970245,-0.799914062023163,0.521317958831787
6.19807434082031,1,-0.478609085083008,-0.506570160388947,0.122117578983307,0.135485962033272,0.263956278562546,-0.79947817325592,0.522307813167572
6.22388958930969,1,-0.478608071804047,-0.506570875644684,0.122141465544701,0.135441616177559,0.263599276542664,-0.799421668052673,0.522585868835449
6.24655485153198,1,-0.478610336780548,-0.506554126739502,0.122135937213898,0.135220900177956,0.263653784990311,-0.799596548080444,0.522347927093506
6.25857281684875,1,-0.478612035512924,-0.506476044654846,0.122162602841854,0.135057538747787,0.26399090886116,-0.799686312675476,0.522082269191742
6.27890920639038,1,-0.478596240282059,-0.506811857223511,0.122064284980297,0.134504899382591,0.263294517993927,-0.800210297107697,0.521773874759674
6.30579590797424,1,-0.478569388389587,-0.506897151470184,0.122064918279648,0.134500503540039,0.262648791074753,-0.800043225288391,0.522356331348419
6.33004975318909,1,-0.478578448295593,-0.506986021995544,0.122081309556961,0.134775668382645,0.261984914541245,-0.799867033958435,0.522888362407684
6.33905863761902,1,-0.478670060634613,-0.507013857364655,0.122094660997391,0.134913831949234,0.261929720640182,-0.799571692943573,0.523331940174103
6.36094093322754,1,-0.478682309389114,-0.506928205490112,0.122124210000038,0.135105893015862,0.262526392936707,-0.799441158771515,0.523182690143585
6.37700319290161,1,-0.478673994541168,-0.50666743516922,0.122194811701775,0.135337933897972,0.263718694448471,-0.799302756786346,0.522734403610229
6.40766334533691,1,-0.478705674409866,-0.50658118724823,0.122208423912525,0.135127335786819,0.264472097158432,-0.799296200275421,0.522418081760406
6.41976499557495,1,-0.478719919919968,-0.506895005702972,0.122109450399876,0.134306386113167,0.263905853033066,-0.799563825130463,0.522506773471832
6.43906998634338,1,-0.478749543428421,-0.506971597671509,0.122070550918579,0.133605033159256,0.263668328523636,-0.799405753612518,0.523047983646393
6.46081876754761,1,-0.478775352239609,-0.507085919380188,0.122015595436096,0.132845893502235,0.263569891452789,-0.799484372138977,0.52317088842392
6.49308657646179,1,-0.478772938251495,-0.507116794586182,0.122015915811062,0.132241412997246,0.263680547475815,-0.799574017524719,0.523131191730499
6.49964833259583,1,-0.478775203227997,-0.5071941614151,0.121996976435184,0.131876245141029,0.263611406087875,-0.799669146537781,0.523112893104553
6.51646375656128,1,-0.478818476200104,-0.507292866706848,0.121957212686539,0.131946951150894,0.262967437505722,-0.799481689929962,0.523705422878265
6.53406953811646,1,-0.478885024785995,-0.507254123687744,0.121958404779434,0.132432013750076,0.262159913778305,-0.798940718173981,0.52481210231781
6.56920480728149,1,-0.478928208351135,-0.507266104221344,0.121936678886414,0.13289749622345,0.261209338903427,-0.798497676849365,0.525841593742371
6.58198595046997,1,-0.47896483540535,-0.507185816764832,0.121930629014969,0.133295729756355,0.260792762041092,-0.797891736030579,0.526866436004639
6.59594559669495,1,-0.478974342346191,-0.507072746753693,0.121953129768372,0.133430883288383,0.260958790779114,-0.797414600849152,0.527472138404846
6.61531949043274,1,-0.479004889726639,-0.506865084171295,0.12202425301075,0.133317559957504,0.26189449429512,-0.797240436077118,0.52730005979538
6.65157628059387,1,-0.479028433561325,-0.506715357303619,0.122078858315945,0.132994592189789,0.262854009866714,-0.796918034553528,0.52739155292511
6.66229772567749,1,-0.479057103395462,-0.506805062294006,0.122062459588051,0.132323041558266,0.262914627790451,-0.796562433242798,0.528067052364349
6.67620205879211,1,-0.479148119688034,-0.507149338722229,0.121945217251778,0.13135227560997,0.261853605508804,-0.796332597732544,0.529182255268097
6.69600296020508,1,-0.479230791330338,-0.507447779178619,0.121826127171516,0.13063371181488,0.260570108890533,-0.795901417732239,0.530640125274658
6.71799635887146,1,-0.479301452636719,-0.507698357105255,0.121724873781204,0.129958152770996,0.259430944919586,-0.795373022556305,0.532154440879822
6.73348021507263,1,-0.479356855154037,-0.507812976837158,0.12166365981102,0.129312798380852,0.25864166021347,-0.794560968875885,0.533905923366547
6.749831199646,1,-0.47943639755249,-0.50702178478241,0.121880620718002,0.129875019192696,0.259884268045425,-0.792658925056458,0.53598940372467
6.76995444297791,1,-0.479727506637573,-0.505679905414581,0.122139483690262,0.131343364715576,0.263688206672668,-0.790956318378448,0.536288797855377
6.79522562026978,1,-0.480208188295364,-0.506325840950012,0.121737122535706,0.129339203238487,0.262911826372147,-0.79196035861969,0.535674929618835
6.81338596343994,1,-0.480456411838531,-0.506920278072357,0.121484696865082,0.12740632891655,0.259928941726685,-0.791263282299042,0.538615822792053
6.82951498031616,1,-0.480597108602524,-0.507067680358887,0.121334403753281,0.126239955425262,0.256888598203659,-0.788937866687775,0.543735980987549
6.84895277023315,1,-0.480351060628891,-0.505680918693542,0.121714785695076,0.127025783061981,0.256618469953537,-0.783862173557281,0.550973415374756
6.87089323997498,1,-0.480490952730179,-0.505332708358765,0.12170484662056,0.125644475221634,0.255407333374023,-0.781457841396332,0.555251479148865
6.89663934707642,1,-0.480714857578278,-0.505501866340637,0.121495082974434,0.122641257941723,0.253188937902451,-0.780127048492432,0.558799028396606
6.90957951545715,1,-0.480916619300842,-0.505672335624695,0.121281772851944,0.118914373219013,0.251032948493958,-0.779772222042084,0.561067938804626
6.92985486984253,1,-0.481014490127563,-0.50572806596756,0.121131181716919,0.115522816777229,0.248631566762924,-0.779506266117096,0.56321120262146
6.94906139373779,1,-0.481156677007675,-0.505819380283356,0.120946303009987,0.112391941249371,0.245034962892532,-0.778531134128571,0.566758513450623
6.98041081428528,1,-0.48120903968811,-0.50594574213028,0.120731666684151,0.109758391976357,0.239925563335419,-0.776688456535339,0.571965038776398
6.99213004112244,1,-0.481448829174042,-0.506343841552734,0.120388895273209,0.106326423585415,0.234031245112419,-0.775535225868225,0.576601386070251
7.01073813438416,1,-0.481732606887817,-0.505860865116119,0.12017647922039,0.103536859154701,0.228974238038063,-0.77235734462738,0.583365321159363
7.02917575836182,1,-0.482208997011185,-0.505569458007812,0.119917571544647,0.100994184613228,0.224309608340263,-0.770601272583008,0.58792769908905
7.06278085708618,1,-0.481939166784286,-0.506368577480316,0.119651317596436,0.097407728433609,0.215119391679764,-0.76837956905365,0.594834506511688
7.07609629631042,1,-0.481864273548126,-0.506795167922974,0.119344130158424,0.0936053320765495,0.207603797316551,-0.766789317131042,0.600144147872925
7.09204411506653,1,-0.481721013784409,-0.507833659648895,0.119000948965549,0.0879088714718819,0.19897922873497,-0.766065776348114,0.604832649230957
7.11077356338501,1,-0.481804132461548,-0.507922410964966,0.118776544928551,0.0827764347195625,0.192880988121033,-0.764702379703522,0.609241604804993
7.15277290344238,1,-0.482033789157867,-0.507723987102509,0.118522047996521,0.0782053545117378,0.187777355313301,-0.76294332742691,0.613629400730133
7.1540048122406,1,-0.481793493032455,-0.508852958679199,0.118227928876877,0.0721462741494179,0.178334578871727,-0.76097583770752,0.619602680206299
7.16978359222412,1,-0.482001692056656,-0.509314835071564,0.117927342653275,0.066965326666832,0.171737104654312,-0.759132862091064,0.624291062355042
7.19215416908264,1,-0.48235148191452,-0.509339451789856,0.117647185921669,0.0620352551341057,0.166851654648781,-0.756870865821838,0.628855109214783
7.22982788085938,1,-0.482326954603195,-0.509831070899963,0.117479279637337,0.057360976934433,0.161007612943649,-0.755530536174774,0.632423758506775
7.24276781082153,1,-0.48237869143486,-0.509945333003998,0.117322400212288,0.0534692518413067,0.156276181340218,-0.754060328006744,0.635697960853577
7.24898147583008,1,-0.482445895671844,-0.510377883911133,0.117117688059807,0.0493623912334442,0.150977373123169,-0.75293755531311,0.63863468170166
7.27038860321045,1,-0.482469707727432,-0.510610163211823,0.116883501410484,0.0453240796923637,0.145965039730072,-0.752266764640808,0.640885829925537
7.29109168052673,1,-0.482451826334,-0.510923624038696,0.116723775863647,0.0414274260401726,0.14050866663456,-0.751292049884796,0.643507122993469
7.32418131828308,1,-0.48240002989769,-0.511468350887299,0.11654444038868,0.038067702203989,0.133354514837265,-0.748786628246307,0.648140430450439
7.3297746181488,1,-0.482386767864227,-0.512079477310181,0.116381749510765,0.0352027900516987,0.125424802303314,-0.745275795459747,0.653906226158142
7.34956645965576,1,-0.482254236936569,-0.512571573257446,0.116220958530903,0.0328307561576366,0.117622666060925,-0.742092251777649,0.659079849720001
7.36948561668396,1,-0.482376337051392,-0.512616217136383,0.1159308552742,0.030431317165494,0.112142644822598,-0.740073442459106,0.662411749362946
7.40645360946655,1,-0.482254862785339,-0.513083219528198,0.115768447518349,0.0273328348994255,0.106288470327854,-0.738579213619232,0.665173947811127
7.41186380386353,1,-0.482256680727005,-0.51340639591217,0.115657553076744,0.0242775846272707,0.101663172245026,-0.737018167972565,0.667742133140564
7.43053984642029,1,-0.482303202152252,-0.513808012008667,0.115556314587593,0.0213668178766966,0.0975812152028084,-0.734796643257141,0.670891463756561
7.44999742507935,1,-0.482335209846497,-0.513856172561646,0.115470342338085,0.0200806595385075,0.0943321660161018,-0.731907665729523,0.674543917179108
7.47199821472168,1,-0.482253283262253,-0.514169216156006,0.11543482542038,0.0194174870848656,0.0903611704707146,-0.729556620121002,0.677646636962891
7.494295835495,1,-0.482158303260803,-0.514485776424408,0.115428693592548,0.0190194696187973,0.0864455476403236,-0.727862894535065,0.67998605966568
7.51054763793945,1,-0.482097953557968,-0.514560878276825,0.115357369184494,0.0193858258426189,0.0830534100532532,-0.726244688034058,0.682125389575958
7.52967524528503,1,-0.481954962015152,-0.514467298984528,0.115263029932976,0.0202439054846764,0.0800362825393677,-0.724452972412109,0.684362709522247
7.57593512535095,1,-0.481931865215302,-0.514480292797089,0.115210130810738,0.0206250306218863,0.0771305561065674,-0.723109841346741,0.686103284358978
7.58857083320618,1,-0.481733858585358,-0.514756560325623,0.115051418542862,0.0217625442892313,0.0711294710636139,-0.721078813076019,0.688848614692688
7.60822319984436,1,-0.481683015823364,-0.5150186419487,0.11504827439785,0.0219500977545977,0.0681229159235954,-0.720381259918213,0.689875602722168
7.642982006073,1,-0.481638997793198,-0.5151726603508,0.115010932087898,0.0215514488518238,0.0664195120334625,-0.720781564712524,0.68963611125946
7.65158367156982,1,-0.481641739606857,-0.515213012695312,0.115005418658257,0.0180103294551373,0.06761334836483,-0.724471986293793,0.685743689537048
7.66909432411194,1,-0.481813460588455,-0.514960885047913,0.11496414989233,0.0136713590472937,0.0704876706004143,-0.727980613708496,0.681827664375305
7.70273637771606,1,-0.482076585292816,-0.515133261680603,0.115006953477859,0.00907595083117485,0.0725609213113785,-0.730442345142365,0.679048240184784
7.71195769309998,1,-0.482091695070267,-0.51526802778244,0.115040577948093,0.00642043584957719,0.0732835456728935,-0.730855524539948,0.678556203842163
7.72896909713745,1,-0.482046127319336,-0.515363335609436,0.115055814385414,0.00558292772620916,0.0730655118823051,-0.72989296913147,0.679622411727905
7.75309634208679,1,-0.482114672660828,-0.515384614467621,0.115035966038704,0.00571614410728216,0.072789341211319,-0.729142129421234,0.680456399917603
7.77149677276611,1,-0.482261449098587,-0.515291929244995,0.114986002445221,0.00660816859453917,0.0725298821926117,-0.728735566139221,0.680911362171173
7.78824973106384,1,-0.482177138328552,-0.515394687652588,0.114988312125206,0.0069687832146883,0.0710093751549721,-0.729044914245605,0.680736839771271
7.82911920547485,1,-0.482077389955521,-0.515377223491669,0.114965699613094,0.00654951110482216,0.0694873556494713,-0.72951477766037,0.68039458990097
7.83152198791504,1,-0.481987804174423,-0.515470385551453,0.114914059638977,0.00510959094390273,0.0678292065858841,-0.730194568634033,0.679844915866852
7.8493447303772,1,-0.481924831867218,-0.515826344490051,0.114919990301132,0.0029152927454561,0.0658171251416206,-0.730453491210938,0.679777383804321
7.86866784095764,1,-0.482024818658829,-0.515872240066528,0.114839971065521,0.00173735711723566,0.0644889026880264,-0.729979991912842,0.680417060852051
7.90867614746094,1,-0.482059985399246,-0.515885531902313,0.114737033843994,0.00116202956996858,0.062601663172245,-0.730952382087708,0.679550170898438
7.91024780273438,1,-0.481901675462723,-0.516001880168915,0.114690855145454,0.00124282611068338,0.0601347386837006,-0.731578409671783,0.679098963737488
7.92863988876343,1,-0.481856018304825,-0.51591944694519,0.114614918828011,0.00235318928025663,0.058045644313097,-0.730652332305908,0.680273771286011
7.95352625846863,1,-0.481753200292587,-0.516006350517273,0.114596478641033,0.00324113853275776,0.0555331856012344,-0.729657888412476,0.681545972824097
7.9702353477478,1,-0.481603980064392,-0.516192018985748,0.114629298448563,0.00357858673669398,0.0532970912754536,-0.729918599128723,0.681443691253662
7.98817658424377,1,-0.481505423784256,-0.516285181045532,0.114623785018921,0.0034661318641156,0.0521359331905842,-0.731182157993317,0.680178284645081
8.00811314582825,1,-0.481567859649658,-0.516196191310883,0.114579513669014,0.00292493053711951,0.0520270243287086,-0.732479393482208,0.67879194021225
8.03863382339478,1,-0.481615513563156,-0.516057550907135,0.11452242732048,0.0022489340044558,0.0522282980382442,-0.732945144176483,0.678276181221008
8.04967951774597,1,-0.481649130582809,-0.515921592712402,0.114492557942867,0.0013383865589276,0.0524845458567142,-0.732693374156952,0.678530812263489
8.06848931312561,1,-0.481583952903748,-0.516135036945343,0.114544495940208,-4.51218602393055e-06,0.0515995398163795,-0.731882750988007,0.679474174976349
8.08885312080383,1,-0.481502711772919,-0.516498804092407,0.114636957645416,-0.0012913808459416,0.0500913672149181,-0.730188429355621,0.681406021118164
8.11753177642822,1,-0.481451690196991,-0.516878366470337,0.114711537957191,-0.00246221851557493,0.0486976094543934,-0.728839695453644,0.682945966720581
8.12890148162842,1,-0.481527388095856,-0.516859352588654,0.114683493971825,-0.00299086677841842,0.0486743785440922,-0.728081405162811,0.683753907680511
8.14994716644287,1,-0.481569528579712,-0.516778469085693,0.114656329154968,-0.00309460004791617,0.0486647002398968,-0.728082239627838,0.683753192424774
8.19350981712341,1,-0.481550693511963,-0.516720056533813,0.114640742540359,-0.00291994283907115,0.0484538748860359,-0.728465676307678,0.683360457420349
8.19653248786926,1,-0.481519848108292,-0.51663064956665,0.114607609808445,-0.00267283618450165,0.0486570000648499,-0.729221403598785,0.682540535926819
8.20907068252563,1,-0.481533259153366,-0.516487777233124,0.114583797752857,-0.00228034285828471,0.0493167899549007,-0.729887247085571,0.681782484054565
8.22883033752441,1,-0.48153018951416,-0.516512989997864,0.11460754275322,-0.00176320306491107,0.0495619773864746,-0.730183601379395,0.681448876857758
8.27263236045837,1,-0.481609970331192,-0.516436159610748,0.114614218473434,-0.00106063904240727,0.0504180751740932,-0.730350613594055,0.681208491325378
8.2761447429657,1,-0.481647789478302,-0.516184747219086,0.114566400647163,-0.000274191959761083,0.0521697364747524,-0.731100142002106,0.68027263879776
8.28920435905457,1,-0.481791615486145,-0.51599109172821,0.114525645971298,0.000216802975046448,0.054325807839632,-0.732653796672821,0.678429961204529
8.30872821807861,1,-0.481815546751022,-0.516079723834991,0.11454613506794,0.000298928469419479,0.0556550174951553,-0.734122812747955,0.676731944084167
8.32909393310547,1,-0.481845110654831,-0.516083538532257,0.114616483449936,0.000316269666654989,0.0571525059640408,-0.735505044460297,0.675104439258575
8.35606575012207,1,-0.481788963079453,-0.515963673591614,0.114711135625839,0.000194525448023342,0.0586964748799801,-0.736599266529083,0.673777639865875
8.36949825286865,1,-0.481750935316086,-0.516019821166992,0.114731043577194,-0.000443531112978235,0.0601163543760777,-0.738030314445496,0.672084212303162
8.38958501815796,1,-0.481704920530319,-0.516082525253296,0.114784151315689,-0.00132548157125711,0.0610418058931828,-0.7393958568573,0.670496821403503
8.43194627761841,1,-0.481653392314911,-0.516229033470154,0.114863947033882,-0.00267183198593557,0.0612835586071014,-0.740700960159302,0.669028639793396
8.43671774864197,1,-0.481715649366379,-0.516163170337677,0.114837750792503,-0.0036148689687252,0.0621569156646729,-0.741383910179138,0.668186724185944
8.44971776008606,1,-0.481787830591202,-0.516106903553009,0.114820174872875,-0.00430321739986539,0.0627279058098793,-0.741643130779266,0.667841494083405
8.47197389602661,1,-0.481909722089767,-0.515919327735901,0.114759236574173,-0.00454646581783891,0.0636265203356743,-0.741865038871765,0.667508244514465
8.49001598358154,1,-0.481993794441223,-0.515695691108704,0.114711239933968,-0.00464701047167182,0.0648857057094574,-0.742576539516449,0.666594564914703
8.51830744743347,1,-0.481976062059402,-0.51565557718277,0.114729851484299,-0.00473094638437033,0.0657035931944847,-0.743341565132141,0.665660619735718
8.52945709228516,1,-0.481990426778793,-0.515684008598328,0.114755190908909,-0.00477041024714708,0.0664571076631546,-0.744031608104706,0.664814054965973
8.54975438117981,1,-0.482099533081055,-0.515505611896515,0.114734560251236,-0.00458673574030399,0.0680915042757988,-0.744678199291229,0.663925349712372
8.57988119125366,1,-0.482201099395752,-0.515365779399872,0.114727094769478,-0.00460921414196491,0.069666713476181,-0.745463252067566,0.662880122661591
8.59951448440552,1,-0.482168287038803,-0.515347898006439,0.114770606160164,-0.00492220045998693,0.0706574469804764,-0.746326923370361,0.661800146102905
8.61068749427795,1,-0.482101708650589,-0.515501320362091,0.1148432046175,-0.00557850487530231,0.0711137801408768,-0.74727588891983,0.660674333572388
8.62927293777466,1,-0.482131570577621,-0.515438616275787,0.114841416478157,-0.00608128029853106,0.0720285177230835,-0.747941970825195,0.65981650352478
8.64981770515442,1,-0.482233047485352,-0.515363156795502,0.11482284963131,-0.0068514309823513,0.0728346109390259,-0.748450875282288,0.659142971038818
8.68680047988892,1,-0.48224601149559,-0.515402615070343,0.11483920365572,-0.00778376450762153,0.0728922337293625,-0.748694717884064,0.65884929895401
8.69076180458069,1,-0.482256799936295,-0.51553076505661,0.114850580692291,-0.00864954758435488,0.0725726708769798,-0.748680174350739,0.658890306949615
8.70964050292969,1,-0.482264399528503,-0.515638709068298,0.114847920835018,-0.00931049231439829,0.0724313482642174,-0.748859286308289,0.658693313598633
8.7283399105072,1,-0.482293426990509,-0.515704572200775,0.114833697676659,-0.00969587359577417,0.0728350281715393,-0.749478280544281,0.657938718795776
8.75969004631042,1,-0.482328206300735,-0.515637159347534,0.114804059267044,-0.0095056714490056,0.0738725811243057,-0.750385224819183,0.656791031360626
8.76903247833252,1,-0.482353031635284,-0.515537917613983,0.114816099405289,-0.00892901606857777,0.0746638998389244,-0.751023232936859,0.655979931354523
8.78944873809814,1,-0.48229256272316,-0.515443384647369,0.114841766655445,-0.0079279663041234,0.0748106762766838,-0.751134395599365,0.655848860740662
8.80974364280701,1,-0.482267469167709,-0.515362799167633,0.114853262901306,-0.00680675264447927,0.0746286734938622,-0.751050114631653,0.655978679656982
8.83202242851257,1,-0.482236862182617,-0.515390455722809,0.114831760525703,-0.00571167236194015,0.0739931985735893,-0.751042246818542,0.656070232391357
8.84838700294495,1,-0.482100665569305,-0.515564918518066,0.114887788891792,-0.00463181035593152,0.0723158270120621,-0.750319421291351,0.657091915607452
8.86988472938538,1,-0.481984078884125,-0.515656054019928,0.114915557205677,-0.00363477226346731,0.0709744095802307,-0.749567687511444,0.658101618289948
8.88784694671631,1,-0.481988161802292,-0.515604794025421,0.114887058734894,-0.00300284055992961,0.0706795230507851,-0.749307870864868,0.658432424068451
8.91200590133667,1,-0.481966018676758,-0.515515744686127,0.114872172474861,-0.00298475823365152,0.0710342153906822,-0.749500155448914,0.658175468444824
8.92952275276184,1,-0.481998920440674,-0.515488624572754,0.11486628651619,-0.00360566261224449,0.0718474313616753,-0.750031590461731,0.657478153705597
8.94791007041931,1,-0.482098788022995,-0.515434324741364,0.114849910140038,-0.00417261011898518,0.0729754939675331,-0.750446081161499,0.656877338886261
8.97475028038025,1,-0.482221186161041,-0.515291750431061,0.114821970462799,-0.00457071047276258,0.0745703652501106,-0.750891208648682,0.656186640262604
8.98848223686218,1,-0.482292890548706,-0.515211462974548,0.114843443036079,-0.00482166139408946,0.0756343305110931,-0.751168966293335,0.655744910240173
9.00803399085999,1,-0.482327163219452,-0.515172243118286,0.114856265485287,-0.00480242678895593,0.0761374533176422,-0.751380383968353,0.65544468164444
9.02999186515808,1,-0.482350558042526,-0.515093803405762,0.114851862192154,-0.00463977456092834,0.0765464156866074,-0.75168365240097,0.655050277709961
9.04796719551086,1,-0.482343465089798,-0.515101373195648,0.114865854382515,-0.00462808273732662,0.0766241326928139,-0.752160370349884,0.654493808746338
9.07671046257019,1,-0.48225998878479,-0.515221536159515,0.114906251430511,-0.00473743537440896,0.0760857462882996,-0.752234160900116,0.654471039772034
9.08918809890747,1,-0.48229655623436,-0.515225052833557,0.114886924624443,-0.00469490606337786,0.0759792774915695,-0.752076148986816,0.654665231704712
9.10847353935242,1,-0.482288390398026,-0.515297591686249,0.114883601665497,-0.00471368664875627,0.0757749080657959,-0.751896679401398,0.654894888401031
9.13799405097961,1,-0.482263028621674,-0.515365660190582,0.114910811185837,-0.00470009399577975,0.0758150741457939,-0.751890957355499,0.654896914958954
9.1479377746582,1,-0.481909483671188,-0.516024351119995,0.114901795983315,-0.00392050389200449,0.0733312889933586,-0.7491854429245,0.658276855945587
9.16840243339539,1,-0.482857495546341,-0.516653716564178,0.11515249311924,-0.0082281082868576,0.0742086544632912,-0.751241445541382,0.65579092502594
9.20503520965576,1,-0.481050044298172,-0.514765441417694,0.114583089947701,0.000253715581493452,0.0750251933932304,-0.751326680183411,0.655651926994324
9.2091863155365,1,-0.483384877443314,-0.516355872154236,0.115334741771221,-0.0099312225356698,0.0767189487814903,-0.752436518669128,0.654106140136719
9.23038554191589,1,-0.480605185031891,-0.513985514640808,0.114219918847084,0.00192075420636684,0.0762856751680374,-0.752204954624176,0.654495656490326
9.25382995605469,1,-0.483723789453506,-0.516579151153564,0.115352168679237,-0.0128577183932066,0.0773600861430168,-0.75313675403595,0.653173089027405
9.27165842056274,1,-0.481318801641464,-0.514866530895233,0.114480823278427,-0.00337216584011912,0.0761609673500061,-0.752912640571594,0.653690040111542
9.28950572013855,1,-0.483366131782532,-0.515797734260559,0.115004792809486,-0.0114751569926739,0.0784293487668037,-0.753286242485046,0.652899086475372
9.31026172637939,1,-0.481991827487946,-0.515071392059326,0.114481285214424,-0.00657974276691675,0.0770018994808197,-0.752618610858917,0.653905749320984
9.33294725418091,1,-0.482608288526535,-0.515173137187958,0.114683754742146,-0.00916658714413643,0.0776116028428078,-0.752974450588226,0.653392612934113
9.35566520690918,1,-0.482395529747009,-0.515879511833191,0.114602714776993,-0.00996354781091213,0.0744701623916626,-0.752146661281586,0.654698669910431
9.36997938156128,1,-0.481832772493362,-0.514974176883698,0.114518739283085,-0.00707049015909433,0.0745813176035881,-0.75193989276886,0.654961168766022
9.38939952850342,1,-0.482466191053391,-0.516240239143372,0.114635646343231,-0.0115720322355628,0.071639783680439,-0.751278936862946,0.655983090400696
9.40952301025391,1,-0.482632875442505,-0.516468346118927,0.114467829465866,-0.0126488963142037,0.0699662789702415,-0.749901533126831,0.65771758556366
9.43672251701355,1,-0.48280930519104,-0.516289174556732,0.114338919520378,-0.0133470660075545,0.0695818886160851,-0.748672664165497,0.659142971038818
9.44970178604126,1,-0.482632130384445,-0.515128552913666,0.114036202430725,-0.011216077953577,0.0707072094082832,-0.747570991516113,0.660312354564667
9.46950078010559,1,-0.481816440820694,-0.514615654945374,0.11391394585371,-0.00915746577084064,0.0686328560113907,-0.746067047119141,0.662261068820953
9.48999834060669,1,-0.482951670885086,-0.515880465507507,0.114491246640682,-0.0160676203668118,0.0668736323714256,-0.745562493801117,0.662877380847931
9.52628111839294,1,-0.482155501842499,-0.515659272670746,0.113876022398472,-0.0138720655813813,0.0651997700333595,-0.745163857936859,0.663541615009308
9.53555130958557,1,-0.482441574335098,-0.517253577709198,0.114370584487915,-0.0199022125452757,0.0611454881727695,-0.744977653026581,0.663983106613159
9.54989242553711,1,-0.482718199491501,-0.517154037952423,0.114529520273209,-0.0224893838167191,0.0600136779248714,-0.743968486785889,0.665134251117706
9.56899952888489,1,-0.482179671525955,-0.51633095741272,0.113971062004566,-0.0210187826305628,0.059924278408289,-0.743349552154541,0.665881931781769
9.60976982116699,1,-0.482277721166611,-0.516330778598785,0.1139857172966,-0.0230703577399254,0.0584638267755508,-0.742320656776428,0.667090594768524
9.62935757637024,1,-0.482817828655243,-0.518096804618835,0.114294841885567,-0.0320741832256317,0.052806168794632,-0.739825129508972,0.669956386089325
9.64954805374146,1,-0.482742726802826,-0.516841411590576,0.113895833492279,-0.0311463605612516,0.0545588918030262,-0.738819479942322,0.67096871137619
9.69274687767029,1,-0.482993841171265,-0.516655445098877,0.113728851079941,-0.0325620025396347,0.0552966520190239,-0.738630831241608,0.671048820018768
9.69517397880554,1,-0.482835114002228,-0.517057657241821,0.113971844315529,-0.0357317626476288,0.0536228306591511,-0.737944722175598,0.671777844429016
9.70936918258667,1,-0.483059853315353,-0.518256783485413,0.11413761228323,-0.040010392665863,0.0521351881325245,-0.738275051116943,0.671290636062622
9.72901082038879,1,-0.482982695102692,-0.517434239387512,0.114000625908375,-0.0393875725567341,0.0538887120783329,-0.738049864768982,0.671436607837677
9.74896645545959,1,-0.483246743679047,-0.517495274543762,0.113830178976059,-0.0407894887030125,0.0557491332292557,-0.738772928714752,0.670404970645905
9.77965974807739,1,-0.482709348201752,-0.517477333545685,0.11386027187109,-0.0417493544518948,0.0545468367636204,-0.738707184791565,0.670517206192017
9.79307675361633,1,-0.483154296875,-0.51747739315033,0.114042304456234,-0.0454448163509369,0.0552337095141411,-0.738701701164246,0.670226752758026
9.80948615074158,1,-0.483300805091858,-0.516028583049774,0.113401651382446,-0.0448269918560982,0.058891162276268,-0.739591360092163,0.668974578380585
9.82845568656921,1,-0.483032196760178,-0.515009164810181,0.112826719880104,-0.0443681851029396,0.0606755651533604,-0.740681529045105,0.667638301849365
9.86198949813843,1,-0.483922511339188,-0.516031742095947,0.11327338218689,-0.0513466782867908,0.0606768615543842,-0.740977466106415,0.666809022426605
9.87420892715454,1,-0.484145998954773,-0.51660168170929,0.113481976091862,-0.05490567907691,0.0600500702857971,-0.741201758384705,0.66633278131485
9.88947367668152,1,-0.484196573495865,-0.51676869392395,0.113476991653442,-0.0569703467190266,0.0599796026945114,-0.741275608539581,0.666083693504333
9.9092972278595,1,-0.484792828559875,-0.51671302318573,0.113418027758598,-0.0598033331334591,0.0619862005114555,-0.741757750511169,0.665114045143127
9.94348216056824,1,-0.485377818346024,-0.516632497310638,0.113311469554901,-0.062329038977623,0.0644616782665253,-0.742371439933777,0.663961172103882
9.95758843421936,1,-0.485788822174072,-0.516092479228973,0.113169334828854,-0.0640083029866219,0.0675564557313919,-0.74314147233963,0.662631034851074
9.97056818008423,1,-0.486258864402771,-0.515895545482635,0.113172203302383,-0.0675734579563141,0.0696679055690765,-0.74350517988205,0.661649703979492
9.98985362052917,1,-0.486608475446701,-0.516060054302216,0.113257683813572,-0.072125643491745,0.0707019045948982,-0.743775725364685,0.66075474023819
10.0342171192169,1,-0.486436575651169,-0.516276717185974,0.113211095333099,-0.0754251629114151,0.0704914405941963,-0.744441449642181,0.659658193588257
10.0391457080841,1,-0.486040085554123,-0.517360508441925,0.113476321101189,-0.0793770849704742,0.067833423614502,-0.744722783565521,0.659155488014221
10.0491397380829,1,-0.484980583190918,-0.519223749637604,0.114092588424683,-0.0834726840257645,0.0614804811775684,-0.744544267654419,0.659474313259125
10.0688683986664,1,-0.483956456184387,-0.52095502614975,0.114591807126999,-0.0873030126094818,0.0553327463567257,-0.744350612163544,0.659741401672363
10.0887906551361,1,-0.482707321643829,-0.522618591785431,0.115166932344437,-0.0907091572880745,0.0484872460365295,-0.744103252887726,0.660099446773529
10.1175456047058,1,-0.481753706932068,-0.524021804332733,0.115688592195511,-0.0940955653786659,0.0426104366779327,-0.743426620960236,0.660792887210846
10.129385471344,1,-0.48144069314003,-0.524265468120575,0.115798264741898,-0.0962562635540962,0.0407074727118015,-0.74260014295578,0.661530673503876
10.1488885879517,1,-0.481882095336914,-0.523810625076294,0.115608602762222,-0.0984172821044922,0.0422969348728657,-0.741574704647064,0.662262797355652
10.1683788299561,1,-0.483295470476151,-0.522142827510834,0.114898011088371,-0.0999060645699501,0.0490622408688068,-0.740276753902435,0.66302502155304
10.1985504627228,1,-0.485033959150314,-0.519782364368439,0.114059641957283,-0.101181194186211,0.0582305639982224,-0.738587021827698,0.66397351026535
10.2114155292511,1,-0.486836612224579,-0.51741099357605,0.113269992172718,-0.102185525000095,0.0676244646310806,-0.737560093402863,0.664070963859558
10.2300276756287,1,-0.488498687744141,-0.515913844108582,0.112807527184486,-0.104463919997215,0.0746856108307838,-0.737098932266235,0.663471698760986
10.2489490509033,1,-0.489218175411224,-0.515585958957672,0.112606093287468,-0.106396161019802,0.0771361067891121,-0.737228631973267,0.662739753723145
10.2823166847229,1,-0.488676518201828,-0.516784131526947,0.112802594900131,-0.108893781900406,0.0733187794685364,-0.737080872058868,0.662931561470032
10.2915730476379,1,-0.487436294555664,-0.518877506256104,0.11335726082325,-0.112153716385365,0.065742701292038,-0.736606001853943,0.663710057735443
10.3088250160217,1,-0.485966831445694,-0.521187245845795,0.114071771502495,-0.115218125283718,0.0567596293985844,-0.736262381076813,0.664395213127136
10.3298020362854,1,-0.484538108110428,-0.523042440414429,0.114733815193176,-0.11704944819212,0.0487534068524837,-0.736022114753723,0.66497677564621
10.365837097168,1,-0.484183609485626,-0.523334205150604,0.114963203668594,-0.118002988398075,0.0472354590892792,-0.735323846340179,0.665689945220947
10.3707756996155,1,-0.48499596118927,-0.521949291229248,0.11455550044775,-0.117890857160091,0.0522532612085342,-0.734443843364716,0.666306018829346
10.3896238803864,1,-0.486060947179794,-0.520026922225952,0.113833539187908,-0.117188684642315,0.058809507638216,-0.733624756336212,0.666785597801208
10.4090254306793,1,-0.486682534217834,-0.518987536430359,0.113356105983257,-0.117334768176079,0.0617769546806812,-0.732958316802979,0.667224407196045
10.4504041671753,1,-0.486269146203995,-0.519643247127533,0.113397128880024,-0.118009962141514,0.0580659471452236,-0.731919050216675,0.668578028678894
10.4524013996124,1,-0.485559523105621,-0.521286249160767,0.113848857581615,-0.11889772862196,0.0511776953935623,-0.731075584888458,0.669905006885529
10.4701914787292,1,-0.484575778245926,-0.522973418235779,0.114480808377266,-0.118732653558254,0.0434580929577351,-0.730201900005341,0.671430647373199
10.4889209270477,1,-0.484261989593506,-0.523544132709503,0.1147705540061,-0.117975376546383,0.0404218137264252,-0.729249775409698,0.672787189483643
10.5327076911926,1,-0.485155671834946,-0.522363185882568,0.114429399371147,-0.116140529513359,0.0450972691178322,-0.729147911071777,0.672919809818268
10.5422425270081,1,-0.486570537090302,-0.520246982574463,0.113688208162785,-0.113523058593273,0.0539372973144054,-0.729467213153839,0.672369599342346
10.5493874549866,1,-0.487790793180466,-0.518247961997986,0.112980797886848,-0.111044354736805,0.0625837817788124,-0.729581594467163,0.671910107135773
10.5709664821625,1,-0.487874388694763,-0.517646133899689,0.112733244895935,-0.109962165355682,0.0651435703039169,-0.730345785617828,0.671014010906219
10.5939972400665,1,-0.486848324537277,-0.518144428730011,0.112732775509357,-0.10908617824316,0.0622335225343704,-0.731763124465942,0.669888079166412
10.6077342033386,1,-0.485566824674606,-0.519507110118866,0.11315806210041,-0.109712027013302,0.0564645454287529,-0.732723414897919,0.669246912002563
10.6275181770325,1,-0.484986543655396,-0.520315408706665,0.113483026623726,-0.109832599759102,0.0535161308944225,-0.733241319656372,0.668902099132538
10.6484425067902,1,-0.485437393188477,-0.520060896873474,0.113458216190338,-0.109274663031101,0.0552936233580112,-0.733054637908936,0.669053554534912
10.66783618927,1,-0.4863440990448,-0.519562363624573,0.113288000226021,-0.10884553194046,0.0589684210717678,-0.73269921541214,0.669198989868164
10.6909832954407,1,-0.487086147069931,-0.519185245037079,0.113178104162216,-0.107903324067593,0.0618611313402653,-0.733153462409973,0.668592631816864
10.7085335254669,1,-0.486673027276993,-0.519706308841705,0.113422632217407,-0.105655491352081,0.0599312819540501,-0.734054625034332,0.668138563632965
10.7321176528931,1,-0.486033469438553,-0.519976556301117,0.113444723188877,-0.101366564631462,0.0583418793976307,-0.734850883483887,0.66806834936142
10.7478694915771,1,-0.485198438167572,-0.519771218299866,0.113330036401749,-0.0946825072169304,0.0575511753559113,-0.736056387424469,0.667790532112122
10.7676472663879,1,-0.4845370054245,-0.519880831241608,0.113565482199192,-0.0894814282655716,0.056118305772543,-0.736575305461884,0.668057441711426
10.7948982715607,1,-0.484238058328629,-0.519312679767609,0.113475456833839,-0.0832440257072449,0.0569277070462704,-0.737284660339355,0.668012797832489
10.8116135597229,1,-0.484000980854034,-0.518316924571991,0.113142430782318,-0.0764291658997536,0.0582652762532234,-0.73780882358551,0.668133139610291
10.830001115799,1,-0.484165877103806,-0.518001139163971,0.113001972436905,-0.0723622217774391,0.0584992207586765,-0.73824942111969,0.668078899383545
10.8556191921234,1,-0.484440952539444,-0.518133878707886,0.112976178526878,-0.0700006559491158,0.0577451400458813,-0.7383993268013,0.668230414390564
10.8733668327332,1,-0.484467893838882,-0.518601059913635,0.113062769174576,-0.0681396573781967,0.0558300279080868,-0.738861739635468,0.668074429035187
10.8890099525452,1,-0.484532505273819,-0.518905103206635,0.113159634172916,-0.0658630207180977,0.0544931478798389,-0.739567339420319,0.667632162570953
10.9106941223145,1,-0.483899116516113,-0.518603980541229,0.11304434388876,-0.0603496804833412,0.0533587262034416,-0.739288508892059,0.668553233146667
10.9441454410553,1,-0.483897715806961,-0.5182204246521,0.113031037151814,-0.0556809678673744,0.0539208315312862,-0.739524900913239,0.668651819229126
10.9531342983246,1,-0.483407557010651,-0.517940402030945,0.113018587231636,-0.0498675666749477,0.0532288514077663,-0.739731788635254,0.668937087059021
10.9692957401276,1,-0.48272106051445,-0.517293572425842,0.112818241119385,-0.0420406386256218,0.0533326342701912,-0.740247368812561,0.668896198272705
10.989319562912,1,-0.482074409723282,-0.517288446426392,0.112911947071552,-0.036219447851181,0.0518681854009628,-0.74031674861908,0.669275045394897
11.023725271225,1,-0.482422322034836,-0.517498314380646,0.112991459667683,-0.0333292558789253,0.0522023364901543,-0.740657329559326,0.66902232170105
11.0364012718201,1,-0.48239853978157,-0.517772078514099,0.113038554787636,-0.029969297349453,0.0515224412083626,-0.740829169750214,0.669043660163879
11.0494184494019,1,-0.482702553272247,-0.517433285713196,0.112908631563187,-0.0263314284384251,0.0528450086712837,-0.741332232952118,0.668536245822906
11.0691955089569,1,-0.482786446809769,-0.517354726791382,0.112965852022171,-0.0232973117381334,0.0529021844267845,-0.741775572299957,0.668152391910553
11.1060321331024,1,-0.482623845338821,-0.517283976078033,0.112892158329487,-0.0201317667961121,0.0528678223490715,-0.742191553115845,0.667796015739441
11.1099216938019,1,-0.4820716381073,-0.517039775848389,0.112890608608723,-0.0164871085435152,0.0523364655673504,-0.742960155010223,0.667082667350769
11.1286857128143,1,-0.481506764888763,-0.516732037067413,0.112933069467545,-0.0127886217087507,0.0520824454724789,-0.743449985980988,0.66663783788681
11.1485888957977,1,-0.481392323970795,-0.516309022903442,0.112864069640636,-0.00970444176346064,0.0531712770462036,-0.743817031383514,0.666194379329681
11.1806688308716,1,-0.481412053108215,-0.515801906585693,0.11270360648632,-0.00687466561794281,0.054875586181879,-0.74453467130661,0.665289044380188
11.1897096633911,1,-0.48177969455719,-0.516481339931488,0.112803995609283,-0.00754035962745547,0.0548066310584545,-0.745761334896088,0.663912236690521
11.2095110416412,1,-0.482124894857407,-0.517102897167206,0.11293351650238,-0.00809140410274267,0.0549960285425186,-0.747466683387756,0.661969542503357
11.2288527488708,1,-0.482185840606689,-0.51678079366684,0.112832583487034,-0.00639608176425099,0.0569798648357391,-0.748840391635895,0.660265445709229
11.2587432861328,1,-0.482075124979019,-0.516184449195862,0.11275677382946,-0.00445753103122115,0.0590620115399361,-0.749704837799072,0.659116506576538
11.2707748413086,1,-0.481713861227036,-0.515665829181671,0.11269935965538,-0.00277364091016352,0.0600385740399361,-0.750246405601501,0.658420860767365
11.2894721031189,1,-0.481276720762253,-0.515516996383667,0.11269249022007,-0.00150577607564628,0.0600548200309277,-0.750856339931488,0.657727777957916
11.3089993000031,1,-0.481245458126068,-0.515443623065948,0.112726658582687,-0.00123297434765846,0.0611559264361858,-0.751719057559967,0.656640648841858
11.3388941287994,1,-0.481549173593521,-0.515657186508179,0.112787023186684,-0.00235399883240461,0.0626544281840324,-0.752949357032776,0.655084848403931
11.3486678600311,1,-0.481979578733444,-0.516092836856842,0.112776100635529,-0.00446442514657974,0.0640486851334572,-0.754482626914978,0.653172135353088
11.3698134422302,1,-0.482311278581619,-0.516469419002533,0.112763062119484,-0.00644864793866873,0.0654627978801727,-0.755798161029816,0.651492178440094
11.4122583866119,1,-0.482466369867325,-0.51632821559906,0.11273093521595,-0.00731800124049187,0.0679528415203094,-0.757103383541107,0.649710237979889
11.4159507751465,1,-0.48219496011734,-0.515939652919769,0.112733498215675,-0.00739766703918576,0.0698950663208961,-0.758115649223328,0.648321449756622
11.4284915924072,1,-0.481902360916138,-0.51535028219223,0.11271495372057,-0.00748642161488533,0.0722036510705948,-0.758956789970398,0.647082149982452
11.4500358104706,1,-0.481734752655029,-0.515120029449463,0.112715922296047,-0.0088069848716259,0.0740392357110977,-0.760398924350739,0.645162045955658
11.4737439155579,1,-0.481765568256378,-0.515143930912018,0.112704828381538,-0.0106891198083758,0.0757376402616501,-0.761551380157471,0.643575310707092
11.4934108257294,1,-0.482188642024994,-0.515634834766388,0.112731441855431,-0.0129242800176144,0.0765623301267624,-0.762006938457489,0.642897129058838
11.5096681118011,1,-0.482751846313477,-0.516029715538025,0.112716540694237,-0.0142941223457456,0.0775124505162239,-0.762013673782349,0.642746210098267
11.529974937439,1,-0.482853591442108,-0.516119658946991,0.112723216414452,-0.0133821796625853,0.0780215710401535,-0.762070059776306,0.642637491226196
11.5496652126312,1,-0.48269510269165,-0.515897154808044,0.112737558782101,-0.0115189645439386,0.0785638242959976,-0.762026786804199,0.642658710479736
11.5812382698059,1,-0.482380837202072,-0.515272378921509,0.112687282264233,-0.0089764092117548,0.0794901102781296,-0.761898636817932,0.64273738861084
11.5940656661987,1,-0.481976747512817,-0.514712750911713,0.112605631351471,-0.00684231286868453,0.0798748061060905,-0.761636137962341,0.643026888370514
11.6085693836212,1,-0.481887072324753,-0.514592409133911,0.112561821937561,-0.00669706659391522,0.0796084478497505,-0.761304378509521,0.643454194068909
11.6296184062958,1,-0.482028603553772,-0.51496434211731,0.11255656182766,-0.00823194999247789,0.0787957012653351,-0.761029720306396,0.643861174583435
11.6675639152527,1,-0.482431352138519,-0.515845835208893,0.112636581063271,-0.0113358553498983,0.0776672959327698,-0.761161923408508,0.64379495382309
11.670342206955,1,-0.482796043157578,-0.516254842281342,0.112644746899605,-0.0129475435242057,0.0779096633195877,-0.761263251304626,0.643615365028381
11.6909639835358,1,-0.482778817415237,-0.515884101390839,0.112548805773258,-0.0118406312540174,0.0793325304985046,-0.761140286922455,0.643608391284943
11.7093353271484,1,-0.482324659824371,-0.515112280845642,0.112434834241867,-0.00903563760221004,0.0809016153216362,-0.761105477809906,0.643499612808228
11.7481000423431,1,-0.481849551200867,-0.514593958854675,0.112355798482895,-0.00695674400776625,0.0818704590201378,-0.761153638362885,0.643346011638641
11.7496569156647,1,-0.482138156890869,-0.51473069190979,0.112379617989063,-0.00807019602507353,0.0827759355306625,-0.761565506458282,0.64272940158844
11.7716581821442,1,-0.483087211847305,-0.515646040439606,0.11251612007618,-0.0120659014210105,0.0832059383392334,-0.762060523033142,0.642024099826813
11.7907450199127,1,-0.482470542192459,-0.515049457550049,0.112353108823299,-0.00898924097418785,0.0839881151914597,-0.762194037437439,0.641814231872559
11.8120682239532,1,-0.481985569000244,-0.514181435108185,0.112199574708939,-0.00603503361344337,0.0855950564146042,-0.762543022632599,0.641221642494202
11.8290162086487,1,-0.482889711856842,-0.515288054943085,0.112426653504372,-0.0101167727261782,0.0850342735648155,-0.762656211853027,0.641110360622406
11.8487949371338,1,-0.48250675201416,-0.51499742269516,0.11225463449955,-0.00805246736854315,0.0850148051977158,-0.762316942214966,0.641545355319977
11.8685073852539,1,-0.481937617063522,-0.514171302318573,0.112086899578571,-0.00527083687484264,0.0859429761767387,-0.762459635734558,0.641281008720398
11.8899521827698,1,-0.482820451259613,-0.515323221683502,0.112321771681309,-0.00992036610841751,0.0849293097853661,-0.762430667877197,0.641395449638367
11.9090220928192,1,-0.482587516307831,-0.515194475650787,0.112206190824509,-0.00874875579029322,0.0842802673578262,-0.761840283870697,0.642199039459229
11.9341471195221,1,-0.481885850429535,-0.51436984539032,0.112010516226292,-0.00545985158532858,0.0840226262807846,-0.761540293693542,0.642625033855438
11.9582235813141,1,-0.482605010271072,-0.515352427959442,0.112175494432449,-0.0090345274657011,0.082233339548111,-0.760938823223114,0.643527865409851
11.9676926136017,1,-0.482786864042282,-0.515280306339264,0.11206066608429,-0.00834209937602282,0.081524521112442,-0.760054051876068,0.644672036170959
11.9899854660034,1,-0.481746137142181,-0.514192938804626,0.111797168850899,-0.00349818659015,0.0812709257006645,-0.759590685367584,0.645294308662415
12.0247285366058,1,-0.482400566339493,-0.515118181705475,0.112013652920723,-0.00697456626221538,0.0801100879907608,-0.759885549545288,0.645064055919647
12.0286335945129,1,-0.482989907264709,-0.515771150588989,0.112028405070305,-0.00903647392988205,0.0796633884310722,-0.759729266166687,0.645277976989746
12.0478308200836,1,-0.48200985789299,-0.514578819274902,0.111720509827137,-0.00389890023507178,0.0807410776615143,-0.75963020324707,0.645312011241913
12.0695042610168,1,-0.482080698013306,-0.514524340629578,0.111744433641434,-0.00436981255188584,0.0816804468631744,-0.760316431522369,0.644382119178772
12.1020181179047,1,-0.482968032360077,-0.515725672245026,0.111964553594589,-0.00875505059957504,0.0811249315738678,-0.760683059692383,0.643974661827087
12.114253282547,1,-0.48221156001091,-0.514764904975891,0.111689075827599,-0.00455963797867298,0.0819096267223358,-0.760493099689484,0.644143104553223
12.1289913654327,1,-0.481744170188904,-0.514389932155609,0.111635118722916,-0.00282528018578887,0.0815869495272636,-0.760514557361603,0.644168674945831
12.1491038799286,1,-0.482790350914001,-0.515582084655762,0.111846059560776,-0.00760952103883028,0.0802644044160843,-0.760241568088531,0.644618213176727
12.1811120510101,1,-0.482522904872894,-0.515248417854309,0.111655086278915,-0.00578996073454618,0.0793231204152107,-0.75946033000946,0.645673632621765
12.1937303543091,1,-0.481624215841293,-0.514383018016815,0.111434265971184,-0.00198581721633673,0.0785898193717003,-0.759076058864594,0.646237909793854
12.2090003490448,1,-0.482261478900909,-0.515234589576721,0.111594304442406,-0.00533503154292703,0.0774039775133133,-0.758937120437622,0.646525084972382
12.2290098667145,1,-0.482884377241135,-0.515627503395081,0.111524552106857,-0.006937550380826,0.0775410085916519,-0.758473694324493,0.647037029266357
12.2704393863678,1,-0.481960445642471,-0.514515519142151,0.111301466822624,-0.00210602744482458,0.0784987434744835,-0.758233606815338,0.647236704826355
12.2891874313354,1,-0.482756108045578,-0.515716433525085,0.111534282565117,-0.00600334303453565,0.0788485184311867,-0.759250521659851,0.645976364612579
12.3095638751984,1,-0.48215126991272,-0.515087723731995,0.111355394124985,-0.00265195523388684,0.0796728879213333,-0.759280204772949,0.645862758159637
12.3297374248505,1,-0.481444478034973,-0.514739751815796,0.111311204731464,-0.000482713541714475,0.079365648329258,-0.759797334671021,0.645297527313232
12.3555910587311,1,-0.482533544301987,-0.515867352485657,0.111564129590988,-0.00542963948100805,0.0788133889436722,-0.759755253791809,0.645391941070557
12.3693358898163,1,-0.4824059009552,-0.515455007553101,0.111355379223824,-0.00375338364392519,0.0784568563103676,-0.758822858333588,0.646543264389038
12.3897523880005,1,-0.481520891189575,-0.51434326171875,0.111124902963638,0.000318489852361381,0.07814821600914,-0.758270978927612,0.647238612174988
12.4355776309967,1,-0.482266962528229,-0.51532781124115,0.111285671591759,-0.00408112676814198,0.0765852928161621,-0.758159637451172,0.647543132305145
12.4377217292786,1,-0.48278072476387,-0.515794217586517,0.111254945397377,-0.0060169892385602,0.0759273394942284,-0.757575392723083,0.64828884601593
12.4500353336334,1,-0.481868267059326,-0.51461398601532,0.111042305827141,-0.00135667040012777,0.0765682905912399,-0.757062673568726,0.648838579654694
12.4696452617645,1,-0.482058882713318,-0.514752984046936,0.111051104962826,-0.00254913186654449,0.0768173933029175,-0.757328152656555,0.64849579334259
12.4891946315765,1,-0.482906758785248,-0.515647768974304,0.111111104488373,-0.00645562121644616,0.076829731464386,-0.75724333524704,0.64856618642807
12.5194585323334,1,-0.482141137123108,-0.514393508434296,0.110875993967056,-0.00192946242168546,0.0784710720181465,-0.757240474224091,0.648402214050293
12.5296397209167,1,-0.481779515743256,-0.514192759990692,0.110863819718361,-0.00109376269392669,0.0786756947636604,-0.757931590080261,0.647571384906769
12.5498511791229,1,-0.482957899570465,-0.515340626239777,0.110990598797798,-0.00605701887980103,0.0786257162690163,-0.758047997951508,0.647413730621338
12.5691759586334,1,-0.482455402612686,-0.514734983444214,0.110845685005188,-0.00287239160388708,0.0785558074712753,-0.757698953151703,0.647852659225464
12.6033508777618,1,-0.48161044716835,-0.513932466506958,0.110725119709969,0.000714484194759279,0.0783700346946716,-0.757614195346832,0.647980213165283
12.6132190227509,1,-0.482405602931976,-0.514952838420868,0.11087042838335,-0.00335032236762345,0.0771746709942818,-0.757675647735596,0.648043632507324
12.6285698413849,1,-0.482902646064758,-0.515430450439453,0.110836505889893,-0.00504621863365173,0.0764865949749947,-0.757404863834381,0.648430705070496
12.6498744487762,1,-0.481859028339386,-0.514527320861816,0.110667005181313,-0.000704088830389082,0.0760078653693199,-0.756816565990448,0.649192750453949
12.6914758682251,1,-0.482083737850189,-0.514578402042389,0.110639430582523,-0.00170714512933046,0.0760678350925446,-0.75705760717392,0.648902595043182
12.6951248645782,1,-0.483001917600632,-0.515344262123108,0.110670156776905,-0.00539922900497913,0.0760360360145569,-0.756965756416321,0.648993253707886
12.709016084671,1,-0.482074528932571,-0.514588177204132,0.110496118664742,-0.00153849087655544,0.0758090615272522,-0.756681680679321,0.649371564388275
12.7285838127136,1,-0.481765538454056,-0.514029383659363,0.11041422188282,-0.000141475917189382,0.0763436034321785,-0.756726264953613,0.649258852005005
12.7619791030884,1,-0.482988715171814,-0.51510351896286,0.110527560114861,-0.0053507462143898,0.0759711340069771,-0.756737589836121,0.649267256259918
12.7707931995392,1,-0.482615053653717,-0.514949560165405,0.110378175973892,-0.00372108886949718,0.0751258283853531,-0.756392657756805,0.64977890253067
12.7876837253571,1,-0.481618523597717,-0.514187514781952,0.110259965062141,5.94772354816087e-05,0.0745130628347397,-0.756152272224426,0.65013974905014
12.8312819004059,1,-0.482486397027969,-0.515016555786133,0.110416069626808,-0.00389696797356009,0.0740251988172531,-0.756039619445801,0.650314748287201
12.8333549499512,1,-0.482689708471298,-0.51518052816391,0.11031910777092,-0.00394109124317765,0.0736693516373634,-0.755913496017456,0.650501370429993
12.8489882946014,1,-0.481635093688965,-0.514116942882538,0.110109910368919,0.000660859397612512,0.0735088884830475,-0.755588412284851,0.650908827781677
12.8698124885559,1,-0.481923401355743,-0.514843463897705,0.110272839665413,-0.00187916215509176,0.0723038464784622,-0.755967736244202,0.650600731372833
12.9092288017273,1,-0.482794582843781,-0.515911817550659,0.11040785908699,-0.00567031698301435,0.0714484229683876,-0.755628347396851,0.651067495346069
12.9119379520416,1,-0.482061207294464,-0.514752209186554,0.110206872224808,-0.00103254232089967,0.0720893815159798,-0.755491614341736,0.651179313659668
12.9292726516724,1,-0.481478720903397,-0.513997316360474,0.110036626458168,0.00195465446449816,0.0721951276063919,-0.755410432815552,0.65125972032547
12.9494528770447,1,-0.482424765825272,-0.515617191791534,0.110247194766998,-0.00326848751865327,0.0695081427693367,-0.755166292190552,0.651829540729523
12.995044708252,1,-0.482460051774979,-0.515568733215332,0.110152900218964,-0.00239668926224113,0.0687466189265251,-0.754589021205902,0.652582287788391
13.0099966526031,1,-0.48181676864624,-0.515164017677307,0.11011378467083,-0.000653002876788378,0.0670168176293373,-0.753703534603119,0.653788506984711
13.0292901992798,1,-0.482513248920441,-0.515711843967438,0.110108122229576,-0.00362874986603856,0.0670294091105461,-0.753618717193604,0.653875112533569
13.0740277767181,1,-0.481744587421417,-0.51451575756073,0.109935134649277,0.000187004770850763,0.0684197992086411,-0.753497183322906,0.653881132602692
13.0775098800659,1,-0.481379956007004,-0.514273345470428,0.109929144382477,0.000770179321989417,0.0689553469419479,-0.754021108150482,0.653220236301422
13.0892045497894,1,-0.482179999351501,-0.515398561954498,0.110060036182404,-0.00380573980510235,0.0690706968307495,-0.754773676395416,0.6523277759552
13.1091721057892,1,-0.482374399900436,-0.515026569366455,0.109863117337227,-0.0029606067109853,0.0709959119558334,-0.754948437213898,0.651923179626465
13.1293253898621,1,-0.481723338365555,-0.514299511909485,0.109823197126389,0.000146620877785608,0.0715227127075195,-0.754982352256775,0.651832938194275
13.1600844860077,1,-0.481703370809555,-0.514521718025208,0.109898701310158,-0.000463312288047746,0.0708894804120064,-0.755438029766083,0.65137380361557
13.1721894741058,1,-0.482350200414658,-0.515124380588531,0.109836429357529,-0.0025741420686245,0.0707960948348045,-0.755270898342133,0.651572942733765
13.1890199184418,1,-0.482236921787262,-0.515716373920441,0.109888643026352,-0.00278872204944491,0.0689034014940262,-0.755219399929047,0.651834607124329
13.225394487381,1,-0.481557220220566,-0.514904677867889,0.10989648103714,0.00043178946361877,0.0686865225434303,-0.754644811153412,0.652528405189514
13.2317461967468,1,-0.481317818164825,-0.51509952545166,0.109865844249725,0.000597027712501585,0.066941149532795,-0.754749834537506,0.652588188648224
13.2490317821503,1,-0.482053965330124,-0.516149997711182,0.109925858676434,-0.00318742729723454,0.0655198842287064,-0.754734218120575,0.652742803096771
13.2831013202667,1,-0.481932997703552,-0.516197204589844,0.109938435256481,-0.0026457542553544,0.0652438104152679,-0.754660725593567,0.652858018875122
13.287579536438,1,-0.481238007545471,-0.515066742897034,0.109779566526413,0.00130688666831702,0.0666584670543671,-0.754296720027924,0.653139650821686
13.3090891838074,1,-0.481468945741653,-0.515543222427368,0.109778359532356,-6.64470135234296e-05,0.0657209828495979,-0.754859268665314,0.652585744857788
13.3360903263092,1,-0.482155382633209,-0.51626443862915,0.109855458140373,-0.00291694467887282,0.0651276931166649,-0.75458163022995,0.652959764003754
13.3479924201965,1,-0.481517136096954,-0.515813767910004,0.109795391559601,-0.000260706117842346,0.0644294917583466,-0.754522681236267,0.653103649616241
13.379013299942,1,-0.481127798557281,-0.515116274356842,0.10969815403223,0.00194718944840133,0.0652016177773476,-0.75409722328186,0.653515338897705
13.3906898498535,1,-0.482030600309372,-0.515609681606293,0.109654143452644,-0.000717968738172203,0.0660432428121567,-0.754353702068329,0.65313720703125
13.408994436264,1,-0.482181072235107,-0.51531857252121,0.109521433711052,0.000478364760056138,0.0664705783128738,-0.753657698631287,0.653897225856781
13.4418389797211,1,-0.481351912021637,-0.514781355857849,0.10942704975605,0.0040298686362803,0.0645908489823341,-0.752977609634399,0.654856145381927
13.4485378265381,1,-0.481300294399261,-0.515337944030762,0.109653517603874,0.00279076769948006,0.062263485044241,-0.752459526062012,0.655682981014252
13.4684026241302,1,-0.481712102890015,-0.516077935695648,0.10964622348547,0.000795872299931943,0.0610511787235737,-0.752662837505341,0.655569076538086
13.4907686710358,1,-0.481605648994446,-0.515723049640656,0.109406620264053,0.00270730839110911,0.0611567720770836,-0.752003908157349,0.656309902667999
13.513355255127,1,-0.481038630008698,-0.514780759811401,0.10929261893034,0.00630452809855342,0.0610723309218884,-0.751798272132874,0.65652871131897
13.5286319255829,1,-0.481055021286011,-0.515823423862457,0.109504021704197,0.00409343605861068,0.0581610426306725,-0.752117574214935,0.656444728374481
13.5504615306854,1,-0.481417894363403,-0.516761541366577,0.109557062387466,0.00181307864841074,0.0569086112082005,-0.752077162265778,0.656611084938049
13.5698959827423,1,-0.481314718723297,-0.515738666057587,0.109370239078999,0.0043770270422101,0.0596222504973412,-0.752407193183899,0.655979812145233
13.589145898819,1,-0.481031507253647,-0.514619767665863,0.109267339110374,0.00697057973593473,0.0621505938470364,-0.752633392810822,0.655462920665741
13.6093814373016,1,-0.481555312871933,-0.515369951725006,0.109326221048832,0.00380931608378887,0.0619101412594318,-0.753171384334564,0.654893517494202
13.6368584632874,1,-0.481941223144531,-0.515613377094269,0.10922560095787,0.0024389186874032,0.0625212118029594,-0.753333449363708,0.654655635356903
13.6494100093842,1,-0.481297582387924,-0.514293074607849,0.109055757522583,0.0066402442753315,0.0637494996190071,-0.753477275371552,0.654342293739319
13.6704704761505,1,-0.481274574995041,-0.514584839344025,0.109215900301933,0.00560082914307714,0.0625240355730057,-0.753089308738708,0.654916763305664
13.6950080394745,1,-0.481811583042145,-0.515750169754028,0.109288588166237,0.00202022097073495,0.0605888850986958,-0.753002107143402,0.655219614505768
13.7185826301575,1,-0.481532245874405,-0.515643715858459,0.109157055616379,0.00345999584533274,0.0597802363336086,-0.752993643283844,0.655297696590424
13.7305262088776,1,-0.480910092592239,-0.515154480934143,0.109156161546707,0.00586928147822618,0.0589783079922199,-0.752825677394867,0.655546128749847
13.7520804405212,1,-0.480924189090729,-0.515572369098663,0.109256580471992,0.00508533837273717,0.0576150231063366,-0.753083109855652,0.65537816286087
13.7689905166626,1,-0.481416195631027,-0.516133069992065,0.109285771846771,0.00320935645140707,0.0569643564522266,-0.752719104290009,0.655864953994751
13.7979967594147,1,-0.481515288352966,-0.516356110572815,0.109280958771706,0.00265571265481412,0.0569431483745575,-0.753014743328094,0.655529737472534
13.8099715709686,1,-0.480825811624527,-0.51526802778244,0.109151653945446,0.00594576867297292,0.0582738295197487,-0.753205299377441,0.655172288417816
13.8292212486267,1,-0.481020390987396,-0.51544177532196,0.109148740768433,0.00426061917096376,0.0585648976266384,-0.754077792167664,0.654155015945435
13.8706398010254,1,-0.481703251600266,-0.516498804092407,0.109304197132587,0.000174149186932482,0.0578467696905136,-0.754818260669708,0.653378129005432
13.873702287674,1,-0.481227993965149,-0.515440464019775,0.109195128083229,0.00338487536646426,0.0597499571740627,-0.754963278770447,0.653030693531036
13.8894670009613,1,-0.48082172870636,-0.514942765235901,0.109121985733509,0.00513586960732937,0.0603684782981873,-0.75522118806839,0.652664065361023
13.909542798996,1,-0.481472462415695,-0.516072392463684,0.109197981655598,0.00148329499643296,0.0591230653226376,-0.755716502666473,0.652222990989685
13.9296712875366,1,-0.481477439403534,-0.515790700912476,0.109158515930176,0.00289325346238911,0.059372141957283,-0.755590796470642,0.652341306209564
13.9620144367218,1,-0.480842888355255,-0.514770448207855,0.109048068523407,0.0067359795793891,0.059987124055624,-0.754928290843964,0.653023302555084
13.9727895259857,1,-0.481049507856369,-0.516142189502716,0.109232902526855,0.00343766738660634,0.0568609833717346,-0.75499439239502,0.653252303600311
13.9907157421112,1,-0.481654822826385,-0.516577839851379,0.109235905110836,0.00136211479548365,0.0570397526025772,-0.754919171333313,0.653331279754639
14.0092339515686,1,-0.481264293193817,-0.515092015266418,0.108992353081703,0.00533150369301438,0.0598143823444843,-0.755256474018097,0.652672529220581
14.0456690788269,1,-0.480888664722443,-0.514339089393616,0.108862206339836,0.00723448162898421,0.0612968504428864,-0.755511224269867,0.652221739292145
14.0511965751648,1,-0.481595456600189,-0.515758574008942,0.109043687582016,0.00236133532598615,0.0601504668593407,-0.75612860918045,0.651648581027985
14.0701682567596,1,-0.481758058071136,-0.515788435935974,0.109085537493229,0.00204041902907193,0.0612157881259918,-0.7565638422966,0.651045024394989
14.0881099700928,1,-0.480966210365295,-0.514058291912079,0.108827129006386,0.00733332615345716,0.0641573444008827,-0.7567458152771,0.650512099266052
14.1092464923859,1,-0.481277585029602,-0.514920234680176,0.108897387981415,0.00461322395130992,0.0628300607204437,-0.756892800331116,0.650495529174805
14.1280100345612,1,-0.481899201869965,-0.516234219074249,0.109126940369606,0.000304861343465745,0.0610236637294292,-0.75695675611496,0.650609314441681
14.1562571525574,1,-0.481395244598389,-0.515078365802765,0.109000280499458,0.00383715657517314,0.062561996281147,-0.756732642650604,0.650712728500366
14.1723036766052,1,-0.48090186715126,-0.514355957508087,0.108807384967804,0.00634466530755162,0.0632247775793076,-0.756875395774841,0.650463044643402
14.1887092590332,1,-0.481662541627884,-0.515901625156403,0.109025895595551,0.00142578559461981,0.061031561344862,-0.756760895252228,0.650834918022156
14.2089264392853,1,-0.481748759746552,-0.516498029232025,0.109233900904655,0.000610362214501947,0.0595014430582523,-0.756840169429779,0.650885760784149
14.2374794483185,1,-0.480926245450974,-0.51485139131546,0.108944706618786,0.00617263140156865,0.0615950971841812,-0.756471276283264,0.651090800762177
14.2485268115997,1,-0.481032907962799,-0.515378534793854,0.108924746513367,0.00470860488712788,0.06059854850173,-0.757032752037048,0.650543749332428
14.2692613601685,1,-0.481795519590378,-0.516658186912537,0.109222523868084,0.000327851535985246,0.0589517466723919,-0.756976068019867,0.650777876377106
14.2932589054108,1,-0.481289029121399,-0.515615165233612,0.109077498316765,0.0043822480365634,0.059906791895628,-0.756976187229156,0.65067583322525
14.3080310821533,1,-0.480731278657913,-0.514357507228851,0.108819164335728,0.0083685265854001,0.0611506290733814,-0.756153583526611,0.651476979255676
14.3282444477081,1,-0.481182217597961,-0.516873598098755,0.109197601675987,0.00216509005986154,0.055363591760397,-0.756215393543243,0.651972711086273
14.3666813373566,1,-0.481806099414825,-0.516787528991699,0.10920187830925,0.00115772429853678,0.0566217601299286,-0.755881190299988,0.652254819869995
14.3698348999023,1,-0.481188982725143,-0.514681935310364,0.108930587768555,0.00674835732206702,0.0604461878538132,-0.755953133106232,0.651794135570526
14.3890180587769,1,-0.481041967868805,-0.514516234397888,0.108802795410156,0.00693514896556735,0.0614031627774239,-0.756784737110138,0.6507368683815
14.4080333709717,1,-0.48180490732193,-0.515866816043854,0.10901091247797,0.00203760247677565,0.0606765374541283,-0.75769054889679,0.649784088134766
14.4406144618988,1,-0.481819033622742,-0.515197098255157,0.108954288065434,0.0034909846726805,0.0628489702939987,-0.758094549179077,0.649099826812744
14.4525909423828,1,-0.481071054935455,-0.514268279075623,0.10878162831068,0.0069827358238399,0.0637411773204803,-0.758456468582153,0.648561537265778
14.4698004722595,1,-0.481440633535385,-0.515247225761414,0.108957871794701,0.0039011538028717,0.062328577041626,-0.758820295333862,0.648299098014832
14.4960236549377,1,-0.482090801000595,-0.516210734844208,0.109169393777847,0.000807239208370447,0.0612621828913689,-0.759042799472809,0.648151516914368
14.5175757408142,1,-0.481679052114487,-0.514951884746552,0.108938775956631,0.00502575421705842,0.0632371380925179,-0.758739233016968,0.64829820394516
14.5301470756531,1,-0.480986177921295,-0.514228045940399,0.108756706118584,0.00801831856369972,0.0635237097740173,-0.758298277854919,0.648755848407745
14.5502316951752,1,-0.481384575366974,-0.515423536300659,0.108960002660751,0.0042912857607007,0.0615382418036461,-0.758410036563873,0.648851871490479
14.5922257900238,1,-0.482106029987335,-0.51630836725235,0.109126329421997,0.000680251978337765,0.0610447935760021,-0.758699715137482,0.648573637008667
14.5949349403381,1,-0.481663942337036,-0.515036821365356,0.108834370970726,0.0046705137938261,0.0633873790502548,-0.758605599403381,0.64844274520874
14.609813451767,1,-0.481129705905914,-0.514412403106689,0.108730778098106,0.00694813393056393,0.0639608800411224,-0.758062839508057,0.649000406265259
14.6299827098846,1,-0.481458604335785,-0.515126466751099,0.108876824378967,0.00461595132946968,0.0630168095231056,-0.758374273777008,0.648749709129333
14.6494629383087,1,-0.482062339782715,-0.515628278255463,0.108872607350349,0.00257230130955577,0.0629695579409599,-0.758467853069305,0.648656070232391
14.6785986423492,1,-0.481907218694687,-0.515034079551697,0.108716003596783,0.00472658686339855,0.0642824321985245,-0.75845330953598,0.648532211780548
14.6894190311432,1,-0.481222987174988,-0.514120161533356,0.108601048588753,0.00837485026568174,0.0653330236673355,-0.75777930021286,0.649177968502045
14.7085378170013,1,-0.481324881315231,-0.514690339565277,0.108691141009331,0.00723124481737614,0.0640351176261902,-0.757638394832611,0.649485468864441
14.7292280197144,1,-0.481833875179291,-0.515543699264526,0.108785659074783,0.00457167718559504,0.0627881214022636,-0.757900059223175,0.649325966835022
14.7619683742523,1,-0.481753587722778,-0.515502095222473,0.108672127127647,0.00531112402677536,0.0629940927028656,-0.757918059825897,0.649279594421387
14.7735285758972,1,-0.481278330087662,-0.514949023723602,0.108653739094734,0.00723875686526299,0.0632504373788834,-0.75778466463089,0.649391651153564
14.7900309562683,1,-0.481139630079269,-0.514458358287811,0.108627036213875,0.00794578529894352,0.064033254981041,-0.757755279541016,0.649340867996216
14.809309720993,1,-0.481445848941803,-0.514980733394623,0.108602926135063,0.00637653097510338,0.0636158585548401,-0.757764458656311,0.649388551712036
14.8369746208191,1,-0.481852412223816,-0.51565009355545,0.10860301554203,0.00446277298033237,0.0630618184804916,-0.757720470428467,0.649509787559509
14.8484034538269,1,-0.481715530157089,-0.515249073505402,0.108591452240944,0.0055164247751236,0.0641817152500153,-0.75821989774704,0.648808896541595
14.8692564964294,1,-0.481256783008575,-0.514431178569794,0.108511239290237,0.00831068679690361,0.0657651871442795,-0.758138358592987,0.648715734481812
14.9008235931396,1,-0.48117396235466,-0.514290571212769,0.108435675501823,0.00902948342263699,0.0662670210003853,-0.758371889591217,0.648382127285004
14.9087650775909,1,-0.481654047966003,-0.514944911003113,0.108412146568298,0.00706466939300299,0.0658659562468529,-0.758652985095978,0.648118436336517
14.9282209873199,1,-0.481991678476334,-0.51548707485199,0.10850415378809,0.00569956842809916,0.0652970224618912,-0.758207619190216,0.648710370063782
14.9525270462036,1,-0.481511354446411,-0.514627516269684,0.108418762683868,0.0091203274205327,0.0655215680599213,-0.757917463779449,0.648987591266632
14.9709522724152,1,-0.481092721223831,-0.513822257518768,0.108234100043774,0.0116364434361458,0.0661049783229828,-0.757045686244965,0.649905204772949
14.9900002479553,1,-0.481122463941574,-0.514152407646179,0.108237080276012,0.0104304729029536,0.0652498453855515,-0.757002174854279,0.650062620639801
15.0090968608856,1,-0.481440097093582,-0.515115201473236,0.108329996466637,0.00754583859816194,0.0638812258839607,-0.757300019264221,0.649891555309296
15.0366857051849,1,-0.481672614812851,-0.515006184577942,0.108225986361504,0.00738011905923486,0.0647986829280853,-0.757331132888794,0.649766325950623
15.0489978790283,1,-0.481774121522903,-0.51502400636673,0.108174294233322,0.00712483935058117,0.0654441863298416,-0.757436692714691,0.649581372737885
15.0692293643951,1,-0.481637865304947,-0.514408707618713,0.108123585581779,0.00849001668393612,0.0672039687633514,-0.757943153381348,0.648794114589691
15.0977845191956,1,-0.481273323297501,-0.513853371143341,0.108062088489532,0.0102065866813064,0.0685892254114151,-0.757904529571533,0.648669481277466
15.1163475513458,1,-0.481132179498672,-0.514020264148712,0.108073353767395,0.0104126371443272,0.0681392028927803,-0.757975578308105,0.648630619049072
15.1288874149323,1,-0.481278598308563,-0.514587938785553,0.108123883605003,0.00911696255207062,0.0672711804509163,-0.75801032781601,0.648700177669525
15.1497964859009,1,-0.481763005256653,-0.515006542205811,0.108137749135494,0.0072857360355556,0.0673799216747284,-0.758160591125488,0.648536324501038
15.1694459915161,1,-0.481769293546677,-0.515045821666718,0.108110770583153,0.0073545053601265,0.0670979097485542,-0.757921934127808,0.648843824863434
15.1960563659668,1,-0.481448292732239,-0.515040099620819,0.108145579695702,0.0078953942283988,0.0657323449850082,-0.758067190647125,0.648807525634766
15.209002494812,1,-0.481115788221359,-0.514821529388428,0.108165428042412,0.00852766633033752,0.0652798116207123,-0.757288038730621,0.649754405021667
15.2295458316803,1,-0.481015413999557,-0.514961183071136,0.108154684305191,0.00794519856572151,0.0644620880484581,-0.757132470607758,0.650024652481079
15.2554411888123,1,-0.481217980384827,-0.515098810195923,0.10800538957119,0.0072061107493937,0.0651383101940155,-0.757651209831238,0.649360954761505
15.2824728488922,1,-0.481567114591599,-0.515019536018372,0.107966646552086,0.00633217254653573,0.0665412843227386,-0.757712841033936,0.649156033992767
15.2889535427094,1,-0.481630712747574,-0.514872789382935,0.108062043786049,0.00640111463144422,0.067596547305584,-0.758102595806122,0.648591041564941
15.3093304634094,1,-0.481297135353088,-0.51434987783432,0.108032040297985,0.0079958364367485,0.0685199722647667,-0.757835328578949,0.648788690567017
15.3287270069122,1,-0.48120704293251,-0.51478374004364,0.108042940497398,0.00715219229459763,0.0670513436198235,-0.758145689964294,0.648589313030243
15.3510265350342,1,-0.481700092554092,-0.51529860496521,0.107996180653572,0.00505391089245677,0.0667463093996048,-0.758074700832367,0.648723483085632
15.3759963512421,1,-0.481793850660324,-0.515087068080902,0.107977606356144,0.00552193867042661,0.0670595765113831,-0.757510781288147,0.649345815181732
15.3894639015198,1,-0.481347024440765,-0.514554619789124,0.107938751578331,0.00770623609423637,0.0664820820093155,-0.757438242435455,0.649467468261719
15.4092421531677,1,-0.481009274721146,-0.514566242694855,0.107928641140461,0.00850142259150743,0.06508719176054,-0.756625413894653,0.650545477867126
15.446830034256,1,-0.480979114770889,-0.51489120721817,0.107883609831333,0.00801580213010311,0.0640723183751106,-0.756421685218811,0.650889277458191
15.4510638713837,1,-0.481488823890686,-0.51581472158432,0.107994318008423,0.00502655236050487,0.0629962682723999,-0.756885826587677,0.650484561920166
15.4697206020355,1,-0.481700479984283,-0.515847206115723,0.108078628778458,0.00440804753452539,0.0638589784502983,-0.756647169589996,0.650682389736176
15.4899713993073,1,-0.481278270483017,-0.514640867710114,0.107905209064484,0.00761074619367719,0.0659182816743851,-0.756553888320923,0.650555968284607
15.5328660011292,1,-0.480845332145691,-0.514512300491333,0.107831060886383,0.00850723404437304,0.0653635859489441,-0.756343126296997,0.65084582567215
15.5345239639282,1,-0.481044709682465,-0.515526652336121,0.107978522777557,0.00582922529429197,0.0633122771978378,-0.756203889846802,0.651239693164825
15.5499806404114,1,-0.481488227844238,-0.515948057174683,0.107953548431396,0.00381679343990982,0.0630767568945885,-0.756474316120148,0.650963425636292
15.5699207782745,1,-0.48162043094635,-0.515615165233612,0.107877321541309,0.0043833926320076,0.0641167536377907,-0.756095886230469,0.651297986507416
15.5896368026733,1,-0.481456339359283,-0.515054285526276,0.107874855399132,0.00572575954720378,0.0650524497032166,-0.755950808525085,0.65136307477951
15.6231772899628,1,-0.481041431427002,-0.514857590198517,0.107883661985397,0.00704539567232132,0.0647010058164597,-0.755780220031738,0.651583075523376
15.6341052055359,1,-0.481001406908035,-0.514813959598541,0.107773505151272,0.00741168996319175,0.0646595507860184,-0.755747258663177,0.651621222496033
15.6495254039764,1,-0.481419742107391,-0.51518177986145,0.10772667825222,0.00598472077399492,0.0649722293019295,-0.755573749542236,0.651806116104126
15.6700010299683,1,-0.481866180896759,-0.51567155122757,0.10781928896904,0.00439509144052863,0.0650264248251915,-0.755953311920166,0.651373028755188
15.7060959339142,1,-0.481742650270462,-0.515765845775604,0.107881225645542,0.00504848547279835,0.0647481381893158,-0.755928575992584,0.651424765586853
15.7096676826477,1,-0.481328010559082,-0.515228986740112,0.107816368341446,0.00770673062652349,0.0651196464896202,-0.756185054779053,0.651063978672028
15.73006939888,1,-0.481089681386948,-0.514908373355865,0.107803091406822,0.00894836615771055,0.0650245472788811,-0.755473017692566,0.651883661746979
15.7497687339783,1,-0.481486052274704,-0.514681458473206,0.107765361666679,0.00768561288714409,0.0663518533110619,-0.754864275455475,0.652470946311951
15.7898571491241,1,-0.481708019971848,-0.514241755008698,0.107620298862457,0.00773066189140081,0.0679665431380272,-0.754538953304291,0.652680456638336
15.7919592857361,1,-0.481248289346695,-0.513871014118195,0.10745645314455,0.00981984101235867,0.0679042339324951,-0.754903614521027,0.652237117290497
15.8091518878937,1,-0.481004446744919,-0.514423787593842,0.1074438393116,0.00938694458454847,0.0664456635713577,-0.755393385887146,0.651826441287994
15.8299658298492,1,-0.481995403766632,-0.515859544277191,0.107704475522041,0.00360392197035253,0.0655800625681877,-0.755323588848114,0.652052521705627
15.8721210956573,1,-0.482339560985565,-0.51532107591629,0.107601642608643,0.00397381279617548,0.0682341530919075,-0.75571221113205,0.65132749080658
15.8772003650665,1,-0.481710761785507,-0.513952016830444,0.107350826263428,0.00864514522254467,0.0706361904740334,-0.756530284881592,0.650075316429138
15.8897349834442,1,-0.48168471455574,-0.513594686985016,0.107431083917618,0.00884123798459768,0.0716541334986687,-0.75620174407959,0.650343358516693
15.9095461368561,1,-0.481797814369202,-0.513813316822052,0.10756791383028,0.00748824374750257,0.0715740546584129,-0.755766093730927,0.650875449180603
15.9384577274323,1,-0.481408506631851,-0.514028012752533,0.107489362359047,0.0082617774605751,0.0701890513300896,-0.756299912929535,0.650396585464478
15.9596846103668,1,-0.481274902820587,-0.514282763004303,0.107346341013908,0.00856951810419559,0.0692848190665245,-0.756207942962646,0.650596559047699
15.9691302776337,1,-0.481843322515488,-0.515073239803314,0.10746131837368,0.00570546323433518,0.0682255700230598,-0.755649387836456,0.65138840675354
15.9888026714325,1,-0.481837719678879,-0.515731871128082,0.107684507966042,0.0047183302231133,0.0661333948373795,-0.755563855171204,0.651711046695709
16.0098607540131,1,-0.481247752904892,-0.515339493751526,0.107709623873234,0.00723953451961279,0.0651225224137306,-0.755526781082153,0.65183287858963
16.0469355583191,1,-0.480939835309982,-0.51464968919754,0.10753333568573,0.00894381012767553,0.065934531390667,-0.754606962203979,0.652794778347015
16.0491354465485,1,-0.480953544378281,-0.515034079551697,0.107492670416832,0.00777472509071231,0.0651602074503899,-0.755141258239746,0.652269423007965
16.069052696228,1,-0.481194853782654,-0.51567131280899,0.107587680220604,0.00583335757255554,0.0646446496248245,-0.755403518676758,0.65203720331192
16.0878889560699,1,-0.481764256954193,-0.516011655330658,0.107635483145714,0.00357455993071198,0.0654500722885132,-0.75561249256134,0.651731073856354
16.1115047931671,1,-0.481611251831055,-0.515697956085205,0.107600569725037,0.00453844666481018,0.0661649331450462,-0.756323516368866,0.650827467441559
16.1276779174805,1,-0.481261193752289,-0.51474392414093,0.107545733451843,0.00697899144142866,0.0677345246076584,-0.755819320678711,0.651230037212372
16.1481823921204,1,-0.481163173913956,-0.514271914958954,0.10747991502285,0.0080963708460331,0.0687421709299088,-0.755978584289551,0.650926649570465
16.17893409729,1,-0.481257051229477,-0.515083372592926,0.107537180185318,0.00645857164636254,0.0672615319490433,-0.756110548973083,0.650946319103241
16.1884038448334,1,-0.481723606586456,-0.515949130058289,0.107612825930119,0.00367678888142109,0.066111147403717,-0.7562335729599,0.650942921638489
16.2101421356201,1,-0.481617122888565,-0.515437543392181,0.107428759336472,0.00537200877442956,0.0671553015708923,-0.756397724151611,0.65063339471817
16.2487268447876,1,-0.48133584856987,-0.514722585678101,0.107410743832588,0.00739293824881315,0.067915253341198,-0.755775034427643,0.651258051395416
16.2595376968384,1,-0.481408476829529,-0.514551043510437,0.107447251677513,0.00724731013178825,0.0682404637336731,-0.75525689125061,0.651826441287994
16.2685513496399,1,-0.481136560440063,-0.514537453651428,0.107361257076263,0.00827985256910324,0.0677400082349777,-0.755569756031036,0.651503682136536
16.289169549942,1,-0.481149345636368,-0.514747679233551,0.107229024171829,0.00833781436085701,0.0675448030233383,-0.755070328712463,0.652102053165436
16.3115541934967,1,-0.481856435537338,-0.514802634716034,0.107125207781792,0.00688499771058559,0.0690213888883591,-0.754976272583008,0.652073323726654
16.3309371471405,1,-0.482247442007065,-0.514749646186829,0.107186868786812,0.00643993495032191,0.0698721036314964,-0.754613757133484,0.652406752109528
16.3489780426025,1,-0.48177433013916,-0.514787495136261,0.10723589360714,0.00771100074052811,0.0687308385968208,-0.755069553852081,0.651986598968506
16.3700621128082,1,-0.481338083744049,-0.514978229999542,0.107312969863415,0.00824292283505201,0.0672733038663864,-0.75549978017807,0.65163379907608
16.3889527320862,1,-0.48142945766449,-0.514745533466339,0.107326835393906,0.00794321950525045,0.0680808946490288,-0.754701852798462,0.652477622032166
16.4222247600555,1,-0.481429785490036,-0.51447606086731,0.107199981808662,0.00812547001987696,0.0689364373683929,-0.754809260368347,0.652261257171631
16.4301605224609,1,-0.481159716844559,-0.514655351638794,0.107173286378384,0.0084419222548604,0.0681390836834908,-0.755487561225891,0.651555359363556
16.449676990509,1,-0.480887323617935,-0.515226900577545,0.107253402471542,0.00845843460410833,0.0665861666202545,-0.75567901134491,0.651493668556213
16.4693579673767,1,-0.48135507106781,-0.515329897403717,0.107227049767971,0.00732290418818593,0.0673688650131226,-0.755362510681152,0.651794016361237
16.5021333694458,1,-0.481886595487595,-0.515138983726501,0.107111416757107,0.00662039825692773,0.0686004087328911,-0.754946887493134,0.652154445648193
16.5150005817413,1,-0.481682538986206,-0.515128552913666,0.107046440243721,0.00730434199795127,0.067645251750946,-0.754997313022614,0.652188539505005
16.5296173095703,1,-0.481109827756882,-0.515416026115417,0.107154950499535,0.00824705697596073,0.0652986466884613,-0.75553822517395,0.651789844036102
16.549159526825,1,-0.481081694364548,-0.515246868133545,0.107239261269569,0.00821058731526136,0.0652020126581192,-0.754769921302795,0.652689516544342
16.5700562000275,1,-0.481475979089737,-0.514828443527222,0.107086732983589,0.00749119510874152,0.0669005289673805,-0.754088580608368,0.653313636779785
16.5965814590454,1,-0.481084316968918,-0.514200210571289,0.106815606355667,0.00994720309972763,0.0675452351570129,-0.754801273345947,0.652390718460083
16.610141992569,1,-0.481275022029877,-0.514652490615845,0.106778830289841,0.00886798184365034,0.0673106089234352,-0.754988074302673,0.652214467525482
16.6303102970123,1,-0.482198387384415,-0.515282273292542,0.106922715902328,0.00529880914837122,0.0681549459695816,-0.754876017570496,0.652295172214508
16.6531341075897,1,-0.481786787509918,-0.514633357524872,0.106881082057953,0.00780940009281039,0.0687722638249397,-0.755775570869446,0.651162564754486
16.6794655323029,1,-0.481157422065735,-0.513890087604523,0.106840550899506,0.0104579906910658,0.0688713267445564,-0.755492150783539,0.651443719863892
16.690217256546,1,-0.481065064668655,-0.514451861381531,0.106907352805138,0.00900407414883375,0.0669744089245796,-0.756075143814087,0.650986850261688
16.7096872329712,1,-0.481527596712112,-0.515346109867096,0.106940701603889,0.00626165326684713,0.0660806074738503,-0.75636214017868,0.6507768034935
16.7415580749512,1,-0.481754899024963,-0.51511549949646,0.106856487691402,0.00638478761538863,0.067495696246624,-0.756539106369019,0.650424599647522
16.760235786438,1,-0.481249511241913,-0.514184713363647,0.106905072927475,0.00907386746257544,0.0684294998645782,-0.75658243894577,0.650244772434235
16.7711737155914,1,-0.481137633323669,-0.514712452888489,0.106973513960838,0.00782913994044065,0.06690713763237,-0.756964981555939,0.649974048137665
16.7893750667572,1,-0.481483280658722,-0.51569402217865,0.106969147920609,0.00538968062028289,0.0657835751771927,-0.75695925951004,0.650120198726654
16.8090419769287,1,-0.481534451246262,-0.515920519828796,0.107007265090942,0.00525580532848835,0.0655580386519432,-0.75661039352417,0.650550007820129
16.8288917541504,1,-0.481266409158707,-0.514929234981537,0.107013992965221,0.00775541830807924,0.0665821433067322,-0.756159365177155,0.650945365428925
16.8516848087311,1,-0.481200486421585,-0.514454662799835,0.106918051838875,0.00872316397726536,0.067010372877121,-0.755693316459656,0.651430130004883
16.8694484233856,1,-0.481117725372314,-0.514748215675354,0.106810919940472,0.00886410009115934,0.0659290179610252,-0.755378663539886,0.651903331279755
16.8890707492828,1,-0.481414556503296,-0.515653848648071,0.106764063239098,0.00676113506779075,0.0639886036515236,-0.755060970783234,0.65248966217041
16.9140281677246,1,-0.482012957334518,-0.515160322189331,0.106626510620117,0.00648390501737595,0.0660926550626755,-0.754563629627228,0.652857899665833
16.9352717399597,1,-0.48186782002449,-0.514544010162354,0.106617823243141,0.00811154395341873,0.0672081336379051,-0.755000412464142,0.652220606803894
16.9492139816284,1,-0.481553584337234,-0.514336049556732,0.106653816998005,0.00910568609833717,0.0670573115348816,-0.754823207855225,0.652428150177002
16.9703462123871,1,-0.481464207172394,-0.514289259910583,0.106651246547699,0.00899619795382023,0.0672323629260063,-0.754998028278351,0.652209222316742
16.9894368648529,1,-0.481301844120026,-0.514265477657318,0.10659447312355,0.00939915515482426,0.0670405179262161,-0.755236923694611,0.651946663856506
17.0276951789856,1,-0.481114536523819,-0.514756917953491,0.106582269072533,0.00934480503201485,0.0655895695090294,-0.755391240119934,0.651916325092316
17.0347571372986,1,-0.481588423252106,-0.51542329788208,0.106610059738159,0.00702251633629203,0.0651156306266785,-0.755409002304077,0.65197229385376
17.0509119033813,1,-0.481895864009857,-0.515022695064545,0.106546610593796,0.00713280914351344,0.0669326186180115,-0.755285441875458,0.651930153369904
17.0692975521088,1,-0.481668621301651,-0.515287041664124,0.106662034988403,0.00697705568745732,0.06570815294981,-0.755693435668945,0.651583552360535
17.1073408126831,1,-0.48130065202713,-0.514983355998993,0.106712356209755,0.00823140796273947,0.0652324184775352,-0.755420386791229,0.651933312416077
17.1253426074982,1,-0.48134782910347,-0.514420330524445,0.106523066759109,0.0091764023527503,0.066147193312645,-0.754502713680267,0.652890622615814
17.1314220428467,1,-0.481562912464142,-0.513915479183197,0.106324575841427,0.0097105298191309,0.0676048472523689,-0.754242777824402,0.65303373336792
17.1527779102325,1,-0.481694787740707,-0.513569056987762,0.106236919760704,0.0100952424108982,0.0685085952281952,-0.754003167152405,0.653210520744324
17.1736669540405,1,-0.481585919857025,-0.514013707637787,0.106204971671104,0.00966478418558836,0.0670346543192863,-0.754128277301788,0.653225541114807
17.1976988315582,1,-0.481446027755737,-0.514581918716431,0.106215015053749,0.00911859702318907,0.0655229315161705,-0.754457056522369,0.653006970882416
17.2097551822662,1,-0.48160108923912,-0.515152990818024,0.106240943074226,0.00770752318203449,0.0646592378616333,-0.754644274711609,0.652894973754883
17.2397124767303,1,-0.481717705726624,-0.514965891838074,0.106210604310036,0.00770089123398066,0.0656000375747681,-0.754763305187225,0.65266352891922
17.2745552062988,1,-0.481694132089615,-0.515124678611755,0.106301173567772,0.00719965109601617,0.0655557289719582,-0.75547456741333,0.651850283145905
17.275411605835,1,-0.481628328561783,-0.515347719192505,0.10648388415575,0.00660816021263599,0.0649735182523727,-0.75599879026413,0.651306927204132
17.2895081043243,1,-0.481563568115234,-0.514852344989777,0.106469914317131,0.00736892828717828,0.0656436085700989,-0.755426228046417,0.651895642280579
17.3145267963409,1,-0.481423586606979,-0.514441311359406,0.106319025158882,0.00826888903975487,0.0658578500151634,-0.755127787590027,0.652208924293518
17.3419842720032,1,-0.481164336204529,-0.514889180660248,0.106323204934597,0.00803936179727316,0.0639276430010796,-0.755046188831329,0.652498245239258
17.3616254329681,1,-0.481232672929764,-0.515675902366638,0.10637404024601,0.00647028116509318,0.062142938375473,-0.754953324794769,0.652795493602753
17.3691864013672,1,-0.481413930654526,-0.515311658382416,0.106216311454773,0.00697814114391804,0.0632166117429733,-0.754793703556061,0.652871787548065
17.4002013206482,1,-0.481673449277878,-0.51511412858963,0.106053881347179,0.00689888140186667,0.0640076771378517,-0.754545509815216,0.653082311153412
17.4089996814728,1,-0.481717050075531,-0.51545113325119,0.106132194399834,0.00634700758382678,0.0629168450832367,-0.754238903522491,0.653547883033752
17.4492220878601,1,-0.481642663478851,-0.515506029129028,0.106174781918526,0.00652981549501419,0.0625204294919968,-0.754339516162872,0.653468072414398
17.4549379348755,1,-0.48129990696907,-0.515252590179443,0.106247544288635,0.00808352325111628,0.0622027143836021,-0.754809141159058,0.652938485145569
17.4704434871674,1,-0.481227308511734,-0.514896512031555,0.106229737401009,0.00872748997062445,0.062836192548275,-0.754488050937653,0.65324068069458
17.4908008575439,1,-0.481173902750015,-0.514823615550995,0.10618581622839,0.00858128722757101,0.0627597942948341,-0.754577577114105,0.65314644575119
17.5212564468384,1,-0.481082737445831,-0.51519113779068,0.106064312160015,0.0081592807546258,0.0619000978767872,-0.754847049713135,0.652922451496124
17.5330431461334,1,-0.481396347284317,-0.515302181243896,0.105945333838463,0.00747164618223906,0.0624245218932629,-0.754931271076202,0.652783334255219
17.5537555217743,1,-0.481654524803162,-0.515321910381317,0.105987958610058,0.00670459726825356,0.0629892125725746,-0.75505393743515,0.652595579624176
17.5755546092987,1,-0.481725752353668,-0.515497326850891,0.106163658201694,0.00599287357181311,0.0625683069229126,-0.75529158115387,0.652367889881134
17.6138608455658,1,-0.481530398130417,-0.514918923377991,0.106193870306015,0.00742623908445239,0.062925674021244,-0.755011737346649,0.652642726898193
17.616518497467,1,-0.481573224067688,-0.514486730098724,0.105983972549438,0.00828493945300579,0.063707247376442,-0.754496455192566,0.653152227401733
17.6310057640076,1,-0.481637358665466,-0.513880670070648,0.105815067887306,0.0092993825674057,0.0648856461048126,-0.753877580165863,0.653736889362335
17.652147769928,1,-0.481517285108566,-0.514030873775482,0.105726569890976,0.00922331493347883,0.063783310353756,-0.753908693790436,0.653810739517212
17.6920988559723,1,-0.481246411800385,-0.51490181684494,0.105806589126587,0.00835885107517242,0.0609499849379063,-0.754147350788116,0.653817355632782
17.6930375099182,1,-0.481316357851028,-0.515238583087921,0.105858229100704,0.00780905177816749,0.0603650249540806,-0.754323959350586,0.65367466211319
17.7173953056335,1,-0.481680810451508,-0.515250444412231,0.105838261544704,0.00683088693767786,0.0615644864737988,-0.754652202129364,0.653194606304169
17.7351820468903,1,-0.481826931238174,-0.514939188957214,0.105894923210144,0.00699580833315849,0.0630209892988205,-0.755510985851288,0.652060270309448
17.7738146781921,1,-0.481624215841293,-0.514578282833099,0.105879187583923,0.00814941246062517,0.0634191036224365,-0.755071103572845,0.652517735958099
17.7840170860291,1,-0.481472611427307,-0.514216423034668,0.105800777673721,0.00908595323562622,0.0636093616485596,-0.754972279071808,0.65260112285614
17.7919425964355,1,-0.481317967176437,-0.514464497566223,0.105724290013313,0.00927421916276217,0.0626420229673386,-0.754684507846832,0.653024673461914
17.8124232292175,1,-0.481224477291107,-0.515025973320007,0.10574859380722,0.00874711200594902,0.0609258003532887,-0.755127668380737,0.652682065963745
17.861124753952,1,-0.481656670570374,-0.515359997749329,0.105801329016685,0.00719047337770462,0.0608705691993237,-0.754839181900024,0.653039872646332
17.8815107345581,1,-0.481301665306091,-0.514805972576141,0.105805426836014,0.00939968042075634,0.0607063174247742,-0.754482388496399,0.653439283370972
17.8896758556366,1,-0.48108235001564,-0.51433390378952,0.105662629008293,0.0107192816212773,0.0608857981860638,-0.754015684127808,0.653940558433533
17.917543888092,1,-0.481228142976761,-0.514648973941803,0.105633720755577,0.00940708257257938,0.0604647397994995,-0.753677189350128,0.654390037059784
17.9410169124603,1,-0.481218189001083,-0.515544831752777,0.10576156526804,0.00772186554968357,0.0584426447749138,-0.754087150096893,0.654123485088348
17.9572064876556,1,-0.481336563825607,-0.515655696392059,0.10577879846096,0.00736343627795577,0.0585004277527332,-0.754121422767639,0.654082834720612
17.9692406654358,1,-0.481587201356888,-0.514790832996368,0.105663567781448,0.0083815073594451,0.0614061132073402,-0.754011988639832,0.653930366039276
18.0047566890717,1,-0.481543213129044,-0.514770090579987,0.105720788240433,0.00832434557378292,0.061428751796484,-0.754391252994537,0.65349143743515
18.0241072177887,1,-0.481330901384354,-0.514954924583435,0.105763211846352,0.00838906317949295,0.0604739189147949,-0.754505276679993,0.653447985649109
18.0417926311493,1,-0.481358021497726,-0.514512956142426,0.105548694729805,0.0090661533176899,0.0615896731615067,-0.753895163536072,0.654038727283478
18.0513212680817,1,-0.481390744447708,-0.514554858207703,0.105488553643227,0.00878414511680603,0.0614644326269627,-0.75389689207077,0.654052436351776
18.0806684494019,1,-0.481421530246735,-0.515318870544434,0.105642065405846,0.00719565665349364,0.0596261471509933,-0.754158675670624,0.653940141201019
18.0920338630676,1,-0.481479287147522,-0.515268623828888,0.105671562254429,0.00726606557145715,0.0596004389226437,-0.753961086273193,0.654169619083405
18.110785484314,1,-0.481485426425934,-0.514746189117432,0.105581656098366,0.00817396584898233,0.0603057071566582,-0.753481447696686,0.654646635055542
18.1369986534119,1,-0.4814213514328,-0.514546036720276,0.105498939752579,0.00855699181556702,0.0604338869452477,-0.753464043140411,0.654650032520294
18.1555640697479,1,-0.481160193681717,-0.514829814434052,0.105547562241554,0.00896076858043671,0.0592077113687992,-0.753436863422394,0.65478777885437
18.1760220527649,1,-0.481131464242935,-0.514851212501526,0.105484813451767,0.0090814121067524,0.0591928735375404,-0.753418743610382,0.654808282852173
18.1891193389893,1,-0.481370091438293,-0.515001773834229,0.105416864156723,0.00837527867406607,0.0595858618617058,-0.753507912158966,0.654679477214813
18.2203793525696,1,-0.481543719768524,-0.515240252017975,0.105505146086216,0.00741448765620589,0.0592933297157288,-0.753857374191284,0.654315173625946
18.2285270690918,1,-0.481588572263718,-0.515223741531372,0.105602830648422,0.00692636054009199,0.0591929629445076,-0.753728747367859,0.654477834701538
18.2492299079895,1,-0.481561601161957,-0.514228105545044,0.105498321354389,0.00853172969073057,0.0613277293741703,-0.753853738307953,0.654118299484253
18.2771017551422,1,-0.481216043233871,-0.513896644115448,0.105300769209862,0.00979406107217073,0.0617538690567017,-0.75395131111145,0.653947949409485
18.2885599136353,1,-0.481201946735382,-0.514502942562103,0.105256676673889,0.00839798990637064,0.0605806559324265,-0.754213035106659,0.65377539396286
18.3090107440948,1,-0.481606096029282,-0.51512336730957,0.105292402207851,0.0062871272675693,0.0604505985975266,-0.754379570484161,0.65361887216568
18.3297293186188,1,-0.481726408004761,-0.514681220054626,0.105308957397938,0.00701981363818049,0.0620249286293983,-0.754820108413696,0.652954936027527
18.3547716140747,1,-0.481735944747925,-0.51441615819931,0.105372980237007,0.00757058104500175,0.0627068057656288,-0.754832148551941,0.652869760990143
18.3690588474274,1,-0.481572598218918,-0.514662325382233,0.105409540235996,0.00709746405482292,0.0614529550075531,-0.754814863204956,0.653014302253723
18.388986825943,1,-0.481155455112457,-0.514445126056671,0.105295792222023,0.00903140660375357,0.0610572136938572,-0.754679322242737,0.653184235095978
18.414959192276,1,-0.481345236301422,-0.514548122882843,0.105264194309711,0.00891155283898115,0.0612760670483112,-0.754405319690704,0.653481781482697
18.4293551445007,1,-0.481546729803085,-0.515238702297211,0.10537314414978,0.00710478285327554,0.0597086660563946,-0.754561245441437,0.653469085693359
18.4509992599487,1,-0.481497704982758,-0.515017628669739,0.105329871177673,0.00738247064873576,0.060079101473093,-0.754086077213287,0.653980255126953
18.4700574874878,1,-0.481302917003632,-0.514447450637817,0.105214968323708,0.0087134251371026,0.0611236058175564,-0.754009008407593,0.65395599603653
18.5025231838226,1,-0.481339365243912,-0.513977944850922,0.105172738432884,0.0096018873155117,0.0621845722198486,-0.754025876522064,0.653824031352997
18.5091662406921,1,-0.481421887874603,-0.515027821063995,0.105195447802544,0.00739581044763327,0.0600068792700768,-0.753662705421448,0.65447461605072
18.5300147533417,1,-0.481488883495331,-0.515828728675842,0.105358794331551,0.00576982786878943,0.0578933581709862,-0.753826379776001,0.654492855072021
18.5737555027008,1,-0.481439232826233,-0.51496434211731,0.105244264006615,0.00755722168833017,0.0598462857306004,-0.753268897533417,0.654940605163574
18.5837740898132,1,-0.480985969305038,-0.514533042907715,0.10515932738781,0.00970141310244799,0.0599127039313316,-0.753354430198669,0.654807925224304
18.5890057086945,1,-0.480888664722443,-0.514699459075928,0.105151258409023,0.00978902261704206,0.059351209551096,-0.753430664539337,0.654770076274872
18.6088709831238,1,-0.48121240735054,-0.515567183494568,0.105231553316116,0.00732347788289189,0.0582920350134373,-0.753259003162384,0.655094861984253
18.634025812149,1,-0.481315582990646,-0.515554845333099,0.105202615261078,0.00731681194156408,0.0586789883673191,-0.753965675830841,0.654246926307678
18.6550629138947,1,-0.48128417134285,-0.514601051807404,0.105082832276821,0.0092265447601676,0.0611787363886833,-0.753656685352325,0.654349863529205
18.668869972229,1,-0.481079041957855,-0.514561295509338,0.105116493999958,0.00956018548458815,0.0606682449579239,-0.753953516483307,0.654050469398499
18.6898131370544,1,-0.480862319469452,-0.514939308166504,0.105117648839951,0.00935649406164885,0.0592252835631371,-0.753378629684448,0.654847621917725
18.7091341018677,1,-0.481092154979706,-0.515533447265625,0.105098910629749,0.00766679178923368,0.0582626089453697,-0.753138601779938,0.655231893062592
18.7410020828247,1,-0.48141610622406,-0.51560652256012,0.10507158190012,0.00713403569534421,0.0588465593755245,-0.753612279891968,0.654641032218933
18.7542383670807,1,-0.48147052526474,-0.514672219753265,0.104957029223442,0.0091521181166172,0.0611245967447758,-0.753125250339508,0.654967606067657
18.7686421871185,1,-0.481320470571518,-0.514438450336456,0.104956574738026,0.0100268423557281,0.0609676688909531,-0.752914786338806,0.655211269855499
18.7894725799561,1,-0.480994254350662,-0.515018939971924,0.105084180831909,0.00970366504043341,0.0586326234042645,-0.752489328384399,0.655917525291443
18.8255083560944,1,-0.480766862630844,-0.514839649200439,0.105053029954433,0.0105280224233866,0.058590330183506,-0.75274270772934,0.655617833137512
18.8314859867096,1,-0.48073622584343,-0.51500791311264,0.104909151792526,0.010163813829422,0.0583701878786087,-0.752848327159882,0.655521988868713
18.8502466678619,1,-0.481053590774536,-0.515673339366913,0.104983687400818,0.00778185296803713,0.0576910562813282,-0.753162145614624,0.655254185199738
18.8693525791168,1,-0.481275379657745,-0.51586252450943,0.105075873434544,0.00704308180138469,0.0578822866082191,-0.753559947013855,0.654788196086884
18.9090156555176,1,-0.481223165988922,-0.514949977397919,0.104944661259651,0.00922070909291506,0.0596263706684113,-0.752789258956909,0.655490696430206
18.9118452072144,1,-0.481103897094727,-0.514451801776886,0.104788973927498,0.0103592341765761,0.0603026412427425,-0.752913773059845,0.655268728733063
18.9304296970367,1,-0.480928659439087,-0.514651596546173,0.104787565767765,0.0103249475359917,0.0594673492014408,-0.752961337566376,0.655291080474854
18.9498286247253,1,-0.48101881146431,-0.515019059181213,0.104809284210205,0.009520816616714,0.0589393004775047,-0.753017067909241,0.655286908149719
18.9909756183624,1,-0.481230795383453,-0.515187203884125,0.10470475256443,0.00903813913464546,0.0590684786438942,-0.752824783325195,0.655502915382385
18.9952282905579,1,-0.481309324502945,-0.515101969242096,0.104666285216808,0.00924150738865137,0.0591400265693665,-0.75276505947113,0.655562281608582
19.0091037750244,1,-0.481287777423859,-0.515029430389404,0.104728721082211,0.0092385383322835,0.0590564459562302,-0.752905964851379,0.655408024787903
19.0297067165375,1,-0.48122501373291,-0.514860928058624,0.104780331254005,0.00933141633868217,0.0592024475336075,-0.752995848655701,0.655290126800537
19.0501961708069,1,-0.480962485074997,-0.514486074447632,0.104672804474831,0.0105577344074845,0.0595504269003868,-0.753021478652954,0.655210614204407
19.0814380645752,1,-0.480693966150284,-0.514783561229706,0.104625023901463,0.0105579178780317,0.0583157204091549,-0.753281533718109,0.65502268075943
19.0952112674713,1,-0.480918496847153,-0.515693366527557,0.104744955897331,0.00821949820965528,0.0567423515021801,-0.753361999988556,0.655101835727692
19.1086828708649,1,-0.481291562318802,-0.516133844852448,0.104788556694984,0.00643719779327512,0.0565657056868076,-0.753673672676086,0.654778599739075
19.1289002895355,1,-0.481317430734634,-0.515508115291595,0.104684367775917,0.00780819915235043,0.0577597729861736,-0.753477394580841,0.654885172843933
19.163670539856,1,-0.481364876031876,-0.514828860759735,0.104543894529343,0.00914259348064661,0.0590267777442932,-0.753016889095306,0.655284464359283
19.1760139465332,1,-0.481412202119827,-0.514475047588348,0.104424923658371,0.00949863251298666,0.0595785863697529,-0.752948045730591,0.655308604240417
19.1897859573364,1,-0.481559485197067,-0.514517247676849,0.104395523667336,0.00901700090616941,0.0594120509922504,-0.75281435251236,0.655484139919281
19.2086791992188,1,-0.481661558151245,-0.513906002044678,0.10427525639534,0.0101150395348668,0.060971774160862,-0.752878904342651,0.655250668525696
19.2459766864777,1,-0.481298714876175,-0.513416171073914,0.104169815778732,0.0122032696381211,0.0611047446727753,-0.75233405828476,0.655828356742859
19.2559506893158,1,-0.481112271547318,-0.514297127723694,0.104279436171055,0.010916730388999,0.0583930872380733,-0.752396106719971,0.656026840209961
19.2689805030823,1,-0.48095890879631,-0.515047788619995,0.104327209293842,0.00976773351430893,0.0562337003648281,-0.752666234970093,0.6559237241745
19.2898640632629,1,-0.480857610702515,-0.514974474906921,0.104179292917252,0.0101520968601108,0.0562469698488712,-0.752918243408203,0.655627489089966
19.3308537006378,1,-0.480896443128586,-0.51494961977005,0.104113876819611,0.0101413736119866,0.0564857162535191,-0.75288599729538,0.655644237995148
19.3324871063232,1,-0.480985134840012,-0.515602886676788,0.104167193174362,0.00844364799559116,0.0550680756568909,-0.752899587154388,0.655773162841797
19.3493292331696,1,-0.480518192052841,-0.515896201133728,0.103457242250443,0.00894871633499861,0.0532450117170811,-0.752522826194763,0.656349182128906
