timestamp,rb_id,pos_x,pos_y,pos_z,quat_x,quat_y,quat_z,quat_w
46.6560711860657,1,-0.506964445114136,-0.51427835226059,0.119084566831589,0.15719710290432,0.311959683895111,-0.810648441314697,0.469914048910141
46.6767885684967,1,-0.507436573505402,-0.512503862380981,0.120475649833679,0.157595336437225,0.315457433462143,-0.80965518951416,0.469157576560974
46.7086880207062,1,-0.507851719856262,-0.511920571327209,0.12123753875494,0.156815305352211,0.315635800361633,-0.808913707733154,0.470575869083405
46.7203052043915,1,-0.507798314094543,-0.512054204940796,0.121187634766102,0.156215310096741,0.312222838401794,-0.808546245098114,0.473673671483994
46.7368643283844,1,-0.507446587085724,-0.51261979341507,0.120616294443607,0.155153229832649,0.307939618825912,-0.808286726474762,0.477256029844284
46.7567954063416,1,-0.506951570510864,-0.513923943042755,0.119569569826126,0.152146503329277,0.302408516407013,-0.809920608997345,0.478987663984299
46.7802269458771,1,-0.506364941596985,-0.5150545835495,0.118648156523705,0.149052172899246,0.298059403896332,-0.81210196018219,0.47899317741394
46.7959215641022,1,-0.506108522415161,-0.516274929046631,0.117825962603092,0.145567923784256,0.294104009866714,-0.814224421977997,0.478906720876694
46.816867351532,1,-0.506290316581726,-0.517141461372375,0.117061480879784,0.142938330769539,0.292145103216171,-0.815592050552368,0.478570371866226
46.8441503047943,1,-0.50662887096405,-0.517731964588165,0.116405643522739,0.141304641962051,0.29093798995018,-0.816052317619324,0.479005843400955
46.8557362556458,1,-0.506818532943726,-0.517370223999023,0.116164997220039,0.14200796186924,0.291766107082367,-0.815182209014893,0.479775220155716
46.8752059936523,1,-0.50722348690033,-0.516822516918182,0.115921899676323,0.142337158322334,0.292875111103058,-0.814486563205719,0.480183243751526
46.9030754566193,1,-0.507674992084503,-0.516571283340454,0.11546515673399,0.141921535134315,0.293578803539276,-0.814757287502289,0.479416847229004
46.9166045188904,1,-0.508012890815735,-0.51561564207077,0.115115500986576,0.142755389213562,0.297215640544891,-0.816024780273438,0.47474992275238
46.9367899894714,1,-0.508031487464905,-0.514360010623932,0.115092277526855,0.144401773810387,0.300448387861252,-0.816479325294495,0.471423834562302
46.959579706192,1,-0.507776021957397,-0.511928915977478,0.11579143255949,0.148524314165115,0.305030018091202,-0.814873039722443,0.469978123903275
46.9794380664825,1,-0.507354617118835,-0.509743869304657,0.116658493876457,0.152609661221504,0.308804333209991,-0.813434839248657,0.468693733215332
46.9965960979462,1,-0.507232308387756,-0.508350908756256,0.11728772521019,0.154891148209572,0.311004608869553,-0.812747657299042,0.467681735754013
47.0187039375305,1,-0.507210910320282,-0.507934868335724,0.117514684796333,0.155352458357811,0.310734391212463,-0.812860608100891,0.467512011528015
47.0372169017792,1,-0.506950676441193,-0.507355749607086,0.117663092911243,0.1562729626894,0.310478538274765,-0.812767744064331,0.467536509037018
47.0560371875763,1,-0.506243109703064,-0.507569432258606,0.117404140532017,0.156585782766342,0.307791888713837,-0.813174545764923,0.468500047922134
47.0769703388214,1,-0.505081832408905,-0.509169816970825,0.116614185273647,0.155435487627983,0.30152028799057,-0.815349519252777,0.469180583953857
47.1100463867188,1,-0.504113078117371,-0.511051893234253,0.115630552172661,0.153122544288635,0.295090585947037,-0.817414879798889,0.470433950424194
47.1186439990997,1,-0.503265559673309,-0.512167990207672,0.115004226565361,0.152112990617752,0.291601300239563,-0.8181471824646,0.471662610769272
47.1363854408264,1,-0.502755165100098,-0.512743234634399,0.114519536495209,0.151429787278175,0.290338397026062,-0.818299293518066,0.472397118806839
47.1764698028564,1,-0.502098977565765,-0.513542115688324,0.114004194736481,0.150864288210869,0.2879498898983,-0.818098545074463,0.474383503198624
47.1779203414917,1,-0.501592636108398,-0.515119612216949,0.113141596317291,0.149449467658997,0.284539550542831,-0.81982433795929,0.473909318447113
47.1967005729675,1,-0.501421451568604,-0.515151858329773,0.112794727087021,0.150051817297935,0.284565001726151,-0.819155395030975,0.474859625101089
47.2165458202362,1,-0.501497864723206,-0.514377176761627,0.112739682197571,0.151693731546402,0.286047011613846,-0.81672328710556,0.477628797292709
47.2377994060516,1,-0.501370549201965,-0.513379096984863,0.112971410155296,0.154300719499588,0.288033217191696,-0.814697623252869,0.479057312011719
47.2620251178741,1,-0.501321494579315,-0.512653291225433,0.113102339208126,0.155696019530296,0.289440780878067,-0.813601732254028,0.479619592428207
47.2766680717468,1,-0.501335620880127,-0.512202620506287,0.113191105425358,0.156155079603195,0.290307343006134,-0.813327431678772,0.479412019252777
47.2969317436218,1,-0.501432359218597,-0.511920809745789,0.113359123468399,0.155838012695312,0.290976136922836,-0.813641130924225,0.478576481342316
47.3166596889496,1,-0.501541078090668,-0.511752605438232,0.11357220262289,0.155064150691032,0.291341185569763,-0.814129173755646,0.477775156497955
47.3453149795532,1,-0.501824021339417,-0.512022078037262,0.113584190607071,0.153235599398613,0.290972083806992,-0.814751029014587,0.477530092000961
47.3563499450684,1,-0.502224147319794,-0.51266074180603,0.113336496055126,0.150873243808746,0.289518386125565,-0.815382063388824,0.478088438510895
47.3770518302917,1,-0.502408862113953,-0.513229727745056,0.113005682826042,0.149820119142532,0.287614583969116,-0.814845502376556,0.480477750301361
47.3974964618683,1,-0.502430856227875,-0.513406157493591,0.112857535481453,0.149925366044044,0.286289393901825,-0.814181268215179,0.482358515262604
47.4309966564178,1,-0.502451181411743,-0.513186156749725,0.112974375486374,0.150423943996429,0.285926640033722,-0.813744366168976,0.483154982328415
47.440185546875,1,-0.502814471721649,-0.512871384620667,0.113409399986267,0.150042846798897,0.286939412355423,-0.813170433044434,0.483639121055603
47.4575996398926,1,-0.503278076648712,-0.513160347938538,0.11363722383976,0.148595586419106,0.286812037229538,-0.813007712364197,0.484434455633163
47.4767656326294,1,-0.503640353679657,-0.513952136039734,0.113557353615761,0.146617814898491,0.285260140895844,-0.813460052013397,0.485193252563477
47.5092897415161,1,-0.503595948219299,-0.514432609081268,0.113388657569885,0.145992547273636,0.283981084823608,-0.813674747943878,0.485772043466568
47.5209195613861,1,-0.503299117088318,-0.514449715614319,0.113334402441978,0.146555170416832,0.283513784408569,-0.813926160335541,0.485454171895981
47.5367255210876,1,-0.502950668334961,-0.5150465965271,0.1130760461092,0.146413132548332,0.282456070184708,-0.815673887729645,0.48317489027977
47.5563631057739,1,-0.502629101276398,-0.514633893966675,0.113267451524734,0.147562980651855,0.283305168151855,-0.815577447414398,0.482490301132202
47.5971302986145,1,-0.502463042736053,-0.514101564884186,0.11350866407156,0.148498848080635,0.284721255302429,-0.815081059932709,0.482208371162415
47.5988020896912,1,-0.502470970153809,-0.513756394386292,0.113646358251572,0.148823454976082,0.285696238279343,-0.814704596996307,0.482167690992355
47.6179730892181,1,-0.502416610717773,-0.512574791908264,0.11406596750021,0.150395378470421,0.287930995225906,-0.813037276268005,0.483163893222809
47.6367416381836,1,-0.502504885196686,-0.511537551879883,0.114528581500053,0.151256874203682,0.290106296539307,-0.812328457832336,0.482785731554031
47.6652643680573,1,-0.502895772457123,-0.512297570705414,0.114414885640144,0.149069741368294,0.289079040288925,-0.814160585403442,0.480992943048477
47.6767888069153,1,-0.503325223922729,-0.512257635593414,0.114655487239361,0.148151382803917,0.289359718561172,-0.814037621021271,0.481315761804581
47.6975827217102,1,-0.503825306892395,-0.51246190071106,0.11465972661972,0.146808311343193,0.289109259843826,-0.813655495643616,0.482522696256638
47.7159214019775,1,-0.504059791564941,-0.512579560279846,0.114409282803535,0.145983129739761,0.288642078638077,-0.813406109809875,0.483471989631653
47.746084690094,1,-0.503987669944763,-0.511979579925537,0.114341676235199,0.146607100963593,0.288658499717712,-0.812000632286072,0.485631376504898
47.7577817440033,1,-0.503764510154724,-0.511865973472595,0.114106848835945,0.146672770380974,0.287917912006378,-0.811474680900574,0.486928373575211
47.7782843112946,1,-0.503489911556244,-0.512177228927612,0.113859176635742,0.146256640553474,0.28637370467186,-0.81171190738678,0.487568467855453
47.7965598106384,1,-0.503312408924103,-0.512769103050232,0.113636493682861,0.145396679639816,0.284435123205185,-0.812522828578949,0.487609595060349
47.8251376152039,1,-0.503240942955017,-0.51328718662262,0.113449044525623,0.144488424062729,0.282936334609985,-0.813011467456818,0.487937122583389
47.8364067077637,1,-0.50325733423233,-0.513529539108276,0.113313660025597,0.143754065036774,0.28237983584404,-0.813255190849304,0.488070070743561
47.8566060066223,1,-0.503378987312317,-0.513635277748108,0.113230682909489,0.143023863434792,0.282201737165451,-0.813537538051605,0.487917125225067
47.9010426998138,1,-0.503461539745331,-0.513548254966736,0.113229751586914,0.142780631780624,0.282637596130371,-0.813595771789551,0.487638890743256
47.9024579524994,1,-0.503487050533295,-0.513346016407013,0.113248087465763,0.142807811498642,0.283073395490646,-0.813571274280548,0.487418979406357
47.9161086082458,1,-0.503486812114716,-0.513035237789154,0.113268494606018,0.143203735351562,0.283568412065506,-0.813540697097778,0.487065881490707
47.9375808238983,1,-0.50349348783493,-0.512821853160858,0.113185048103333,0.14353109896183,0.283768624067307,-0.813525974750519,0.486877471208572
47.9815981388092,1,-0.503525733947754,-0.512588024139404,0.113124698400497,0.14391416311264,0.284146100282669,-0.813130080699921,0.487205475568771
47.9853506088257,1,-0.503610968589783,-0.512462198734283,0.113097600638866,0.144079893827438,0.284353375434875,-0.8129021525383,0.487415879964828
47.9965541362762,1,-0.504153847694397,-0.518753051757812,0.111073061823845,0.130470454692841,0.266255676746368,-0.81784576177597,0.493167012929916
48.016587972641,1,-0.504320681095123,-0.520070433616638,0.110670030117035,0.127646178007126,0.262188583612442,-0.818935036659241,0.494276404380798
48.0375492572784,1,-0.504429340362549,-0.520548939704895,0.110455706715584,0.126580983400345,0.26077076792717,-0.819476246833801,0.494403332471848
48.0661890506744,1,-0.504372000694275,-0.520504951477051,0.110326915979385,0.126824796199799,0.260992586612701,-0.819058001041412,0.494916468858719
48.0768222808838,1,-0.504791378974915,-0.520716905593872,0.109874650835991,0.126056835055351,0.262930303812027,-0.821014404296875,0.490828722715378
48.0977222919464,1,-0.504940390586853,-0.520738899707794,0.109757520258427,0.12513954937458,0.263633042573929,-0.821537673473358,0.489809900522232
48.1169590950012,1,-0.505011141300201,-0.520880222320557,0.109717406332493,0.123770408332348,0.263408720493317,-0.82216876745224,0.489219099283218
48.1432104110718,1,-0.504933774471283,-0.520957171916962,0.109848737716675,0.1225925385952,0.262020498514175,-0.821505308151245,0.491370916366577
48.1582877635956,1,-0.505341053009033,-0.5235435962677,0.109063901007175,0.117565602064133,0.256361246109009,-0.8244868516922,0.490590274333954
48.176901102066,1,-0.505435407161713,-0.524727523326874,0.108755171298981,0.115632861852646,0.253120869398117,-0.825385987758636,0.491219639778137
48.201646566391,1,-0.505376756191254,-0.524426400661469,0.108805790543556,0.116583593189716,0.253566175699234,-0.825164198875427,0.491138011217117
48.2223796844482,1,-0.505343019962311,-0.523776769638062,0.108913838863373,0.117850475013256,0.254942804574966,-0.824415504932404,0.491380214691162
48.236679315567,1,-0.505342125892639,-0.523184895515442,0.109062433242798,0.118948735296726,0.255951404571533,-0.82390296459198,0.491451025009155
48.258296251297,1,-0.505385398864746,-0.522871613502502,0.109106808900833,0.1196179240942,0.256419569253922,-0.823489189147949,0.491737812757492
48.2931091785431,1,-0.505294442176819,-0.522288978099823,0.109212800860405,0.120962679386139,0.257589876651764,-0.822722375392914,0.49208065867424
48.298008441925,1,-0.505149364471436,-0.521750152111053,0.109323903918266,0.122257620096207,0.258548140525818,-0.822132647037506,0.49224379658699
48.3170876502991,1,-0.504741549491882,-0.520978093147278,0.109661221504211,0.123972199857235,0.258771747350693,-0.820535063743591,0.494358479976654
48.3371300697327,1,-0.5046666264534,-0.520264029502869,0.109879016876221,0.125231459736824,0.260139137506485,-0.819668352603912,0.494761168956757
48.3801162242889,1,-0.504682958126068,-0.519551455974579,0.110061496496201,0.126329869031906,0.262062400579453,-0.819085359573364,0.494432300329208
48.3827114105225,1,-0.504682064056396,-0.51899915933609,0.110229559242725,0.127179011702538,0.263611704111099,-0.818877935409546,0.493734151124954
48.3965389728546,1,-0.504670202732086,-0.51860374212265,0.110367171466351,0.127788096666336,0.26462060213089,-0.819005727767944,0.492824375629425
48.4182100296021,1,-0.504517912864685,-0.518290400505066,0.110476195812225,0.128412961959839,0.264987617731094,-0.819248914718628,0.492059856653214
48.4595789909363,1,-0.504405856132507,-0.517939984798431,0.110553205013275,0.129161581397057,0.265357583761215,-0.81943416595459,0.491355508565903
48.4629163742065,1,-0.504340052604675,-0.51737242937088,0.110645890235901,0.130287677049637,0.266397267580032,-0.819293618202209,0.490729719400406
48.4763956069946,1,-0.504331052303314,-0.517116785049438,0.110646516084671,0.13077349960804,0.266630709171295,-0.818970501422882,0.491012871265411
48.4982621669769,1,-0.50431352853775,-0.517131567001343,0.110605947673321,0.131033092737198,0.266287595033646,-0.818314015865326,0.492223054170609
48.5351004600525,1,-0.504315495491028,-0.517672121524811,0.110468193888664,0.130703166127205,0.2647445499897,-0.818346083164215,0.493088901042938
48.539707660675,1,-0.504250943660736,-0.517708241939545,0.110459640622139,0.131231710314751,0.264346957206726,-0.818764269351959,0.492467314004898
48.5564458370209,1,-0.504189133644104,-0.517393171787262,0.110530003905296,0.1322121322155,0.264784455299377,-0.819112241268158,0.491390138864517
48.5771870613098,1,-0.504111111164093,-0.51661890745163,0.11070092022419,0.133537009358406,0.266281098127365,-0.818529903888702,0.491193503141403
48.6170175075531,1,-0.504113554954529,-0.516309678554535,0.110767684876919,0.133837327361107,0.266719907522202,-0.818261086940765,0.491321593523026
48.6177732944489,1,-0.504172921180725,-0.516358017921448,0.110760822892189,0.133334815502167,0.266307145357132,-0.818716526031494,0.490923196077347
48.6371808052063,1,-0.504157960414886,-0.516363501548767,0.110769391059875,0.132857859134674,0.266201078891754,-0.819936573505402,0.489070385694504
48.6602895259857,1,-0.50409322977066,-0.515984773635864,0.110885262489319,0.132795616984367,0.267333805561066,-0.820550084114075,0.487437784671783
48.6776795387268,1,-0.504176795482635,-0.515720903873444,0.110971413552761,0.132633328437805,0.268621325492859,-0.820979714393616,0.48604890704155
48.7086825370789,1,-0.504372775554657,-0.515784382820129,0.111012279987335,0.132094278931618,0.268812835216522,-0.820641338825226,0.486660689115524
48.7188353538513,1,-0.504577696323395,-0.515916705131531,0.111038103699684,0.131875425577164,0.268450289964676,-0.819425404071808,0.488963574171066
48.7386388778687,1,-0.504625558853149,-0.516080141067505,0.111012324690819,0.131965830922127,0.267728626728058,-0.81888335943222,0.490241199731827
48.7567942142487,1,-0.504483878612518,-0.515946745872498,0.111001819372177,0.132773488759995,0.267203390598297,-0.819171607494354,0.489827960729599
48.7842273712158,1,-0.504335820674896,-0.515718400478363,0.11099424213171,0.133868306875229,0.266993016004562,-0.819992423057556,0.488268733024597
48.7967889308929,1,-0.504275739192963,-0.515139400959015,0.111058041453362,0.135419920086861,0.267883688211441,-0.819972157478333,0.487386435270309
48.8176877498627,1,-0.504156172275543,-0.514780759811401,0.11112816631794,0.13662077486515,0.268262386322021,-0.819840550422668,0.487064182758331
48.8362917900085,1,-0.504132032394409,-0.514718294143677,0.111139237880707,0.137286320328712,0.268513530492783,-0.819263219833374,0.487709701061249
48.8650245666504,1,-0.504164814949036,-0.514789044857025,0.111129507422447,0.137408196926117,0.268547534942627,-0.818590462207794,0.488784968852997
48.8770680427551,1,-0.5041463971138,-0.514667689800262,0.111180074512959,0.13775797188282,0.269211530685425,-0.818041205406189,0.489240735769272
48.897145986557,1,-0.504065692424774,-0.514665484428406,0.111246392130852,0.137808963656425,0.269360184669495,-0.818341076374054,0.488642662763596
48.9208400249481,1,-0.504009962081909,-0.515241861343384,0.111266806721687,0.136835932731628,0.267866879701614,-0.819675862789154,0.487498342990875
48.951043844223,1,-0.503965198993683,-0.515289068222046,0.111438021063805,0.136645674705505,0.267639219760895,-0.820569694042206,0.486171364784241
48.9620907306671,1,-0.504053294658661,-0.515369653701782,0.111548900604248,0.136173367500305,0.267298519611359,-0.820950627326965,0.485848188400269
48.9781472682953,1,-0.504272639751434,-0.515290915966034,0.11157688498497,0.13598720729351,0.267466008663177,-0.820849597454071,0.485978752374649
48.998340845108,1,-0.504322826862335,-0.514808893203735,0.111601904034615,0.136934697628021,0.268352568149567,-0.820263803005219,0.486213117837906
49.0437579154968,1,-0.504265427589417,-0.514510214328766,0.111553154885769,0.137752398848534,0.268736571073532,-0.819636464118958,0.486827522516251
49.0453689098358,1,-0.5041463971138,-0.514386355876923,0.111462578177452,0.138266682624817,0.268777161836624,-0.819280922412872,0.487257570028305
49.0563507080078,1,-0.504123032093048,-0.514157891273499,0.111449055373669,0.138594686985016,0.269397616386414,-0.819381237030029,0.486652910709381
49.0768799781799,1,-0.504178106784821,-0.513917207717896,0.111457884311676,0.138510152697563,0.270199030637741,-0.819388866424561,0.486219376325607
49.0968079566956,1,-0.504145979881287,-0.514183938503265,0.111296698451042,0.138025417923927,0.269536286592484,-0.819350898265839,0.486788719892502
49.1210522651672,1,-0.503998398780823,-0.514560699462891,0.111159726977348,0.137839570641518,0.26782101392746,-0.819622695446014,0.487330406904221
49.1367409229279,1,-0.503756821155548,-0.514964461326599,0.111021630465984,0.137919440865517,0.265570104122162,-0.819933295249939,0.488016754388809
49.1569464206696,1,-0.503515183925629,-0.514947950839996,0.110973760485649,0.138348534703255,0.264083921909332,-0.82004725933075,0.488509982824326
49.1950500011444,1,-0.50339275598526,-0.514532625675201,0.111006557941437,0.139034390449524,0.264387845993042,-0.819878697395325,0.48843377828598
49.2038683891296,1,-0.503418684005737,-0.514188170433044,0.111044928431511,0.139167129993439,0.265466809272766,-0.819596946239471,0.488283425569534
49.2167000770569,1,-0.50353479385376,-0.514005422592163,0.111104801297188,0.138969302177429,0.266723364591599,-0.819528341293335,0.487769901752472
49.2370238304138,1,-0.503718078136444,-0.514115333557129,0.111121371388435,0.138442903757095,0.267296403646469,-0.819584906101227,0.487510830163956
49.2698864936829,1,-0.50385570526123,-0.514428317546844,0.111089304089546,0.137765496969223,0.266814291477203,-0.819494843482971,0.488117843866348
49.2840991020203,1,-0.503829419612885,-0.514472901821136,0.111076042056084,0.137600064277649,0.26639798283577,-0.819511473178864,0.488363862037659
49.2966864109039,1,-0.503744542598724,-0.514257609844208,0.111087135970592,0.137818351387978,0.266530752182007,-0.819675862789154,0.487954050302505
49.3166029453278,1,-0.503752291202545,-0.514054179191589,0.111090809106827,0.137656569480896,0.266749382019043,-0.819775640964508,0.487712353467941
49.3505020141602,1,-0.503859996795654,-0.513884484767914,0.111104965209961,0.137367352843285,0.267086088657379,-0.81956273317337,0.48796758055687
49.3570563793182,1,-0.504016220569611,-0.51403796672821,0.111066415905952,0.136720597743988,0.266424894332886,-0.818919897079468,0.489587187767029
49.376903295517,1,-0.504079282283783,-0.514249384403229,0.111017756164074,0.136174097657204,0.265199035406113,-0.81831955909729,0.491405338048935
49.396463394165,1,-0.504025936126709,-0.514314591884613,0.110982447862625,0.136096626520157,0.26428011059761,-0.817882418632507,0.49264794588089
49.4301407337189,1,-0.503981113433838,-0.514210760593414,0.1109554246068,0.135971292853355,0.263840824365616,-0.817485868930817,0.493575483560562
49.438503742218,1,-0.503962159156799,-0.514467716217041,0.110801979899406,0.134883463382721,0.262655854225159,-0.817624151706696,0.494276434183121
49.4570701122284,1,-0.504127979278564,-0.514852046966553,0.110621139407158,0.13290511071682,0.260831862688065,-0.817603468894958,0.495809972286224
49.476589679718,1,-0.504188537597656,-0.515304207801819,0.11043681204319,0.130695655941963,0.258390694856644,-0.818044066429138,0.49694749712944
49.5080227851868,1,-0.50423002243042,-0.51573234796524,0.110290810465813,0.129043221473694,0.256082475185394,-0.819515705108643,0.49614891409874
49.521160364151,1,-0.504260957241058,-0.51589173078537,0.110237941145897,0.128395602107048,0.253610283136368,-0.82178145647049,0.493833690881729
49.5370273590088,1,-0.504187703132629,-0.515563130378723,0.110235892236233,0.129669278860092,0.251783281564713,-0.823127090930939,0.492191970348358
49.5570752620697,1,-0.504190862178802,-0.515254497528076,0.110229045152664,0.129885867238045,0.248577326536179,-0.825303494930267,0.490115344524384
49.5878670215607,1,-0.504014074802399,-0.515020608901978,0.110092535614967,0.129839092493057,0.24612583220005,-0.826223313808441,0.489815324544907
49.5997495651245,1,-0.503904104232788,-0.514819085597992,0.109961569309235,0.128476113080978,0.2448670566082,-0.82576847076416,0.491569340229034
49.6168649196625,1,-0.504098951816559,-0.514861166477203,0.109898179769516,0.125159397721291,0.244822263717651,-0.825585007667542,0.492754071950912
49.6368215084076,1,-0.504366815090179,-0.515445590019226,0.109772279858589,0.120921663939953,0.244389027357101,-0.826769769191742,0.492040455341339
49.6581015586853,1,-0.504748225212097,-0.515633523464203,0.10974209010601,0.117832846939564,0.244490936398506,-0.827761948108673,0.491070121526718
49.6753659248352,1,-0.504786014556885,-0.516331911087036,0.109492093324661,0.116099923849106,0.241315737366676,-0.828413307666779,0.491954445838928
49.7013492584229,1,-0.504543721675873,-0.517024576663971,0.109205275774002,0.115320213139057,0.235612705349922,-0.828699707984924,0.494413465261459
49.7160608768463,1,-0.504409670829773,-0.516923248767853,0.109083026647568,0.116019926965237,0.232603415846825,-0.828921377658844,0.495302200317383
49.7355673313141,1,-0.504233121871948,-0.516977548599243,0.108856067061424,0.115480847656727,0.229138121008873,-0.829221725463867,0.496539384126663
49.7557518482208,1,-0.503981828689575,-0.516741156578064,0.108575284481049,0.113932363688946,0.226243659853935,-0.83017098903656,0.496638059616089
49.775536775589,1,-0.503843486309052,-0.516237854957581,0.108276799321175,0.111457832157612,0.224402487277985,-0.832585394382477,0.49398598074913
49.8029234409332,1,-0.503690421581268,-0.516347229480743,0.107948482036591,0.10677557438612,0.221247047185898,-0.835295140743256,0.491864770650864
49.8156673908234,1,-0.503990292549133,-0.516804814338684,0.107690662145615,0.100884541869164,0.218295678496361,-0.837633073329926,0.490448921918869
49.8360514640808,1,-0.50479382276535,-0.517441868782043,0.107568204402924,0.0943864807486534,0.215450391173363,-0.838809609413147,0.490989685058594
49.8556790351868,1,-0.505485951900482,-0.518181085586548,0.107490673661232,0.08868258446455,0.210604056715965,-0.838705956935883,0.494321286678314
49.8758585453033,1,-0.505764484405518,-0.51863044500351,0.107190057635307,0.0848897621035576,0.204761281609535,-0.838330507278442,0.498064905405045
49.8997473716736,1,-0.50591653585434,-0.518778562545776,0.107041776180267,0.0815773457288742,0.198945924639702,-0.837494432926178,0.502363085746765
49.916690826416,1,-0.505993068218231,-0.519223511219025,0.10675436258316,0.0783568322658539,0.192484989762306,-0.836860716342926,0.506432473659515
49.9564168453217,1,-0.506078660488129,-0.519735634326935,0.106380432844162,0.0755722597241402,0.186111345887184,-0.835779190063477,0.511003494262695
49.9763882160187,1,-0.506411612033844,-0.520175457000732,0.105916574597359,0.0705553367733955,0.174987092614174,-0.832459449768066,0.520972907543182
49.9957149028778,1,-0.506486237049103,-0.520940184593201,0.10572674870491,0.0672521963715553,0.168409809470177,-0.831375777721405,0.525290012359619
50.0243263244629,1,-0.506515026092529,-0.521162033081055,0.105527520179749,0.0649668946862221,0.163650199770927,-0.830399632453918,0.528615474700928
50.0377860069275,1,-0.506655514240265,-0.521500110626221,0.10528364777565,0.0621774531900883,0.158717796206474,-0.829004049301147,0.532630085945129
50.0562279224396,1,-0.506612062454224,-0.521507382392883,0.1052116304636,0.0591721758246422,0.153183192014694,-0.826782941818237,0.53801816701889
50.0941317081451,1,-0.506749510765076,-0.521188795566559,0.105057433247566,0.0565385892987251,0.149255320429802,-0.824934899806976,0.542225539684296
50.0967910289764,1,-0.506764650344849,-0.520936191082001,0.104856356978416,0.0540033765137196,0.145456537604332,-0.822580695152283,0.547071397304535
50.1161830425262,1,-0.506773352622986,-0.520779430866241,0.104659602046013,0.0513733513653278,0.14215961098671,-0.820910513401031,0.550688147544861
50.1368808746338,1,-0.507032811641693,-0.520455956459045,0.104403406381607,0.0492904968559742,0.139880761504173,-0.819680452346802,0.553288221359253
50.1638565063477,1,-0.507303893566132,-0.520131886005402,0.104175612330437,0.0479661524295807,0.137187644839287,-0.817522823810577,0.557256877422333
50.1770052909851,1,-0.507358849048615,-0.52030736207962,0.10403223335743,0.0465624406933784,0.132388100028038,-0.814824521541595,0.562464594841003
50.1976845264435,1,-0.507272839546204,-0.521324813365936,0.103969380259514,0.0438907146453857,0.125037327408791,-0.813232481479645,0.566649973392487
50.237681388855,1,-0.507031142711639,-0.521774888038635,0.103843122720718,0.0414020009338856,0.119765743613243,-0.812894403934479,0.568458199501038
50.2401850223541,1,-0.507206499576569,-0.521351993083954,0.103606909513474,0.0392678789794445,0.11864011734724,-0.812438488006592,0.569496512413025
50.256005525589,1,-0.507398664951324,-0.521243274211884,0.103451311588287,0.0366392619907856,0.117302060127258,-0.811036884784698,0.571941375732422
50.2761642932892,1,-0.507717311382294,-0.521754384040833,0.103343442082405,0.03349694237113,0.114858992397785,-0.809927880764008,0.574197113513947
50.3145201206207,1,-0.507853507995605,-0.521799921989441,0.103203639388084,0.032666303217411,0.112592846155167,-0.808093845844269,0.577269494533539
50.317227602005,1,-0.50788277387619,-0.521688640117645,0.103083595633507,0.0327882543206215,0.110051073133945,-0.806002914905548,0.58066600561142
50.3369145393372,1,-0.507817447185516,-0.522064983844757,0.103050112724304,0.0320131964981556,0.106067299842834,-0.804110288619995,0.584064841270447
50.3582653999329,1,-0.507651090621948,-0.52245819568634,0.102990299463272,0.0309744011610746,0.102133505046368,-0.802498042583466,0.587031722068787
50.3913595676422,1,-0.507641613483429,-0.522592306137085,0.102908834815025,0.0296779908239841,0.0996678397059441,-0.801519453525543,0.58885669708252
50.4020969867706,1,-0.507818818092346,-0.522608578205109,0.102757781744003,0.0281407237052917,0.0984441637992859,-0.800637543201447,0.590335845947266
50.4162604808807,1,-0.508008301258087,-0.522516548633575,0.102648764848709,0.0268821679055691,0.0976018682122231,-0.799194097518921,0.592486381530762
50.4371240139008,1,-0.508090972900391,-0.522851705551147,0.102604612708092,0.0254224538803101,0.0958587676286697,-0.798204839229584,0.59416651725769
50.4791376590729,1,-0.508017539978027,-0.523098945617676,0.10258810967207,0.0242690443992615,0.094435878098011,-0.79792195558548,0.59482204914093
50.4813237190247,1,-0.507958114147186,-0.523099422454834,0.102585181593895,0.0234590992331505,0.0936239659786224,-0.797730684280396,0.595239460468292
50.4962086677551,1,-0.508056282997131,-0.522923946380615,0.102488607168198,0.0234030466526747,0.0931751355528831,-0.796627759933472,0.59678715467453
50.5165646076202,1,-0.507319688796997,-0.523847460746765,0.102803260087967,0.0222937893122435,0.0872959718108177,-0.79351544380188,0.60184371471405
50.5465035438538,1,-0.50692880153656,-0.524209856987,0.102928325533867,0.0222926959395409,0.0837219208478928,-0.791521310806274,0.604969263076782
50.5648336410522,1,-0.506484925746918,-0.525027513504028,0.103119060397148,0.0217178594321012,0.0799136906862259,-0.79117751121521,0.605953991413116
50.5772550106049,1,-0.506407201290131,-0.525322437286377,0.103158444166183,0.0214268136769533,0.0789618194103241,-0.791310846805573,0.605915129184723
50.5969543457031,1,-0.506418704986572,-0.525356590747833,0.103193208575249,0.021290821954608,0.0790485739707947,-0.790977120399475,0.606344223022461
50.6165797710419,1,-0.506471633911133,-0.525373578071594,0.103202164173126,0.0208833143115044,0.0788937881588936,-0.79032564163208,0.607227385044098
50.6458859443665,1,-0.506481885910034,-0.525550484657288,0.103222981095314,0.0202050134539604,0.0778921470046043,-0.789716064929962,0.608171999454498
50.658563375473,1,-0.506461977958679,-0.525977492332458,0.10323616117239,0.0192199964076281,0.0762136802077293,-0.789617955684662,0.608543753623962
50.6774942874908,1,-0.506416141986847,-0.526275098323822,0.103248424828053,0.0186792258173227,0.0746424347162247,-0.78936779499054,0.609079718589783
50.6964282989502,1,-0.506315946578979,-0.526577472686768,0.103268057107925,0.018470773473382,0.0726798996329308,-0.788422286510468,0.610546469688416
50.7284152507782,1,-0.506219446659088,-0.526661336421967,0.103252701461315,0.0183502826839685,0.0712650939822197,-0.787418782711029,0.612010061740875
50.7388701438904,1,-0.506209492683411,-0.526938199996948,0.103259325027466,0.0174888111650944,0.0699652507901192,-0.787583589553833,0.611973226070404
50.7585968971252,1,-0.506228685379028,-0.527093052864075,0.103236019611359,0.0168136730790138,0.0696233063936234,-0.788325667381287,0.611074924468994
50.7769627571106,1,-0.506331503391266,-0.526878535747528,0.10319659113884,0.0167239811271429,0.0706029832363129,-0.789184153079987,0.609855771064758
50.8098256587982,1,-0.506349980831146,-0.526510775089264,0.103174313902855,0.0170257743448019,0.0719542130827904,-0.790009617805481,0.608619391918182
50.8219046592712,1,-0.506295382976532,-0.526321709156036,0.103202417492867,0.0173071473836899,0.0725944638252258,-0.790817558765411,0.607484996318817
50.836526632309,1,-0.506250441074371,-0.526185214519501,0.103222548961639,0.0176526997238398,0.072686493396759,-0.791650116443634,0.606378793716431
50.8570566177368,1,-0.506182909011841,-0.526160597801208,0.103243559598923,0.0180132016539574,0.072105310857296,-0.792089283466339,0.605863809585571
50.890695810318,1,-0.506054043769836,-0.526419222354889,0.103264175355434,0.0182747170329094,0.0705089867115021,-0.791969478130341,0.606200337409973
50.9019389152527,1,-0.505862951278687,-0.526936709880829,0.103320300579071,0.0184212680906057,0.0680453926324844,-0.791467547416687,0.607132375240326
50.9168899059296,1,-0.50576251745224,-0.527204990386963,0.103332117199898,0.018676295876503,0.0666048973798752,-0.791185438632965,0.607651650905609
50.9368212223053,1,-0.50573068857193,-0.527243196964264,0.103315114974976,0.0188281610608101,0.0661529153585434,-0.791418731212616,0.607392549514771
50.9714238643646,1,-0.505700290203094,-0.527216553688049,0.103308513760567,0.0187950916588306,0.0658395066857338,-0.791717112064362,0.607038676738739
50.9807522296906,1,-0.505641937255859,-0.52719646692276,0.103280872106552,0.0187192521989346,0.0651880353689194,-0.791971743106842,0.606779098510742
50.9959483146667,1,-0.505633533000946,-0.527131199836731,0.103243596851826,0.018628217279911,0.064213328063488,-0.791504979133606,0.607494473457336
51.0160162448883,1,-0.505670547485352,-0.527042865753174,0.103180177509785,0.0185750126838684,0.0632145777344704,-0.790546715259552,0.608847081661224
51.0487461090088,1,-0.505706489086151,-0.527008950710297,0.103102318942547,0.0184116922318935,0.0622499994933605,-0.789925992488861,0.609756469726562
51.0586104393005,1,-0.50572407245636,-0.526960253715515,0.103034436702728,0.0185438971966505,0.0615073777735233,-0.789673030376434,0.610155344009399
51.0780093669891,1,-0.505650401115417,-0.527031481266022,0.103048145771027,0.0187655687332153,0.0601061917841434,-0.789362251758575,0.610690176486969
51.0964632034302,1,-0.505613625049591,-0.526921093463898,0.103004842996597,0.0192760415375233,0.0590713247656822,-0.78870952129364,0.611617743968964
51.1264200210571,1,-0.505637645721436,-0.526996195316315,0.102983862161636,0.0190850701183081,0.0576567128300667,-0.788327872753143,0.612250447273254
51.1370272636414,1,-0.505726158618927,-0.527107417583466,0.102922551333904,0.0183766465634108,0.0566823668777943,-0.788260459899902,0.612449944019318
51.1571907997131,1,-0.505728721618652,-0.527223467826843,0.102899372577667,0.017192367464304,0.0558373481035233,-0.787684917449951,0.613301813602448
51.1768217086792,1,-0.505692720413208,-0.527564823627472,0.102930724620819,0.0154660772532225,0.0545948073267937,-0.787086486816406,0.61422723531723
51.2087223529816,1,-0.505680799484253,-0.527898907661438,0.103011064231396,0.013873235322535,0.0532655976712704,-0.786571979522705,0.615040421485901
51.2208814620972,1,-0.505672931671143,-0.528261780738831,0.1030652821064,0.0129692349582911,0.0516257882118225,-0.785999119281769,0.615931808948517
51.2373180389404,1,-0.505725920200348,-0.528262257575989,0.103007815778255,0.0131987705826759,0.0507642962038517,-0.785238564014435,0.616967797279358
51.2566108703613,1,-0.505746960639954,-0.52800440788269,0.102915123105049,0.0140298502519727,0.0503738783299923,-0.784001052379608,0.618553280830383
51.2876036167145,1,-0.505749702453613,-0.527920544147491,0.102873221039772,0.0142102800309658,0.0497160963714123,-0.783229053020477,0.619579315185547
51.2979340553284,1,-0.505768299102783,-0.52789181470871,0.10284299403429,0.013976726680994,0.0494954101741314,-0.783094763755798,0.619772017002106
51.3169720172882,1,-0.505770802497864,-0.52792900800705,0.102833107113838,0.0133664552122355,0.0496161729097366,-0.783662378787994,0.619058132171631
51.3367516994476,1,-0.505712032318115,-0.528160035610199,0.102917790412903,0.0125303957611322,0.049358494579792,-0.784474551677704,0.618066728115082
51.3700742721558,1,-0.505674421787262,-0.528332829475403,0.102986067533493,0.0120962429791689,0.0493638515472412,-0.78530490398407,0.617019593715668
51.3786959648132,1,-0.505629420280457,-0.528437912464142,0.103051424026489,0.0121068218722939,0.0494224019348621,-0.785838067531586,0.616335511207581
51.3980045318604,1,-0.50562196969986,-0.528312623500824,0.103038117289543,0.012515832670033,0.0496515370905399,-0.785906434059143,0.616221725940704
51.4171822071075,1,-0.505622386932373,-0.528146624565125,0.102976426482201,0.0130026368424296,0.0496321022510529,-0.785637557506561,0.61655592918396
51.4483587741852,1,-0.505655527114868,-0.528245568275452,0.102975964546204,0.0127663342282176,0.0489129982888699,-0.78568160533905,0.616562247276306
51.4568777084351,1,-0.505708038806915,-0.52813458442688,0.102914467453957,0.0127673763781786,0.0491258427500725,-0.78581303358078,0.616377770900726
51.4801232814789,1,-0.505689680576324,-0.528113424777985,0.102897889912128,0.0125452587381005,0.0494511276483536,-0.785929322242737,0.616208136081696
51.49680519104,1,-0.505709946155548,-0.527958452701569,0.102902814745903,0.0120189227163792,0.0504859425127506,-0.786812305450439,0.615006506443024
51.5264813899994,1,-0.50582218170166,-0.527733623981476,0.102904722094536,0.0114238327369094,0.0518260821700096,-0.787977933883667,0.613412141799927
51.5375113487244,1,-0.505797505378723,-0.527585685253143,0.102912440896034,0.011452361010015,0.0523493140935898,-0.788435935974121,0.61277824640274
51.5568587779999,1,-0.505768179893494,-0.527503907680511,0.102932281792164,0.0118616437539458,0.0521694719791412,-0.788048624992371,0.613283753395081
51.5767705440521,1,-0.505716443061829,-0.527805149555206,0.102951273322105,0.0119437882676721,0.0508821196854115,-0.787299156188965,0.614351987838745
51.6095788478851,1,-0.505694329738617,-0.527988076210022,0.102955162525177,0.0117970434948802,0.0502306409180164,-0.787009298801422,0.614779710769653
51.619571685791,1,-0.505758762359619,-0.527789831161499,0.102899149060249,0.0117961447685957,0.0510569214820862,-0.787324070930481,0.614308476448059
51.6375246047974,1,-0.505830883979797,-0.527613639831543,0.102869965136051,0.0115598579868674,0.0520742498338223,-0.78812164068222,0.613203883171082
51.6618051528931,1,-0.505851984024048,-0.52754670381546,0.102887332439423,0.0113152479752898,0.0529642067849636,-0.788733184337616,0.612345278263092
51.6909749507904,1,-0.505859076976776,-0.527457714080811,0.102934390306473,0.0112718045711517,0.0538605898618698,-0.788832783699036,0.612139642238617
51.7048208713531,1,-0.505906105041504,-0.527395665645599,0.102967008948326,0.0112628415226936,0.0546842589974403,-0.788721203804016,0.61221045255661
51.7188451290131,1,-0.505926132202148,-0.527364075183868,0.102975353598595,0.0115044051781297,0.0551516525447369,-0.788486123085022,0.612466812133789
51.7369015216827,1,-0.505964517593384,-0.527266442775726,0.102967284619808,0.0118937809020281,0.0556060746312141,-0.788395464420319,0.612534940242767
51.7739388942719,1,-0.505935847759247,-0.527275204658508,0.102943599224091,0.0123161636292934,0.0557742714881897,-0.788812935352325,0.611973643302917
51.7825362682343,1,-0.505926251411438,-0.527337253093719,0.102941393852234,0.0126092582941055,0.0560039877891541,-0.789799451828003,0.610672950744629
51.7974104881287,1,-0.505897402763367,-0.527045845985413,0.102929353713989,0.0134495301172137,0.0567937567830086,-0.789823889732361,0.610550403594971
51.8168878555298,1,-0.50591504573822,-0.52675861120224,0.102929309010506,0.0139210727065802,0.0572611838579178,-0.788954794406891,0.611618995666504
51.84801197052,1,-0.505881369113922,-0.526848554611206,0.102945141494274,0.0131824724376202,0.0565675273537636,-0.788298726081848,0.612545073032379
51.8590087890625,1,-0.505839586257935,-0.52722704410553,0.102997712790966,0.011644315905869,0.0555533617734909,-0.788576006889343,0.612312138080597
51.8770604133606,1,-0.505907356739044,-0.527219653129578,0.102906659245491,0.0104885902255774,0.0569875314831734,-0.789284348487854,0.611287653446198
51.895655632019,1,-0.506103456020355,-0.526882767677307,0.102836541831493,0.00957289803773165,0.0597100332379341,-0.78857034444809,0.611964046955109
51.9177021980286,1,-0.506349146366119,-0.52712070941925,0.10296692699194,0.00771878426894546,0.0610820576548576,-0.787486553192139,0.613249063491821
51.9360046386719,1,-0.506615221500397,-0.526941061019897,0.103055089712143,0.0069905873388052,0.0633169561624527,-0.784899115562439,0.616340398788452
51.9681317806244,1,-0.506696820259094,-0.52689790725708,0.103116415441036,0.00703418394550681,0.0639283582568169,-0.782111704349518,0.619810461997986
51.9756798744202,1,-0.506548643112183,-0.526980936527252,0.103073194622993,0.00830449163913727,0.0625195726752281,-0.780797958374023,0.621592283248901
51.9959168434143,1,-0.50637298822403,-0.527290225028992,0.103073991835117,0.00951618421822786,0.0603583045303822,-0.781544208526611,0.620850145816803
52.0160939693451,1,-0.506103217601776,-0.527412712574005,0.103021934628487,0.011406428180635,0.0584159083664417,-0.783929288387299,0.617990493774414
52.0368227958679,1,-0.50584602355957,-0.527363836765289,0.103061392903328,0.0129019320011139,0.056245606392622,-0.78580242395401,0.61577969789505
52.0572888851166,1,-0.505754768848419,-0.527040660381317,0.102959483861923,0.0137016298249364,0.0554658323526382,-0.787954390048981,0.613077223300934
52.0761108398438,1,-0.505766630172729,-0.527100384235382,0.102889463305473,0.0129180438816547,0.0554305799305439,-0.789992213249207,0.610469400882721
52.0956556797028,1,-0.505790948867798,-0.527078807353973,0.102876126766205,0.011774018406868,0.0563155263662338,-0.790737509727478,0.609445929527283
52.1213743686676,1,-0.505894720554352,-0.526959300041199,0.102858319878578,0.0105745485052466,0.0576630048453808,-0.790069282054901,0.610207974910736
52.1370794773102,1,-0.506081581115723,-0.52698290348053,0.102883361279964,0.00936538446694613,0.0588591918349266,-0.78876394033432,0.611800074577332
52.1562094688416,1,-0.506332814693451,-0.526978373527527,0.102895066142082,0.00859958864748478,0.0603682026267052,-0.787683963775635,0.613054394721985
52.1900293827057,1,-0.506504774093628,-0.526963293552399,0.10292399674654,0.00820843409746885,0.0617682337760925,-0.787209451198578,0.613529741764069
52.1989204883575,1,-0.506503939628601,-0.526965022087097,0.102979138493538,0.00804755464196205,0.0626160278916359,-0.786841094493866,0.613918125629425
52.2158491611481,1,-0.506552815437317,-0.526984572410583,0.103040866553783,0.00763850472867489,0.0631622821092606,-0.786619961261749,0.614150822162628
52.2471170425415,1,-0.506563901901245,-0.527114450931549,0.103043556213379,0.00709574157372117,0.062935970723629,-0.787281215190887,0.613332748413086
52.2560431957245,1,-0.506489276885986,-0.527195572853088,0.102994814515114,0.00676752766594291,0.062278788536787,-0.788594245910645,0.611714482307434
52.2772114276886,1,-0.506386160850525,-0.527234256267548,0.102968901395798,0.00642669945955276,0.0610373467206955,-0.789563298225403,0.610592305660248
52.3131532669067,1,-0.506313741207123,-0.527370750904083,0.102959200739861,0.00560682127252221,0.0594624616205692,-0.789339542388916,0.611044824123383
52.3179402351379,1,-0.506351947784424,-0.527701795101166,0.102955617010593,0.00374143500812352,0.0579310245811939,-0.789061188697815,0.611565589904785
52.3363080024719,1,-0.506498575210571,-0.527680516242981,0.102860018610954,0.0020013356115669,0.0579867027699947,-0.788953840732574,0.611707031726837
52.3573489189148,1,-0.506552696228027,-0.527757346630096,0.102837093174458,0.000502338982187212,0.0575735494494438,-0.78888863325119,0.611833214759827
52.3840641975403,1,-0.506510078907013,-0.528312146663666,0.102923363447189,-0.00127263402100652,0.0554023198783398,-0.788765132427216,0.612191736698151
52.3971886634827,1,-0.506783723831177,-0.526904463768005,0.102642133831978,0.00080014718696475,0.058221161365509,-0.788809537887573,0.611873507499695
52.4170863628387,1,-0.506747305393219,-0.526103556156158,0.102470822632313,0.00290414225310087,0.0580893270671368,-0.787788808345795,0.613193392753601
52.4366562366486,1,-0.506604194641113,-0.526555716991425,0.102527447044849,0.00332909263670444,0.0545868165791035,-0.785962402820587,0.615850925445557
52.4657480716705,1,-0.506386756896973,-0.526967287063599,0.102575659751892,0.00439809216186404,0.0504192262887955,-0.784647583961487,0.617872834205627
52.4792399406433,1,-0.50607842206955,-0.527125835418701,0.102476671338081,0.00654966337606311,0.0469977557659149,-0.782893776893616,0.620343327522278
52.4975051879883,1,-0.506204009056091,-0.526661455631256,0.102259501814842,0.00879098568111658,0.04620461165905,-0.781725823879242,0.621846079826355
52.516964673996,1,-0.505709648132324,-0.527604103088379,0.102565482258797,0.00955099333077669,0.0419715642929077,-0.781712412834167,0.622151732444763
52.5451021194458,1,-0.505494475364685,-0.527974188327789,0.102726310491562,0.0101036010310054,0.0407794415950775,-0.782787680625916,0.620868980884552
52.5565869808197,1,-0.505369603633881,-0.528023600578308,0.102778203785419,0.0102110458537936,0.0414728112518787,-0.784618496894836,0.618505954742432
52.5768582820892,1,-0.50534063577652,-0.527679324150085,0.102691248059273,0.0102246832102537,0.0444188863039017,-0.786757349967957,0.615577220916748
52.5969090461731,1,-0.505311548709869,-0.528085350990295,0.10290116071701,0.00826253741979599,0.0456158183515072,-0.788904964923859,0.612764179706573
52.6302242279053,1,-0.505438923835754,-0.528201818466187,0.103072494268417,0.00646962178871036,0.0476602055132389,-0.79093736410141,0.610003888607025
52.641179561615,1,-0.505555272102356,-0.528218984603882,0.103123933076859,0.00541693810373545,0.0496720708906651,-0.791901886463165,0.608600556850433
52.6564650535583,1,-0.505645513534546,-0.528196692466736,0.103188022971153,0.00528225628659129,0.0508053153753281,-0.791973531246185,0.608415067195892
52.6765666007996,1,-0.505632281303406,-0.528261005878448,0.10321107506752,0.00575949437916279,0.0506780110299587,-0.791759431362152,0.608700037002563
52.7104160785675,1,-0.505591511726379,-0.528108477592468,0.103157371282578,0.00694482726976275,0.0505844689905643,-0.791865825653076,0.608556985855103
52.7165343761444,1,-0.505552291870117,-0.527878880500793,0.103065028786659,0.00820303615182638,0.0506210587918758,-0.79240894317627,0.607830941677094
52.7364025115967,1,-0.505419969558716,-0.527960300445557,0.103103905916214,0.00908650178462267,0.0496526248753071,-0.793200314044952,0.606865286827087
52.7566394805908,1,-0.505295276641846,-0.527747988700867,0.103087313473225,0.010606269352138,0.0495776645839214,-0.793443858623505,0.606528282165527
52.7769184112549,1,-0.505141317844391,-0.527463436126709,0.103052519261837,0.0126284193247557,0.0494615398347378,-0.79290783405304,0.607199549674988
52.8003759384155,1,-0.505200564861298,-0.527144968509674,0.102917537093163,0.0142561607062817,0.0498309768736362,-0.792179763317108,0.608083009719849
52.8180112838745,1,-0.505901992321014,-0.525797247886658,0.102335140109062,0.0161332152783871,0.0545909442007542,-0.791907608509064,0.60798180103302
52.8373255729675,1,-0.505778789520264,-0.525944232940674,0.102397575974464,0.0155524741858244,0.0545933023095131,-0.79221510887146,0.607596158981323
52.874552488327,1,-0.505623400211334,-0.526418030261993,0.102654859423637,0.013687769882381,0.0540695935487747,-0.793002486228943,0.606659889221191
52.8837070465088,1,-0.505768418312073,-0.526679813861847,0.102736234664917,0.0115148425102234,0.0550655238330364,-0.794064342975616,0.605224788188934
52.8974378108978,1,-0.505932211875916,-0.526418089866638,0.102661691606045,0.0105030313134193,0.0570035874843597,-0.794890642166138,0.603977918624878
52.9159939289093,1,-0.506117045879364,-0.525984406471252,0.102581530809402,0.0102013992145658,0.0591280460357666,-0.79526287317276,0.603288412094116
52.9529316425323,1,-0.506404042243958,-0.52616423368454,0.102719247341156,0.00901414174586535,0.0592410713434219,-0.795735836029053,0.602672159671783
52.9576795101166,1,-0.506184577941895,-0.527289390563965,0.102887555956841,0.0074854358099401,0.0554002933204174,-0.795963704586029,0.602757513523102
52.9783232212067,1,-0.505851209163666,-0.528665542602539,0.103077843785286,0.00606682896614075,0.0510775111615658,-0.795614361763,0.603615880012512
52.9979329109192,1,-0.505865752696991,-0.528378427028656,0.102981738746166,0.00673513859510422,0.0517419576644897,-0.796205461025238,0.602772235870361
53.0363919734955,1,-0.505913972854614,-0.527797043323517,0.102870047092438,0.00740761635825038,0.0539956949651241,-0.797412276268005,0.600968480110168
53.0389151573181,1,-0.505959212779999,-0.52738481760025,0.10278481990099,0.00764852436259389,0.0566787011921406,-0.798579096794128,0.599166631698608
53.0565342903137,1,-0.506024897098541,-0.526999354362488,0.10277159512043,0.00791896414011717,0.0595085844397545,-0.798898100852966,0.598462879657745
53.0781016349792,1,-0.5061274766922,-0.526657342910767,0.102771654725075,0.0084447804838419,0.0617211572825909,-0.798649072647095,0.598564028739929
53.1205730438232,1,-0.506106495857239,-0.526750683784485,0.102856665849686,0.00876403879374266,0.0619463585317135,-0.79804527759552,0.599341034889221
53.1219644546509,1,-0.506058275699615,-0.52691638469696,0.102898895740509,0.00925756432116032,0.0611432194709778,-0.797454953193665,0.60020112991333
53.1367080211639,1,-0.505991578102112,-0.52707302570343,0.102931685745716,0.00969549268484116,0.0599913224577904,-0.796972274780273,0.600951194763184
53.1553585529327,1,-0.506008505821228,-0.5268914103508,0.102896764874458,0.0104009490460157,0.0594912208616734,-0.796678781509399,0.601378083229065
53.1800916194916,1,-0.50598269701004,-0.526874005794525,0.102871455252171,0.0107704140245914,0.058548130095005,-0.796324491500854,0.601933240890503
53.1955902576447,1,-0.505945086479187,-0.527068138122559,0.102902129292488,0.0106676416471601,0.0570199489593506,-0.795891404151917,0.602654099464417
53.2154123783112,1,-0.50594037771225,-0.527332127094269,0.102898269891739,0.0105513110756874,0.0558587536215782,-0.795564711093903,0.60319596529007
53.2392106056213,1,-0.505870521068573,-0.527515947818756,0.102919682860374,0.010699569247663,0.0547385811805725,-0.79499351978302,0.604048490524292
53.2567021846771,1,-0.505788266658783,-0.527585208415985,0.102925680577755,0.010983532294631,0.0539197213947773,-0.794537842273712,0.604716241359711
53.292952299118,1,-0.505729138851166,-0.527525901794434,0.102897092700005,0.0114115364849567,0.0536795929074287,-0.79441374540329,0.604892611503601
53.3033580780029,1,-0.505709528923035,-0.52736896276474,0.102872334420681,0.0118917506188154,0.0538143999874592,-0.794295310974121,0.605026841163635
53.3156085014343,1,-0.505681693553925,-0.527301728725433,0.102853514254093,0.0120395133271813,0.0539240166544914,-0.794362545013428,0.604925930500031
53.3358066082001,1,-0.505685985088348,-0.527386248111725,0.102853246033192,0.0117409434169531,0.0537590384483337,-0.794666707515717,0.604546844959259
53.3613448143005,1,-0.505743503570557,-0.52751898765564,0.102857172489166,0.01115014962852,0.0535982772707939,-0.795106530189514,0.603993773460388
53.3776619434357,1,-0.505745708942413,-0.527522444725037,0.102842018008232,0.0107174962759018,0.053519394248724,-0.795810699462891,0.603080570697784
53.3966040611267,1,-0.505772888660431,-0.527549207210541,0.102862536907196,0.0101206013932824,0.0534109883010387,-0.796564280986786,0.602104842662811
53.4291815757751,1,-0.505809128284454,-0.527381777763367,0.102822780609131,0.00986790657043457,0.053815234452486,-0.797018110752106,0.601472079753876
53.4407765865326,1,-0.505818784236908,-0.527380406856537,0.102813810110092,0.00947212614119053,0.0538849420845509,-0.797435224056244,0.600919246673584
53.4560277462006,1,-0.505795896053314,-0.527363002300262,0.102796666324139,0.00948969647288322,0.0540141463279724,-0.797580540180206,0.600714266300201
53.4778609275818,1,-0.505789995193481,-0.527399897575378,0.102811440825462,0.00965856201946735,0.0538071617484093,-0.797534883022308,0.600790858268738
53.5071940422058,1,-0.505720674991608,-0.527519166469574,0.10282801091671,0.00972946546971798,0.05301683396101,-0.797539889812469,0.600853383541107
53.5159018039703,1,-0.505685329437256,-0.527639508247375,0.102837383747101,0.00966304540634155,0.0519598163664341,-0.797484517097473,0.601020336151123
53.5362358093262,1,-0.505617916584015,-0.527893304824829,0.102841779589653,0.00945266708731651,0.0505890846252441,-0.797168374061584,0.601559698581696
53.55699634552,1,-0.505560159683228,-0.52802699804306,0.102822482585907,0.00921181403100491,0.049639105796814,-0.797135710716248,0.601685881614685
53.5883319377899,1,-0.505587697029114,-0.528078436851501,0.102818816900253,0.00868770014494658,0.0493346750736237,-0.797562718391418,0.60115247964859
53.5985145568848,1,-0.505630493164062,-0.527988135814667,0.102780491113663,0.00828952714800835,0.0495010353624821,-0.798090517520905,0.600443601608276
53.6183612346649,1,-0.505713760852814,-0.527816414833069,0.102743960916996,0.00796542782336473,0.0501041524112225,-0.798762083053589,0.599504292011261
53.6365125179291,1,-0.505674242973328,-0.527841329574585,0.102740630507469,0.0079117463901639,0.0498344600200653,-0.799032032489777,0.59916752576828
53.6657719612122,1,-0.505608141422272,-0.527843952178955,0.102773055434227,0.0082936929538846,0.0493172071874142,-0.798533618450165,0.599869310855865
53.6767654418945,1,-0.505598962306976,-0.527954936027527,0.102768957614899,0.00830782111734152,0.0486320927739143,-0.798498213291168,0.599972069263458
53.6978180408478,1,-0.505635261535645,-0.527795076370239,0.102701678872108,0.00823793653398752,0.0492044724524021,-0.799041211605072,0.599202990531921
53.7172799110413,1,-0.505693972110748,-0.527741134166718,0.102715626358986,0.0074853184632957,0.0498373210430145,-0.800250768661499,0.597544133663177
53.748156785965,1,-0.505780816078186,-0.52734762430191,0.102648749947548,0.00722425384446979,0.0516441203653812,-0.801559507846832,0.595636665821075
53.7592160701752,1,-0.505787312984467,-0.526977896690369,0.102618686854839,0.00737022515386343,0.0526979342103004,-0.80197948217392,0.594976902008057
53.775016784668,1,-0.505710899829865,-0.52708101272583,0.102640137076378,0.00748009234666824,0.0517206490039825,-0.801567077636719,0.59561675786972
53.8013784885406,1,-0.505706608295441,-0.52751761674881,0.102709487080574,0.00719548622146249,0.0500715225934982,-0.80111688375473,0.596366345882416
53.8160638809204,1,-0.505675792694092,-0.527754604816437,0.102715395390987,0.00715228542685509,0.0493085831403732,-0.80093115568161,0.596679985523224
53.8372957706451,1,-0.505709946155548,-0.527754902839661,0.102724999189377,0.00712780980393291,0.0496456250548363,-0.801103413105011,0.596420884132385
53.8565943241119,1,-0.505710661411285,-0.527577102184296,0.102733224630356,0.0073267980478704,0.0503581203520298,-0.800992786884308,0.596507251262665
53.8755548000336,1,-0.505752742290497,-0.527417361736298,0.102704793214798,0.00733705842867494,0.0511163733899593,-0.801068723201752,0.596340775489807
53.9011609554291,1,-0.505837976932526,-0.527264773845673,0.102661855518818,0.00719166500493884,0.0519190318882465,-0.801543354988098,0.595634937286377
53.9156186580658,1,-0.505868017673492,-0.527102470397949,0.102604307234287,0.0070217689499259,0.0527602694928646,-0.802148103713989,0.594748318195343
53.9531190395355,1,-0.505843162536621,-0.527093112468719,0.102583065629005,0.00667114229872823,0.0529927983880043,-0.802599489688873,0.594122290611267
53.9553866386414,1,-0.505819737911224,-0.527172267436981,0.102602995932102,0.0063189254142344,0.05271315574646,-0.802693009376526,0.594024837017059
53.9760551452637,1,-0.505829572677612,-0.527215778827667,0.102617561817169,0.00619284808635712,0.0525650680065155,-0.802638292312622,0.594113230705261
54.0092940330505,1,-0.505870819091797,-0.527189075946808,0.102607652544975,0.00633645011112094,0.0527329705655575,-0.802396476268768,0.594423234462738
54.0192306041718,1,-0.505856215953827,-0.527130365371704,0.102600142359734,0.00657469546422362,0.0529681704938412,-0.802068471908569,0.594842255115509
54.0376987457275,1,-0.505877554416656,-0.527086615562439,0.102590024471283,0.00663290871307254,0.0531074739992619,-0.802196025848389,0.594657301902771
54.0573213100433,1,-0.505839824676514,-0.527109861373901,0.102609932422638,0.00668537756428123,0.052979551255703,-0.802412211894989,0.59437620639801
54.0774838924408,1,-0.505798816680908,-0.527067720890045,0.102602541446686,0.00692946556955576,0.0531358905136585,-0.802101254463196,0.594779074192047
54.0956115722656,1,-0.505810439586639,-0.52698427438736,0.102589376270771,0.00689895171672106,0.0534896403551102,-0.801739513874054,0.595235228538513
54.1225919723511,1,-0.505814790725708,-0.527126491069794,0.102594099938869,0.00640004826709628,0.0532577000558376,-0.801770031452179,0.595220625400543
54.1404268741608,1,-0.505832850933075,-0.527293086051941,0.102611109614372,0.00578785082325339,0.052965834736824,-0.802261471748352,0.594590425491333
54.1563529968262,1,-0.505838394165039,-0.527383387088776,0.102620393037796,0.00559302046895027,0.052853774279356,-0.802502691745758,0.594276547431946
54.1776378154755,1,-0.505811154842377,-0.527430593967438,0.102638684213161,0.00559294270351529,0.0527283027768135,-0.802526593208313,0.59425550699234
54.2177603244781,1,-0.505815505981445,-0.527342855930328,0.102647244930267,0.00583629356697202,0.0528426021337509,-0.802434146404266,0.594367742538452
54.2205238342285,1,-0.505835056304932,-0.527069091796875,0.102594323456287,0.00646785460412502,0.0534282065927982,-0.802041113376617,0.594839215278625
54.2359583377838,1,-0.50585001707077,-0.527105808258057,0.102590128779411,0.00634460058063269,0.0534329228103161,-0.801792800426483,0.595174908638
54.2572417259216,1,-0.505836308002472,-0.527328729629517,0.102625720202923,0.00566938053816557,0.0530926994979382,-0.802113175392151,0.594780325889587
54.2762789726257,1,-0.505801796913147,-0.527461528778076,0.102668106555939,0.0052367215976119,0.0529721640050411,-0.802598655223846,0.594139635562897
54.2969722747803,1,-0.505783498287201,-0.527420461177826,0.102674782276154,0.00537963677197695,0.0529959425330162,-0.802518486976624,0.594244658946991
54.3167226314545,1,-0.505760788917542,-0.527448773384094,0.102677650749683,0.0053099007345736,0.0528013184666634,-0.802336871623993,0.594507694244385
54.3368163108826,1,-0.505801916122437,-0.527434170246124,0.102659568190575,0.00513250473886728,0.0526978746056557,-0.802440345287323,0.594378709793091
54.3703763484955,1,-0.505814909934998,-0.527528762817383,0.102680325508118,0.00485004344955087,0.0524458810687065,-0.802735984325409,0.594004094600677
54.3808670043945,1,-0.505798935890198,-0.52746570110321,0.102665595710278,0.00491595733910799,0.0527226813137531,-0.802641272544861,0.594107091426849
54.3963477611542,1,-0.505815625190735,-0.527544558048248,0.102691128849983,0.00458992272615433,0.0528098717331886,-0.802849650382996,0.593820333480835
54.4163613319397,1,-0.505772411823273,-0.527580499649048,0.10272990167141,0.00443408358842134,0.0526131838560104,-0.803049564361572,0.593568623065948
54.4514162540436,1,-0.50574654340744,-0.527599453926086,0.102734513580799,0.00452530710026622,0.052388820797205,-0.803170263767242,0.593424379825592
54.4610579013824,1,-0.505788922309875,-0.527559995651245,0.102707281708717,0.00475730467587709,0.0523783750832081,-0.803293526172638,0.593256592750549
54.4785249233246,1,-0.505791425704956,-0.527602910995483,0.102685660123825,0.00486060557886958,0.0521239526569843,-0.803450286388397,0.593065917491913
54.4976239204407,1,-0.505742430686951,-0.527572214603424,0.102687045931816,0.00509212259203196,0.0518621504306793,-0.803381264209747,0.593180418014526
54.5376126766205,1,-0.505782127380371,-0.527440905570984,0.10264128446579,0.00539705948904157,0.0521335899829865,-0.803380250930786,0.593155324459076
54.5591585636139,1,-0.505774259567261,-0.527454197406769,0.1026316806674,0.00535041047260165,0.0524097643792629,-0.803465664386749,0.593015730381012
54.5768082141876,1,-0.505757868289948,-0.527501165866852,0.102665945887566,0.00530596077442169,0.0523382425308228,-0.803672611713409,0.592741966247559
54.6132409572601,1,-0.505737602710724,-0.527498781681061,0.102687627077103,0.00554100563749671,0.0521457493305206,-0.803800940513611,0.592582643032074
54.6178629398346,1,-0.505749642848969,-0.527402818202972,0.10266076028347,0.00598664814606309,0.0521881282329559,-0.803717195987701,0.592688262462616
54.6365206241608,1,-0.505736529827118,-0.527341902256012,0.10262756049633,0.00625993637368083,0.0521534308791161,-0.80354917049408,0.592916190624237
54.656311750412,1,-0.505735576152802,-0.527301073074341,0.102601453661919,0.00624004378914833,0.0522520691156387,-0.803528010845184,0.592936456203461
54.6889357566833,1,-0.505749583244324,-0.527334868907928,0.102614551782608,0.00598061550408602,0.0522460266947746,-0.803565263748169,0.592889130115509
54.6974303722382,1,-0.505755066871643,-0.527429163455963,0.102667301893234,0.00562113290652633,0.052044440060854,-0.803652465343475,0.592792272567749
54.7187299728394,1,-0.505771160125732,-0.527480781078339,0.102677136659622,0.0055407858453691,0.0520342998206615,-0.803842484951019,0.592536091804504
54.7363448143005,1,-0.505774617195129,-0.527375102043152,0.102653294801712,0.00598797528073192,0.0522590205073357,-0.803720414638519,0.592677593231201
54.7720999717712,1,-0.505785048007965,-0.527239561080933,0.102638751268387,0.00651408545672894,0.0525507256388664,-0.80344021320343,0.593025922775269
54.7799961566925,1,-0.505793213844299,-0.527237236499786,0.102633163332939,0.00673494627699256,0.0526140481233597,-0.803680241107941,0.592692613601685
54.7969391345978,1,-0.505731105804443,-0.527257680892944,0.102652452886105,0.0069764144718647,0.0524357967078686,-0.80388331413269,0.592430114746094
54.8171677589417,1,-0.505734205245972,-0.527046144008636,0.1026431620121,0.00763059034943581,0.0526524670422077,-0.803686559200287,0.592669785022736
54.8481333255768,1,-0.505772709846497,-0.527051746845245,0.102628171443939,0.00767741119489074,0.0526633448898792,-0.80364990234375,0.592718005180359
54.858758687973,1,-0.505775332450867,-0.527198314666748,0.102610766887665,0.0072025153785944,0.0526779741048813,-0.804093241691589,0.592121005058289
54.8760600090027,1,-0.505720853805542,-0.527361810207367,0.102669030427933,0.00674637220799923,0.0524923652410507,-0.804498970508575,0.591591477394104
54.8963565826416,1,-0.505691528320312,-0.527156114578247,0.102649837732315,0.00730840070173144,0.0529905818402767,-0.80436098575592,0.59172797203064
54.9249529838562,1,-0.505760490894318,-0.526886940002441,0.102638334035873,0.00802037864923477,0.053405188024044,-0.803635776042938,0.592666208744049
54.9365465641022,1,-0.505749464035034,-0.526966392993927,0.102633699774742,0.00797891616821289,0.0530777461826801,-0.803825736045837,0.592438399791718
54.9571328163147,1,-0.505721509456635,-0.527007102966309,0.102652959525585,0.0079340972006321,0.0527323670685291,-0.803973436355591,0.592269480228424
54.9857995510101,1,-0.505372166633606,-0.526861667633057,0.102639719843864,0.009150555357337,0.0520253553986549,-0.802474200725555,0.594344079494476
55.0018389225006,1,-0.505212426185608,-0.527041077613831,0.102594897150993,0.00892155990004539,0.0512392297387123,-0.802364230155945,0.594564259052277
55.0171298980713,1,-0.505312561988831,-0.527103066444397,0.102599784731865,0.00800008606165648,0.051332987844944,-0.80285918712616,0.593900680541992
55.0380077362061,1,-0.5051149725914,-0.52707040309906,0.102558016777039,0.00804181769490242,0.0513639412820339,-0.802722692489624,0.594081938266754
55.0757491588593,1,-0.505229711532593,-0.527228116989136,0.102607414126396,0.00701495027169585,0.0514197461307049,-0.803733110427856,0.592722475528717
55.0782113075256,1,-0.505079388618469,-0.527307093143463,0.102658949792385,0.00689346389845014,0.051108606159687,-0.80381190776825,0.592643916606903
55.0963356494904,1,-0.505195736885071,-0.527697026729584,0.102735087275505,0.00557303614914417,0.0505661480128765,-0.804730713367462,0.591456353664398
55.1195209026337,1,-0.504992663860321,-0.527668714523315,0.10272441804409,0.00583639508113265,0.0504696853458881,-0.804766476154327,0.591413378715515
55.1579239368439,1,-0.505007863044739,-0.527593970298767,0.10268597304821,0.00579990400001407,0.0505160316824913,-0.804896593093872,0.591232597827911
55.1597967147827,1,-0.504879534244537,-0.527539491653442,0.102708771824837,0.00567581178620458,0.0496295541524887,-0.805204033851624,0.590890169143677
55.1765851974487,1,-0.504923820495605,-0.528587162494659,0.102852538228035,0.00290307332761586,0.0458343513309956,-0.805330336093903,0.591044843196869
55.1980938911438,1,-0.50511223077774,-0.528803944587708,0.102781713008881,0.000942128302995116,0.0448773056268692,-0.806334912776947,0.58975350856781
55.236891746521,1,-0.504855453968048,-0.528419077396393,0.102589830756187,0.000956599309574813,0.045647993683815,-0.806729912757874,0.589153826236725
55.2401061058044,1,-0.505098819732666,-0.528027892112732,0.102468311786652,-0.00068923324579373,0.0483019798994064,-0.808429181575775,0.586607694625854
55.2581768035889,1,-0.505477786064148,-0.527545094490051,0.102490723133087,-0.00204551336355507,0.0513586550951004,-0.809210240840912,0.585266590118408
55.275105714798,1,-0.505453288555145,-0.527164816856384,0.102506957948208,-0.00255479826591909,0.0532301291823387,-0.809320688247681,0.584944486618042
55.2958598136902,1,-0.505441248416901,-0.528013944625854,0.102600172162056,-0.00596364308148623,0.0515178218483925,-0.81018590927124,0.583874225616455
55.3158421516418,1,-0.505542159080505,-0.528510689735413,0.102641202509403,-0.00973383523523808,0.0503882952034473,-0.810810506343842,0.583054542541504
55.3368353843689,1,-0.505688428878784,-0.528327643871307,0.102544814348221,-0.0127814896404743,0.0507214441895485,-0.810996472835541,0.58270800113678
55.3553049564362,1,-0.505841791629791,-0.528487205505371,0.102538466453552,-0.0162260495126247,0.0500410050153732,-0.810850143432617,0.582884788513184
55.3761773109436,1,-0.506310522556305,-0.528352916240692,0.102354019880295,-0.0197627823799849,0.0509546548128128,-0.810269355773926,0.583503901958466
55.3962528705597,1,-0.506499290466309,-0.52860301733017,0.102410890161991,-0.0236343052238226,0.0506900809705257,-0.810815989971161,0.58262300491333
55.4209587574005,1,-0.506585597991943,-0.528745532035828,0.102368384599686,-0.0268777757883072,0.0514140129089355,-0.811895668506622,0.580912828445435
55.4373226165771,1,-0.506820023059845,-0.528757572174072,0.10228368639946,-0.029278539121151,0.052642710506916,-0.813165783882141,0.578906774520874
55.4702045917511,1,-0.506749749183655,-0.528316259384155,0.102180436253548,-0.0292759668081999,0.0541124679148197,-0.812524080276489,0.579671919345856
55.480396270752,1,-0.506936311721802,-0.52828049659729,0.102168843150139,-0.0294932126998901,0.0551156774163246,-0.8112513422966,0.581346452236176
55.498598575592,1,-0.507243633270264,-0.528186619281769,0.102260455489159,-0.0296825375407934,0.0563766732811928,-0.810616791248322,0.582100510597229
55.5168225765228,1,-0.506630659103394,-0.528157234191895,0.102070942521095,-0.0275618135929108,0.0553315877914429,-0.810648083686829,0.582261443138123
55.5353031158447,1,-0.506165981292725,-0.532556176185608,0.102815456688404,-0.0355892181396484,0.0419835895299911,-0.809877634048462,0.584011077880859
55.5628757476807,1,-0.507678151130676,-0.531297445297241,0.10329207777977,-0.03800093755126,0.04734106361866,-0.811306297779083,0.581461012363434
55.5784521102905,1,-0.50739324092865,-0.524412214756012,0.102183818817139,-0.0240829009562731,0.0655247196555138,-0.812133073806763,0.579280912876129
55.5981454849243,1,-0.505420684814453,-0.53019255399704,0.101962573826313,-0.0312608890235424,0.0452379584312439,-0.810969650745392,0.582498729228973
55.6328237056732,1,-0.505848348140717,-0.537242531776428,0.10297928750515,-0.0464990623295307,0.0260235667228699,-0.807427585124969,0.587555289268494
55.6390419006348,1,-0.508185923099518,-0.52798056602478,0.102686695754528,-0.0332903414964676,0.0545722544193268,-0.806871116161346,0.587258696556091
55.6587641239166,1,-0.507235050201416,-0.521717488765717,0.101907312870026,-0.0177594907581806,0.0689650699496269,-0.807692229747772,0.585287690162659
55.6945550441742,1,-0.506700038909912,-0.533368170261383,0.102043405175209,-0.0394329130649567,0.0374931283295155,-0.805790960788727,0.589694976806641
55.7021417617798,1,-0.505493462085724,-0.528640151023865,0.101213425397873,-0.025923790410161,0.0467647798359394,-0.807003974914551,0.588120400905609
55.7195568084717,1,-0.506599307060242,-0.524466872215271,0.101765513420105,-0.0202053878456354,0.0585977807641029,-0.804787218570709,0.590318202972412
55.7366032600403,1,-0.507688581943512,-0.529600501060486,0.102914661169052,-0.0315367840230465,0.0469634979963303,-0.802326261997223,0.594199120998383
55.7749345302582,1,-0.506629645824432,-0.530492603778839,0.101922482252121,-0.0292570013552904,0.0415217652916908,-0.800626456737518,0.597006976604462
55.7782526016235,1,-0.505590617656708,-0.529012262821198,0.101106636226177,-0.0220502745360136,0.0414159372448921,-0.802420496940613,0.594911694526672
55.7990570068359,1,-0.505933165550232,-0.527877449989319,0.101527765393257,-0.0235782284289598,0.0440043397247791,-0.801254272460938,0.59623771905899
55.8171970844269,1,-0.507288873195648,-0.528289914131165,0.102333568036556,-0.0309068318456411,0.0449115931987762,-0.801506876945496,0.595495104789734
55.8384757041931,1,-0.506726384162903,-0.528985738754272,0.101898059248924,-0.0312784276902676,0.042079396545887,-0.801795244216919,0.595294415950775
55.8618788719177,1,-0.506578207015991,-0.528124868869781,0.101105004549026,-0.0300846584141254,0.0429757200181484,-0.800950169563293,0.596428453922272
55.8764760494232,1,-0.507128834724426,-0.529926419258118,0.101608112454414,-0.0343220867216587,0.0389549322426319,-0.799148976802826,0.598886847496033
55.8970234394073,1,-0.506997585296631,-0.530858814716339,0.102175734937191,-0.0354154706001282,0.0357597172260284,-0.798567175865173,0.599797785282135
55.9308099746704,1,-0.506568849086761,-0.528956472873688,0.101717218756676,-0.0322024822235107,0.0384425073862076,-0.797567069530487,0.601142168045044
55.9399025440216,1,-0.506490111351013,-0.528867542743683,0.101502545177937,-0.0325628779828548,0.0376385413110256,-0.798940241336823,0.599347591400146
55.9582357406616,1,-0.507254719734192,-0.529862999916077,0.101558178663254,-0.0389297120273113,0.0365926772356033,-0.799425482749939,0.598384857177734
55.9764311313629,1,-0.507664859294891,-0.53089964389801,0.101796828210354,-0.0427905321121216,0.0352340117096901,-0.801218390464783,0.595799207687378
56.0047273635864,1,-0.506838858127594,-0.53010767698288,0.10169392824173,-0.0418953336775303,0.0355774499475956,-0.801288664340973,0.595747947692871
56.0179514884949,1,-0.506689012050629,-0.529692471027374,0.101604655385017,-0.0430716052651405,0.0359093807637691,-0.803360879421234,0.59284633398056
56.0365223884583,1,-0.507870256900787,-0.530242502689362,0.101568803191185,-0.0493436902761459,0.0362751074135303,-0.803042888641357,0.592765867710114
56.0562419891357,1,-0.507921934127808,-0.530978143215179,0.101689554750919,-0.0511130057275295,0.0343300364911556,-0.802189767360687,0.593885838985443
56.0894327163696,1,-0.507371962070465,-0.530673861503601,0.101729638874531,-0.0501645430922508,0.0323556028306484,-0.800956428050995,0.595739305019379
56.1006424427032,1,-0.507302403450012,-0.530528783798218,0.101196192204952,-0.050023078918457,0.0315499007701874,-0.798444509506226,0.599156677722931
56.1193475723267,1,-0.507562577724457,-0.529965996742249,0.100820004940033,-0.0498159378767014,0.0327906534075737,-0.798212468624115,0.599416375160217
56.1365654468536,1,-0.507868826389313,-0.529019236564636,0.101077765226364,-0.0503007471561432,0.0352518893778324,-0.79810893535614,0.599373996257782
56.1595602035522,1,-0.508265256881714,-0.531911969184875,0.102102912962437,-0.0597094111144543,0.0286953654140234,-0.79893684387207,0.597755312919617
56.1768395900726,1,-0.507414162158966,-0.531625330448151,0.101483702659607,-0.0573246441781521,0.0285537354648113,-0.798724591732025,0.598278939723969
56.1973116397858,1,-0.507294118404388,-0.530079960823059,0.100817412137985,-0.0547361299395561,0.0323968976736069,-0.798819065093994,0.598199486732483
56.2165696620941,1,-0.508062601089478,-0.529570281505585,0.101139761507511,-0.0580911822617054,0.0351828522980213,-0.799364268779755,0.596996247768402
56.2509207725525,1,-0.50847339630127,-0.531529307365417,0.101825088262558,-0.0653752610087395,0.030430207028985,-0.797204852104187,0.599386811256409
56.2609996795654,1,-0.507986724376678,-0.529192805290222,0.100303694605827,-0.0581577159464359,0.0344508290290833,-0.797237634658813,0.599869191646576
56.2759680747986,1,-0.507920205593109,-0.5260990858078,0.0992858111858368,-0.0517163425683975,0.0407672598958015,-0.795973062515259,0.601739585399628
56.2969162464142,1,-0.509086966514587,-0.530409157276154,0.101185090839863,-0.0641525462269783,0.0309880077838898,-0.794544160366058,0.603012263774872
56.3320498466492,1,-0.509396612644196,-0.532597184181213,0.10165598988533,-0.0692859664559364,0.026171762496233,-0.794512152671814,0.602714657783508
56.3425490856171,1,-0.507556915283203,-0.529574453830719,0.0999408662319183,-0.0580202825367451,0.0314167849719524,-0.796066999435425,0.601601183414459
56.3611831665039,1,-0.507875740528107,-0.527937531471252,0.100108847022057,-0.0574439279735088,0.0365855023264885,-0.796074986457825,0.601353645324707
56.3769950866699,1,-0.509320735931396,-0.531798005104065,0.101536005735397,-0.0697727650403976,0.0298396665602922,-0.796191811561584,0.600266575813293
56.4169900417328,1,-0.508480548858643,-0.531855285167694,0.101156517863274,-0.0674893110990524,0.0286608766764402,-0.797356247901917,0.599038243293762
56.4201879501343,1,-0.508337497711182,-0.528858959674835,0.100432142615318,-0.0634474828839302,0.0352865494787693,-0.797084629535675,0.599487662315369
56.4388329982758,1,-0.508917629718781,-0.53172105550766,0.100995421409607,-0.0720364227890968,0.0290797334164381,-0.795073091983795,0.601517975330353
56.45645570755,1,-0.508722901344299,-0.532982110977173,0.101356595754623,-0.0744587332010269,0.0253601931035519,-0.79581344127655,0.600411295890808
56.4822247028351,1,-0.508552730083466,-0.530778050422668,0.101224482059479,-0.0723136216402054,0.029228875413537,-0.795637607574463,0.600730538368225
56.5058586597443,1,-0.509395837783813,-0.530945777893066,0.100928992033005,-0.0753837078809738,0.0305033102631569,-0.794864535331726,0.60131299495697
56.5173506736755,1,-0.509015023708344,-0.532296061515808,0.100790470838547,-0.0771318599581718,0.0271779634058475,-0.794648587703705,0.601536095142365
56.538400888443,1,-0.508880078792572,-0.531605899333954,0.100843019783497,-0.0766398757696152,0.028835903853178,-0.794346272945404,0.601921081542969
56.564795255661,1,-0.509339570999146,-0.530915379524231,0.101047649979591,-0.0771146789193153,0.0315182209014893,-0.79464203119278,0.601335287094116
56.5748975276947,1,-0.509521424770355,-0.531634926795959,0.101136758923531,-0.0797813460230827,0.0301173888146877,-0.792645633220673,0.60368937253952
56.5948252677917,1,-0.509085536003113,-0.533065974712372,0.101211063563824,-0.0804925560951233,0.026026975363493,-0.792011260986328,0.60461699962616
56.6208517551422,1,-0.508516907691956,-0.53282231092453,0.101295605301857,-0.0797994956374168,0.0255414098501205,-0.790972948074341,0.60608696937561
56.6374833583832,1,-0.50857675075531,-0.532239556312561,0.101434499025345,-0.0803125873208046,0.0270598921924829,-0.792807281017303,0.603551387786865
56.6564540863037,1,-0.510034203529358,-0.531068742275238,0.100914865732193,-0.0830111876130104,0.0330839231610298,-0.793035507202148,0.60258561372757
56.6765534877777,1,-0.510044515132904,-0.531795918941498,0.100762039422989,-0.0836642235517502,0.0326405614614487,-0.792481660842896,0.60324764251709
56.7083868980408,1,-0.509642720222473,-0.531444013118744,0.100687399506569,-0.0830810740590096,0.0325512737035751,-0.79331362247467,0.602238833904266
56.7206029891968,1,-0.509267866611481,-0.53211772441864,0.100958034396172,-0.0857140347361565,0.0305752381682396,-0.792806029319763,0.602641642093658
56.7360641956329,1,-0.50903195142746,-0.533353388309479,0.101526811718941,-0.0900304391980171,0.0272716078907251,-0.793939709663391,0.600675046443939
56.7615025043488,1,-0.510039031505585,-0.532421112060547,0.101387515664101,-0.0917473584413528,0.0317260175943375,-0.793489515781403,0.600791394710541
56.7835118770599,1,-0.510447323322296,-0.532053411006927,0.10125956684351,-0.0897099077701569,0.0341089181602001,-0.791785180568695,0.603212118148804
56.7961728572845,1,-0.510063350200653,-0.531716763973236,0.100963220000267,-0.0853327661752701,0.0340743474662304,-0.790054559707642,0.606111407279968
56.8192224502563,1,-0.509319186210632,-0.533070385456085,0.101130098104477,-0.0844149738550186,0.0289436839520931,-0.788794338703156,0.608144700527191
56.8406851291656,1,-0.508347451686859,-0.533851087093353,0.101431392133236,-0.0822649225592613,0.0252184271812439,-0.790372908115387,0.606553554534912
56.859130859375,1,-0.508464992046356,-0.532749712467194,0.10148873925209,-0.081056073307991,0.0295513514429331,-0.792093992233276,0.604271233081818
56.8775689601898,1,-0.509481549263,-0.531020998954773,0.101259872317314,-0.0816242322325706,0.0371434092521667,-0.793098390102386,0.602455735206604
56.8961696624756,1,-0.5101597905159,-0.531491458415985,0.101478785276413,-0.0851156711578369,0.0382839776575565,-0.793107390403748,0.601888954639435
56.9425704479218,1,-0.510032892227173,-0.532467842102051,0.101460427045822,-0.0854043811559677,0.0366304777562618,-0.792649209499359,0.602554142475128
56.9569480419159,1,-0.510427713394165,-0.531875491142273,0.101067498326302,-0.0841707214713097,0.0392202809453011,-0.789569616317749,0.606594562530518
56.9778139591217,1,-0.509792804718018,-0.533228814601898,0.10128316283226,-0.0847844555974007,0.0341354832053185,-0.788511753082275,0.608190536499023
56.9963943958282,1,-0.509047985076904,-0.533287823200226,0.101554334163666,-0.0817768946290016,0.0317362025380135,-0.78805285692215,0.609326004981995
57.0242810249329,1,-0.508744418621063,-0.531835317611694,0.101337164640427,-0.0780339166522026,0.0342638902366161,-0.786648035049438,0.611491322517395
57.0374302864075,1,-0.509761095046997,-0.530865609645844,0.101077243685722,-0.0783504396677017,0.0382375381886959,-0.786188840866089,0.61180567741394
57.0567471981049,1,-0.50989705324173,-0.530681192874908,0.100850410759449,-0.077250748872757,0.0398113653063774,-0.785912096500397,0.612200617790222
57.0772070884705,1,-0.50946182012558,-0.530863702297211,0.100992411375046,-0.0756970643997192,0.0389310233294964,-0.786541700363159,0.611642420291901
57.1026251316071,1,-0.509155035018921,-0.532391965389252,0.101666860282421,-0.0767044126987457,0.0346657708287239,-0.786763370037079,0.611488461494446
57.1173098087311,1,-0.509030282497406,-0.53252762556076,0.101807355880737,-0.0745704770088196,0.0343306921422482,-0.785811603069305,0.612993359565735
57.1382505893707,1,-0.509593665599823,-0.532244265079498,0.101528704166412,-0.0718442648649216,0.0357792973518372,-0.783873081207275,0.61571216583252
57.1614921092987,1,-0.509362041950226,-0.531671941280365,0.100975997745991,-0.0666922405362129,0.0363534614443779,-0.782220840454102,0.618353486061096
57.176290512085,1,-0.509287416934967,-0.531924545764923,0.101128168404102,-0.0646100714802742,0.0349155366420746,-0.780949652194977,0.620261430740356
57.1980228424072,1,-0.508524179458618,-0.533044695854187,0.101689532399178,-0.0646210461854935,0.0304709058254957,-0.780215084552765,0.621417880058289
57.2156682014465,1,-0.508238852024078,-0.53234201669693,0.101548165082932,-0.0627976283431053,0.0318435542285442,-0.782076001167297,0.619192719459534
57.2376236915588,1,-0.507822632789612,-0.532158076763153,0.101232826709747,-0.0622231177985668,0.0324729084968567,-0.782315850257874,0.61891496181488
57.2554323673248,1,-0.508318364620209,-0.53255170583725,0.101272612810135,-0.0662981569766998,0.0330719724297523,-0.782716035842896,0.617953538894653
57.2755839824677,1,-0.509164154529572,-0.531857788562775,0.101225569844246,-0.0681998431682587,0.0369410365819931,-0.783236622810364,0.616866886615753
57.2963242530823,1,-0.509021580219269,-0.531094670295715,0.101133495569229,-0.067381739616394,0.038405317813158,-0.784556150436401,0.615188002586365
57.3235704898834,1,-0.508947610855103,-0.532370209693909,0.101535096764565,-0.0704946741461754,0.0346442721784115,-0.783736288547516,0.616106927394867
57.3359363079071,1,-0.509603023529053,-0.532085955142975,0.101394355297089,-0.0722232311964035,0.0363720990717411,-0.781613528728485,0.618499219417572
57.3569951057434,1,-0.510358393192291,-0.531400084495544,0.101082995533943,-0.0725450292229652,0.039014283567667,-0.781230628490448,0.618784248828888
57.3858730792999,1,-0.50993800163269,-0.531532108783722,0.100790180265903,-0.0709101781249046,0.0371730960905552,-0.780946791172028,0.619445085525513
57.3978774547577,1,-0.509234547615051,-0.532369613647461,0.100996345281601,-0.0697953626513481,0.0329171530902386,-0.780819058418274,0.619973123073578
57.4168531894684,1,-0.508658170700073,-0.532595813274384,0.101033933460712,-0.0678992569446564,0.0309435203671455,-0.779368937015533,0.622106313705444
57.4403445720673,1,-0.508742928504944,-0.531583249568939,0.100765869021416,-0.0655736327171326,0.0333896800875664,-0.7788125872612,0.622925579547882
57.4577476978302,1,-0.508798539638519,-0.531228244304657,0.100683256983757,-0.0646876096725464,0.034554660320282,-0.779064536094666,0.622639656066895
57.4774053096771,1,-0.508508384227753,-0.531847357749939,0.100976683199406,-0.0661959499120712,0.0323387272655964,-0.77982884645462,0.621642351150513
57.5078763961792,1,-0.508578181266785,-0.532480239868164,0.101290620863438,-0.0681679770350456,0.0310038384050131,-0.780332505702972,0.620864689350128
57.5174953937531,1,-0.508838355541229,-0.531600952148438,0.101079434156418,-0.0672718733549118,0.0334670059382915,-0.779151201248169,0.622316718101501
57.5370135307312,1,-0.509674787521362,-0.531156957149506,0.100831687450409,-0.0676426365971565,0.0356277413666248,-0.777677953243256,0.623996913433075
57.5777955055237,1,-0.509487330913544,-0.531594216823578,0.10066219419241,-0.0665105283260345,0.0340248569846153,-0.776393115520477,0.625805497169495
57.5788526535034,1,-0.50910747051239,-0.532142698764801,0.100839078426361,-0.0653852373361588,0.0313101448118687,-0.776495695114136,0.625938534736633
57.5959706306458,1,-0.508830428123474,-0.532315671443939,0.100770123302937,-0.0644821226596832,0.0302256420254707,-0.775147199630737,0.627754271030426
57.6171081066132,1,-0.508760094642639,-0.531579554080963,0.100402005016804,-0.0632080063223839,0.0322289355099201,-0.774562299251556,0.628505766391754
57.6393761634827,1,-0.508803009986877,-0.531363606452942,0.100355207920074,-0.0625942349433899,0.0335259959101677,-0.774604737758636,0.628446996212006
57.6626927852631,1,-0.508309721946716,-0.53188681602478,0.100760519504547,-0.0627332851290703,0.0318015627563,-0.774388194084167,0.628789484500885
57.6761438846588,1,-0.508399069309235,-0.532209515571594,0.101079896092415,-0.0633947178721428,0.0312097296118736,-0.774603664875031,0.628487229347229
57.6966016292572,1,-0.508687794208527,-0.531326413154602,0.100807078182697,-0.0620279386639595,0.0340564697980881,-0.773965656757355,0.629261255264282
57.7321648597717,1,-0.509332537651062,-0.531034111976624,0.100609347224236,-0.0619568787515163,0.0355073362588882,-0.773762166500092,0.629438400268555
57.7441260814667,1,-0.50911808013916,-0.532127857208252,0.100677996873856,-0.0612083598971367,0.0320034213364124,-0.773080289363861,0.630536437034607
57.7561438083649,1,-0.508823692798615,-0.532201051712036,0.100704662501812,-0.05807701125741,0.0309223681688309,-0.771730065345764,0.632537424564362
57.7766191959381,1,-0.508797407150269,-0.531233429908752,0.100394710898399,-0.0541474595665932,0.0332299955189228,-0.769752979278564,0.635172486305237
57.8150794506073,1,-0.508503139019012,-0.531122267246246,0.100284419953823,-0.0520654693245888,0.0329346023499966,-0.769364058971405,0.635832965373993
57.8191540241241,1,-0.508389115333557,-0.531563818454742,0.100466705858707,-0.0508396439254284,0.0322545170783997,-0.770039796829224,0.635148465633392
57.8361265659332,1,-0.507802844047546,-0.531649649143219,0.100650578737259,-0.0487030036747456,0.031429585069418,-0.770361363887787,0.63496732711792
57.8569030761719,1,-0.507990062236786,-0.531179010868073,0.10063499212265,-0.0472549237310886,0.0329991728067398,-0.770488739013672,0.634842574596405
57.8860688209534,1,-0.508252084255219,-0.530265390872955,0.100331462919712,-0.0444556772708893,0.0360001437366009,-0.769412219524384,0.636186003684998
57.9020376205444,1,-0.508587002754211,-0.529536724090576,0.100250422954559,-0.0420607700943947,0.0381897762417793,-0.768393874168396,0.637450695037842
57.9169981479645,1,-0.508244812488556,-0.530387103557587,0.100354835391045,-0.0401851832866669,0.035691536962986,-0.767045617103577,0.639337480068207
57.9366924762726,1,-0.507865369319916,-0.530912041664124,0.100584752857685,-0.0380870439112186,0.0332162827253342,-0.766478180885315,0.640279054641724
57.9566762447357,1,-0.507708430290222,-0.531260430812836,0.100547350943089,-0.0359197705984116,0.031743373721838,-0.765659153461456,0.641457974910736
57.9876897335052,1,-0.507702887058258,-0.530719995498657,0.100409314036369,-0.0331879369914532,0.0327925682067871,-0.765550434589386,0.641681909561157
57.9964849948883,1,-0.507711887359619,-0.530191600322723,0.100128248333931,-0.0307383798062801,0.0342571623623371,-0.765174627304077,0.642175495624542
58.0185477733612,1,-0.507220387458801,-0.530974566936493,0.100277662277222,-0.0298627465963364,0.0307393446564674,-0.764426290988922,0.643285155296326
58.0364685058594,1,-0.506895959377289,-0.531801700592041,0.100731126964092,-0.0287759359925985,0.0271337497979403,-0.763672173023224,0.644391536712646
58.0648894309998,1,-0.506261646747589,-0.53160285949707,0.10077865421772,-0.0254258625209332,0.0258222576230764,-0.761725962162018,0.646885097026825
58.0767693519592,1,-0.506321847438812,-0.531085789203644,0.100628778338432,-0.0234349779784679,0.0269651859998703,-0.761061370372772,0.647695362567902
58.0973551273346,1,-0.50665807723999,-0.530457556247711,0.100375488400459,-0.021075651049614,0.0296275243163109,-0.760692894458771,0.648092865943909
58.1175320148468,1,-0.506915926933289,-0.529942750930786,0.100364938378334,-0.0194040387868881,0.031613040715456,-0.760983943939209,0.647709488868713
58.1489896774292,1,-0.506814360618591,-0.52967894077301,0.100221008062363,-0.0172484125941992,0.0325080752372742,-0.761668384075165,0.646921277046204
58.160374879837,1,-0.506355464458466,-0.529984593391418,0.100295022130013,-0.0158007387071848,0.0308376122266054,-0.761480867862701,0.64726060628891
58.1762673854828,1,-0.506654977798462,-0.530770659446716,0.100400045514107,-0.0167063791304827,0.0301606189459562,-0.761391758918762,0.64737468957901
58.1969239711761,1,-0.506700932979584,-0.530605256557465,0.100445196032524,-0.0159137081354856,0.031906746327877,-0.762475728988647,0.646033585071564
58.2291271686554,1,-0.506656348705292,-0.529900074005127,0.10034853219986,-0.0139455171301961,0.0349730663001537,-0.764281034469604,0.643783330917358
58.2401413917542,1,-0.505986511707306,-0.530455708503723,0.100398659706116,-0.012679411098361,0.0332422144711018,-0.764310777187347,0.643866002559662
58.2592906951904,1,-0.506189048290253,-0.529888927936554,0.100368581712246,-0.0102371079847217,0.0352163426578045,-0.763386964797974,0.644899606704712
58.2774052619934,1,-0.506335198879242,-0.528767466545105,0.10026753693819,-0.00603601895272732,0.038706511259079,-0.762264609336853,0.646078884601593
58.3209633827209,1,-0.506397843360901,-0.528618514537811,0.100287325680256,-0.00498181395232677,0.039072647690773,-0.761695742607117,0.646736621856689
58.3229830265045,1,-0.506603360176086,-0.528855621814728,0.100044846534729,-0.00503083039075136,0.0389221087098122,-0.761376559734344,0.647120893001556
58.336496591568,1,-0.50653737783432,-0.528687477111816,0.0998740047216415,-0.00295312353409827,0.0398314744234085,-0.76062798500061,0.647958278656006
58.3581178188324,1,-0.50676429271698,-0.528937160968781,0.100034192204475,-0.00342976558022201,0.0401038490235806,-0.760403096675873,0.648202955722809
58.3827202320099,1,-0.506586194038391,-0.529844462871552,0.100299537181854,-0.0045982045121491,0.038081169128418,-0.760417759418488,0.648300528526306
58.4072704315186,1,-0.506327033042908,-0.529208302497864,0.100143820047379,-0.00255854474380612,0.0401827320456505,-0.762204051017761,0.646083414554596
58.4174056053162,1,-0.505945444107056,-0.528207838535309,0.0999382883310318,0.000163390490342863,0.0425559617578983,-0.762429118156433,0.645670831203461
58.4365930557251,1,-0.506060481071472,-0.528083920478821,0.100071415305138,-0.000100165103503969,0.043191809207201,-0.762289702892303,0.645793318748474
58.4568545818329,1,-0.506303489208221,-0.528688728809357,0.100285336375237,-0.000591546879149973,0.0430628731846809,-0.762413561344147,0.645655274391174
58.4870316982269,1,-0.506059765815735,-0.528620302677155,0.10026939958334,0.000905491004232317,0.0435128509998322,-0.761860549449921,0.64627730846405
58.4980661869049,1,-0.506453216075897,-0.529066860675812,0.100130096077919,-0.00026843894738704,0.0437871217727661,-0.761430561542511,0.646765887737274
58.5166618824005,1,-0.506555318832397,-0.529095649719238,0.100096762180328,0.000766409328207374,0.044515885412693,-0.761355221271515,0.646804392337799
58.5362799167633,1,-0.506418466567993,-0.528668105602264,0.100295096635818,0.00270298449322581,0.0454479530453682,-0.761030256748199,0.647116839885712
58.5715494155884,1,-0.50588721036911,-0.529325723648071,0.100326091051102,0.00164720497559756,0.0427771098911762,-0.761202454566956,0.64709997177124
58.5797524452209,1,-0.505935311317444,-0.528719246387482,0.100009858608246,0.000941217120271176,0.0453300289809704,-0.763659060001373,0.644025802612305
58.5970749855042,1,-0.506635785102844,-0.527555465698242,0.0998708605766296,0.000308436574414372,0.0510216541588306,-0.76607346534729,0.640724718570709
58.6174252033234,1,-0.506894826889038,-0.527078926563263,0.0999495089054108,2.73243240371812e-05,0.0543458722531796,-0.766141176223755,0.640370428562164
58.6498506069183,1,-0.506809055805206,-0.526995778083801,0.100011989474297,1.33765638565819e-06,0.0552662834525108,-0.765937149524689,0.640535771846771
58.660852432251,1,-0.506712019443512,-0.527063965797424,0.0998876541852951,0.000946365064010024,0.0549842678010464,-0.766014099121094,0.640467345714569
58.6762716770172,1,-0.506470859050751,-0.527636289596558,0.0998438522219658,0.00138449063524604,0.0529161766171455,-0.764762222766876,0.642134606838226
58.6963231563568,1,-0.50633293390274,-0.528585433959961,0.100076422095299,0.000595999590586871,0.0496615506708622,-0.764647960662842,0.642531633377075
58.7295413017273,1,-0.506234228610992,-0.528900325298309,0.100225642323494,0.000389414606615901,0.0476456731557846,-0.764917433261871,0.642363667488098
58.7406749725342,1,-0.506275296211243,-0.528436422348022,0.100102260708809,0.000488635734654963,0.0480074137449265,-0.765732526779175,0.641364812850952
58.7584216594696,1,-0.506478726863861,-0.528143227100372,0.0998933762311935,-0.00033156608697027,0.0498908907175064,-0.7670778632164,0.639611005783081
58.7764854431152,1,-0.506547570228577,-0.528321504592896,0.0998337790369987,-0.00126566248945892,0.0511148869991302,-0.768074572086334,0.638316035270691
58.8114883899689,1,-0.50673633813858,-0.527870118618011,0.0999428629875183,-0.00109170912764966,0.0543319880962372,-0.768501877784729,0.637535750865936
58.8208522796631,1,-0.507223963737488,-0.527313053607941,0.0999557450413704,-0.0013129593571648,0.0577369034290314,-0.767963886260986,0.637884080410004
58.8379907608032,1,-0.507003426551819,-0.527365803718567,0.0997356176376343,-0.000119291806186084,0.0577511340379715,-0.767533779144287,0.638401687145233
58.856648683548,1,-0.506836950778961,-0.527226388454437,0.099711999297142,0.000572580203879625,0.0575383901596069,-0.767965257167816,0.637901484966278
58.8771646022797,1,-0.507327616214752,-0.526816606521606,0.0997460335493088,-0.000620635226368904,0.0593868903815746,-0.768381237983704,0.63723087310791
58.8960890769958,1,-0.507219851016998,-0.52690976858139,0.0996719300746918,-0.00159050186630338,0.0595700591802597,-0.768446922302246,0.637132823467255
58.9168381690979,1,-0.506896495819092,-0.527225255966187,0.0996847301721573,-0.00353154051117599,0.0584074556827545,-0.769681930541992,0.635740518569946
58.9366099834442,1,-0.507355690002441,-0.527612447738647,0.0997371673583984,-0.00666034780442715,0.058446366339922,-0.771035850048065,0.63406890630722
58.9564526081085,1,-0.50721275806427,-0.527835011482239,0.0995772927999496,-0.00691957958042622,0.0583016835153103,-0.770832896232605,0.634326279163361
58.9770758152008,1,-0.507035493850708,-0.527712762355804,0.0996599644422531,-0.00702099874615669,0.0584251657128334,-0.770558416843414,0.634647130966187
58.9971873760223,1,-0.507480144500732,-0.527229607105255,0.0996481850743294,-0.00800535548478365,0.0602475367486477,-0.770304918289185,0.634772777557373
59.0170571804047,1,-0.507398247718811,-0.527751982212067,0.0996269807219505,-0.00867062527686357,0.058709766715765,-0.769910216331482,0.635386824607849
59.0372493267059,1,-0.507033586502075,-0.527456343173981,0.0995746403932571,-0.00729033397510648,0.0583162494003773,-0.769715130329132,0.635676562786102
59.0567891597748,1,-0.507254242897034,-0.527778446674347,0.0997102558612823,-0.00866590533405542,0.0576423555612564,-0.76949018239975,0.635993003845215
59.0771713256836,1,-0.507063448429108,-0.528589367866516,0.0997581705451012,-0.0100320903584361,0.0553619600832462,-0.768523693084717,0.637342631816864
59.0977017879486,1,-0.507013618946075,-0.528619170188904,0.0995858013629913,-0.0101585425436497,0.0556449182331562,-0.769499540328979,0.636137545108795
59.119743347168,1,-0.507144391536713,-0.528093576431274,0.0995839536190033,-0.00919298175722361,0.0573480650782585,-0.768679141998291,0.636992275714874
59.1384208202362,1,-0.507158875465393,-0.527767479419708,0.0996738225221634,-0.00825320277363062,0.0581072680652142,-0.767896115779877,0.637879967689514
59.1574366092682,1,-0.50737464427948,-0.527801394462585,0.0996856242418289,-0.00836704578250647,0.0580649711191654,-0.766973316669464,0.63899177312851
59.1851005554199,1,-0.50715559720993,-0.528324902057648,0.0995773822069168,-0.00788781326264143,0.0552675724029541,-0.765990614891052,0.640423178672791
59.1967844963074,1,-0.506787598133087,-0.528159558773041,0.0994484275579453,-0.00632022088393569,0.054024837911129,-0.765828311443329,0.64074045419693
59.2227082252502,1,-0.507231771945953,-0.527905642986298,0.0995328649878502,-0.00702919950708747,0.0549434013664722,-0.766299843788147,0.640090882778168
59.2367601394653,1,-0.507326006889343,-0.528114080429077,0.0994994342327118,-0.00751616153866053,0.0549238733947277,-0.766235888004303,0.640163719654083
59.2567574977875,1,-0.506780385971069,-0.527943968772888,0.0993413627147675,-0.00642763217911124,0.0548139549791813,-0.766147196292877,0.640291035175323
59.2761228084564,1,-0.507050275802612,-0.528324246406555,0.0995270162820816,-0.00802761502563953,0.0549483224749565,-0.766768753528595,0.63951700925827
59.2961974143982,1,-0.507266998291016,-0.528693079948425,0.0996006950736046,-0.00919558387249708,0.0548310279846191,-0.76633220911026,0.640034317970276
59.3171901702881,1,-0.506973743438721,-0.528063237667084,0.0994067564606667,-0.00728203030303121,0.0558004193007946,-0.765931665897369,0.640454471111298
59.3367731571198,1,-0.507234871387482,-0.527868866920471,0.0994458347558975,-0.00750292791053653,0.0563739240169525,-0.766139030456543,0.640153706073761
59.3566429615021,1,-0.507146060466766,-0.528315365314484,0.0994599908590317,-0.00780012039467692,0.0550672635436058,-0.765288949012756,0.641279637813568
59.3767023086548,1,-0.506896495819092,-0.528236210346222,0.0994244962930679,-0.00693398388102651,0.0543903559446335,-0.764775931835175,0.641959011554718
59.3963360786438,1,-0.507210850715637,-0.52795547246933,0.099404901266098,-0.00733413873240352,0.0551908537745476,-0.765640199184418,0.640855252742767
59.4167945384979,1,-0.507111966609955,-0.528349101543427,0.0993605703115463,-0.00798755791038275,0.0542868562042713,-0.76579886674881,0.640735030174255
59.4369053840637,1,-0.506698191165924,-0.528755724430084,0.0993757992982864,-0.00817622151225805,0.053373645991087,-0.76612401008606,0.640420496463776
59.4562337398529,1,-0.50712651014328,-0.528581202030182,0.0995103865861893,-0.00896442960947752,0.0548837371170521,-0.766900479793549,0.639352023601532
59.4767646789551,1,-0.507117807865143,-0.52839607000351,0.0994097366929054,-0.00781718268990517,0.0555282272398472,-0.765628278255463,0.640834510326385
59.496960401535,1,-0.506909668445587,-0.528210401535034,0.099318690598011,-0.00630328990519047,0.055736631155014,-0.764660596847534,0.641987502574921
59.5170454978943,1,-0.507204353809357,-0.527681171894073,0.0993185266852379,-0.0057767853140831,0.0575392469763756,-0.764249682426453,0.642322599887848
59.5372047424316,1,-0.507271587848663,-0.527408719062805,0.099140465259552,-0.00525495829060674,0.0583936274051666,-0.763035595417023,0.643692016601562
59.5571625232697,1,-0.50727242231369,-0.527615487575531,0.0992117077112198,-0.00597874168306589,0.0568731240928173,-0.762719750404358,0.644195914268494
59.5902729034424,1,-0.507083177566528,-0.527719378471375,0.0992178916931152,-0.00599523261189461,0.0551378056406975,-0.761969745159149,0.645233273506165
59.5960078239441,1,-0.507033467292786,-0.527842938899994,0.099164143204689,-0.00603114999830723,0.05411421880126,-0.762105107307434,0.645159780979156
59.6163945198059,1,-0.506998777389526,-0.528251349925995,0.0991788879036903,-0.00703574484214187,0.0529812276363373,-0.76185131072998,0.645543277263641
59.6385719776154,1,-0.506748974323273,-0.528665840625763,0.0992459505796432,-0.00768905412405729,0.0516055449843407,-0.761986970901489,0.645487189292908
59.6580235958099,1,-0.507033407688141,-0.528580605983734,0.0993238389492035,-0.00774587411433458,0.0521508827805519,-0.761581361293793,0.645921170711517
59.6773269176483,1,-0.507126450538635,-0.527796924114227,0.0990273132920265,-0.00519965449348092,0.0543503016233444,-0.760329842567444,0.647238433361053
59.6967859268188,1,-0.507092356681824,-0.527491688728333,0.0988569855690002,-0.00400800863280892,0.0551921240985394,-0.759746968746185,0.647859871387482
59.749716758728,1,-0.507479548454285,-0.527355253696442,0.0989762991666794,-0.00476069888100028,0.055658970028162,-0.759593367576599,0.647994935512543
59.7655363082886,1,-0.507454037666321,-0.527134716510773,0.0987357869744301,-0.00473917601630092,0.0553256273269653,-0.759770035743713,0.64781641960144
59.7772257328033,1,-0.507201194763184,-0.527553915977478,0.0987026393413544,-0.00533259613439441,0.0535227172076702,-0.759975135326385,0.647722721099854
59.7979338169098,1,-0.50732034444809,-0.528061270713806,0.0988734662532806,-0.00659790728241205,0.0524742007255554,-0.76052862405777,0.647146999835968
59.8162639141083,1,-0.50730288028717,-0.528224587440491,0.0989874005317688,-0.00695544108748436,0.0525225140154362,-0.759714663028717,0.648094594478607
59.8416860103607,1,-0.506794154644012,-0.528226971626282,0.0989619195461273,-0.00603622989729047,0.0518479906022549,-0.759249210357666,0.648703396320343
59.8723292350769,1,-0.507088661193848,-0.528502523899078,0.0991266965866089,-0.00772219011560082,0.0515455603599548,-0.759234607219696,0.648726642131805
59.8880777359009,1,-0.507141590118408,-0.528432905673981,0.0990453585982323,-0.00768991094082594,0.0513847284018993,-0.75817608833313,0.649976551532745
59.8967432975769,1,-0.507156550884247,-0.528083860874176,0.0989030599594116,-0.00675706705078483,0.0514273717999458,-0.758172750473022,0.649987518787384
59.9166672229767,1,-0.50738525390625,-0.527597784996033,0.0987259298563004,-0.00637909956276417,0.0526729635894299,-0.757602691650391,0.650556027889252
59.9367184638977,1,-0.507455170154572,-0.527673006057739,0.0986595898866653,-0.00665704999119043,0.0530286282300949,-0.758083403110504,0.649963974952698
59.9877059459686,1,-0.507397353649139,-0.527841746807098,0.0987396091222763,-0.0070584430359304,0.0535168536007404,-0.758050262928009,0.649958491325378
59.9907095432281,1,-0.507386326789856,-0.527925491333008,0.0988633781671524,-0.00734768668189645,0.0539979264140129,-0.757941961288452,0.650041699409485
60.0042033195496,1,-0.507469475269318,-0.528003573417664,0.098877526819706,-0.00703547708690166,0.0542133376002312,-0.757697463035583,0.650312304496765
60.0162522792816,1,-0.507398664951324,-0.527906477451324,0.0988167226314545,-0.00569491786882281,0.0542544797062874,-0.757355749607086,0.650719881057739
60.0370099544525,1,-0.50737065076828,-0.527839422225952,0.0988390892744064,-0.00520465243607759,0.0540713705122471,-0.757416963577271,0.65066796541214
60.0568218231201,1,-0.507218599319458,-0.52791428565979,0.0987788140773773,-0.0051198611035943,0.053207766264677,-0.757220387458801,0.650968492031097
60.0764994621277,1,-0.507060587406158,-0.528312683105469,0.0987884402275085,-0.00558325694873929,0.0515669547021389,-0.756611406803131,0.651804268360138
60.0971717834473,1,-0.507084965705872,-0.528587460517883,0.0988566279411316,-0.00629937974736094,0.0506164245307446,-0.756521105766296,0.651977002620697
60.132349729538,1,-0.506929218769073,-0.528892874717712,0.0988732278347015,-0.00648358138278127,0.0497451052069664,-0.755990087985992,0.652657926082611
60.1429345607758,1,-0.506934702396393,-0.529007017612457,0.0988836288452148,-0.00685936259105802,0.049996443092823,-0.755163133144379,0.653591632843018
60.1572873592377,1,-0.507026672363281,-0.529141545295715,0.0989543348550797,-0.00750226294621825,0.0499840117990971,-0.75582492351532,0.6528200507164
60.1769561767578,1,-0.50680935382843,-0.529182195663452,0.0988614037632942,-0.0064903786405921,0.049542248249054,-0.755711793899536,0.652995526790619
60.2058358192444,1,-0.506649136543274,-0.529358148574829,0.0988640263676643,-0.00572929065674543,0.0484080500900745,-0.754925608634949,0.653996229171753
60.2307045459747,1,-0.506705760955811,-0.529195845127106,0.0988329574465752,-0.00485565047711134,0.0481419935822487,-0.754284560680389,0.654762327671051
60.2465209960938,1,-0.506636381149292,-0.529103815555573,0.0985468029975891,-0.00450708111748099,0.0476197227835655,-0.754052758216858,0.655069828033447
60.256477355957,1,-0.506189465522766,-0.529980182647705,0.0963679254055023,-0.00693375803530216,0.0458116047084332,-0.754492402076721,0.654671311378479
60.2764716148376,1,-0.50645238161087,-0.528741180896759,0.0929307490587234,-0.00642438000068069,0.0507379099726677,-0.755887091159821,0.652701377868652
60.3211054801941,1,-0.506237626075745,-0.528288900852203,0.090663269162178,-0.00372170750051737,0.046905767172575,-0.751408100128174,0.65815806388855
60.3244364261627,1,-0.505810499191284,-0.529957115650177,0.0888501554727554,-0.00333204073831439,0.0363515503704548,-0.747969031333923,0.66272908449173
60.3370821475983,1,-0.505098164081573,-0.530043005943298,0.0874927788972855,0.00222201971337199,0.0289081055670977,-0.742330610752106,0.669406235218048
60.357661485672,1,-0.505347013473511,-0.529229462146759,0.0874632149934769,0.00715976813808084,0.0291523914784193,-0.739826083183289,0.672128140926361
60.3770024776459,1,-0.505813121795654,-0.528182983398438,0.0898277908563614,0.00729912286624312,0.0340206958353519,-0.74098664522171,0.670617759227753
60.3974099159241,1,-0.506256103515625,-0.528391778469086,0.0928446501493454,0.00297751696780324,0.0392475612461567,-0.745163559913635,0.665719211101532
60.4358859062195,1,-0.50624030828476,-0.529262363910675,0.0957925021648407,-0.0028020478785038,0.0427797622978687,-0.751801431179047,0.657994389533997
60.4389395713806,1,-0.506404936313629,-0.529782354831696,0.0988244116306305,-0.0076928730122745,0.0470476783812046,-0.758648991584778,0.649753034114838
60.4567453861237,1,-0.506155550479889,-0.529560565948486,0.101983562111855,-0.00930136535316706,0.0508650578558445,-0.763393461704254,0.643860757350922
60.476893901825,1,-0.504183530807495,-0.532525479793549,0.104680970311165,-0.0111023522913456,0.0428216904401779,-0.763711929321289,0.644039750099182
60.4961204528809,1,-0.50207930803299,-0.533654034137726,0.106684148311615,-0.00657075457274914,0.0386201366782188,-0.762186467647552,0.646171152591705
60.5167527198792,1,-0.501685202121735,-0.53239381313324,0.108582437038422,-0.000745969999115914,0.0421696975827217,-0.76200258731842,0.646198987960815
60.5515086650848,1,-0.50261652469635,-0.530220091342926,0.110718488693237,0.00378010445274413,0.04987733066082,-0.762372553348541,0.645202457904816
60.5570743083954,1,-0.503785252571106,-0.529807865619659,0.113119304180145,0.00440333364531398,0.0541411228477955,-0.76341712474823,0.643617689609528
60.5787584781647,1,-0.504428684711456,-0.529907703399658,0.115187361836433,0.00598346348851919,0.056327797472477,-0.764272749423981,0.642400622367859
60.5970921516418,1,-0.504131197929382,-0.529743909835815,0.116362392902374,0.011167511343956,0.0579413883388042,-0.765135049819946,0.641160249710083
60.6179866790771,1,-0.503646194934845,-0.529790639877319,0.11699141561985,0.0162171591073275,0.0594080276787281,-0.767054796218872,0.638619303703308
60.6366939544678,1,-0.5034219622612,-0.530546247959137,0.117546066641808,0.0187878310680389,0.0603704415261745,-0.76933491230011,0.635709226131439
60.680958032608,1,-0.503733515739441,-0.531744003295898,0.118250876665115,0.0193441398441792,0.0620512664318085,-0.772625029087067,0.63152676820755
60.6827039718628,1,-0.50382262468338,-0.532672762870789,0.119335383176804,0.0212138947099447,0.0641383901238441,-0.77506810426712,0.628256142139435
60.6996698379517,1,-0.503893077373505,-0.532920777797699,0.120725646615028,0.0249348673969507,0.0680829733610153,-0.777269244194031,0.624976336956024
60.7168009281158,1,-0.503445148468018,-0.532936811447144,0.122255131602287,0.0300555042922497,0.0722685679793358,-0.778624594211578,0.622589647769928
60.7368080615997,1,-0.502566635608673,-0.534145891666412,0.123822629451752,0.0341135151684284,0.0742547139525414,-0.780355155467987,0.619974553585052
60.7667007446289,1,-0.501654267311096,-0.535657525062561,0.125292345881462,0.0377242714166641,0.0764875933527946,-0.782914400100708,0.616256177425385
60.7832624912262,1,-0.500619769096375,-0.537518739700317,0.126722931861877,0.0409830249845982,0.0781390964984894,-0.785471320152283,0.612576186656952
60.8034291267395,1,-0.499777913093567,-0.538976669311523,0.127858743071556,0.0448019541800022,0.0818603932857513,-0.787318408489227,0.609443545341492
60.8171918392181,1,-0.499346435070038,-0.539722740650177,0.128901809453964,0.0484457537531853,0.0881846472620964,-0.78902804851532,0.606062054634094
60.8365037441254,1,-0.499191612005234,-0.541165471076965,0.130092561244965,0.0506510958075523,0.0935016125440598,-0.791090667247772,0.602384805679321
60.8567428588867,1,-0.49883708357811,-0.542439818382263,0.131418362259865,0.0536979958415031,0.0987669005990028,-0.792616486549377,0.599266886711121
60.8960947990417,1,-0.498610734939575,-0.54364687204361,0.132851362228394,0.0571009963750839,0.104000389575958,-0.793841123580933,0.596439301967621
60.8992695808411,1,-0.49862277507782,-0.542970776557922,0.134515836834908,0.0630717352032661,0.11297445744276,-0.793690800666809,0.594401955604553
60.9164161682129,1,-0.498531550168991,-0.543098270893097,0.136400699615479,0.0679081678390503,0.119596399366856,-0.793192386627197,0.5932377576828
60.9364886283875,1,-0.498766958713531,-0.543544769287109,0.138172313570976,0.0716752633452415,0.126176059246063,-0.793628096580505,0.59084415435791
60.9716122150421,1,-0.499516397714615,-0.542888283729553,0.139763325452805,0.0766684785485268,0.137572705745697,-0.793892562389374,0.587307691574097
60.9889097213745,1,-0.499650448560715,-0.5417760014534,0.141317740082741,0.0839764103293419,0.149541079998016,-0.79347813129425,0.583933055400848
60.9992206096649,1,-0.499692112207413,-0.54077410697937,0.142661482095718,0.0912553444504738,0.160920664668083,-0.793201208114624,0.580180108547211
61.0162625312805,1,-0.499599575996399,-0.539939939975739,0.143991276621819,0.0983998700976372,0.171420454978943,-0.79253876209259,0.576901018619537
61.0361759662628,1,-0.499092638492584,-0.541109204292297,0.145426407456398,0.102349288761616,0.175519391894341,-0.791459858417511,0.576462507247925
61.0659582614899,1,-0.500367105007172,-0.543359935283661,0.146283000707626,0.102091200649738,0.182387948036194,-0.792015969753265,0.573605060577393
61.0845522880554,1,-0.501579701900482,-0.547080636024475,0.147355750203133,0.0987044423818588,0.185820415616035,-0.793151438236237,0.571523606777191
61.1011774539948,1,-0.502817451953888,-0.549756705760956,0.148454040288925,0.0968011319637299,0.191247314214706,-0.793999850749969,0.568874478340149
61.1166853904724,1,-0.504627108573914,-0.551126956939697,0.14970026910305,0.0959687307476997,0.200596749782562,-0.793105483055115,0.567040264606476
61.1370091438293,1,-0.507287442684174,-0.552314579486847,0.151286497712135,0.0939980894327164,0.210940688848495,-0.792152285575867,0.564945340156555
61.1567463874817,1,-0.509193003177643,-0.555637121200562,0.152709454298019,0.0906374454498291,0.214244589209557,-0.792854309082031,0.563263952732086
61.1948659420013,1,-0.510086357593536,-0.558783113956451,0.153940930962563,0.0894633680582047,0.216418206691742,-0.794185876846313,0.560739040374756
61.2091491222382,1,-0.510916948318481,-0.561755239963531,0.155006930232048,0.0890945196151733,0.219650119543076,-0.79667067527771,0.555996298789978
61.2276678085327,1,-0.511651813983917,-0.564043998718262,0.156285971403122,0.0888528078794479,0.224442198872566,-0.798192501068115,0.551923751831055
61.2368354797363,1,-0.512471616268158,-0.565943241119385,0.157918468117714,0.0879096463322639,0.230214282870293,-0.799829065799713,0.547308743000031
61.2566137313843,1,-0.514653086662292,-0.568870604038239,0.15919055044651,0.0841221138834953,0.236827343702316,-0.804950833320618,0.537485301494598
61.2765142917633,1,-0.51614385843277,-0.571398198604584,0.160731047391891,0.0814958587288857,0.241671159863472,-0.807796776294708,0.531430006027222
61.3097937107086,1,-0.517379641532898,-0.573169827461243,0.162711665034294,0.0805057734251022,0.246241107583046,-0.808247566223145,0.528791189193726
61.3278930187225,1,-0.5183265209198,-0.574421405792236,0.164850056171417,0.0812543630599976,0.250374615192413,-0.806967914104462,0.528689861297607
61.3378076553345,1,-0.518696427345276,-0.576455354690552,0.166544526815414,0.0821453481912613,0.251373559236526,-0.805996954441071,0.529558658599854
61.3573229312897,1,-0.518871247768402,-0.577870726585388,0.168245390057564,0.0836198404431343,0.25355589389801,-0.80585128068924,0.528508245944977
61.3774242401123,1,-0.518820643424988,-0.5793696641922,0.170059069991112,0.0851446986198425,0.256177097558975,-0.806192338466644,0.526476502418518
61.4225168228149,1,-0.518358111381531,-0.580221712589264,0.17229899764061,0.0876165479421616,0.260106563568115,-0.805941939353943,0.524524092674255
61.4255800247192,1,-0.517341792583466,-0.580936253070831,0.174869045615196,0.0903615802526474,0.263317763805389,-0.805336594581604,0.523384749889374
61.4384055137634,1,-0.516201913356781,-0.581322550773621,0.177555054426193,0.09328693151474,0.266894698143005,-0.804889738559723,0.52174437046051
61.4567477703094,1,-0.514663934707642,-0.581703841686249,0.1799206584692,0.0969571843743324,0.269743323326111,-0.803782641887665,0.521316826343536
61.4772005081177,1,-0.512879133224487,-0.582261621952057,0.181758910417557,0.100399270653725,0.271232217550278,-0.803678631782532,0.520051777362823
61.4965422153473,1,-0.511143028736115,-0.58302366733551,0.183032542467117,0.102823227643967,0.271631270647049,-0.804510533809662,0.51807963848114
61.5185196399689,1,-0.51050066947937,-0.583543658256531,0.183973431587219,0.10310060530901,0.273575603961945,-0.805555462837219,0.515371024608612
61.5366694927216,1,-0.510590255260468,-0.583174407482147,0.184936448931694,0.10280354321003,0.277402073144913,-0.805630564689636,0.51326310634613
61.5863854885101,1,-0.510720431804657,-0.582394897937775,0.185760170221329,0.102051265537739,0.279625415802002,-0.804503321647644,0.513974487781525
61.590104341507,1,-0.510784149169922,-0.583743989467621,0.186115875840187,0.0990343168377876,0.275630265474319,-0.805446982383728,0.515243113040924
61.6017978191376,1,-0.511440694332123,-0.584240794181824,0.186734199523926,0.0970034375786781,0.274757087230682,-0.806534826755524,0.514393329620361
61.6162943840027,1,-0.512394368648529,-0.583235859870911,0.18803434073925,0.0969346687197685,0.278403460979462,-0.80682909488678,0.511978566646576
61.6368069648743,1,-0.513765513896942,-0.581312656402588,0.18970388174057,0.0969785004854202,0.28487554192543,-0.806786894798279,0.508464515209198
61.6570284366608,1,-0.515526711940765,-0.577892899513245,0.191798493266106,0.0988687723875046,0.296117305755615,-0.806500136852264,0.502092719078064
61.6945998668671,1,-0.517096817493439,-0.576193451881409,0.193259939551353,0.0979816243052483,0.301716327667236,-0.806956648826599,0.498184561729431
61.7006804943085,1,-0.517955183982849,-0.576614260673523,0.193764433264732,0.096425898373127,0.301098704338074,-0.806977093219757,0.498828321695328
61.7164278030396,1,-0.518363773822784,-0.576185584068298,0.194731026887894,0.0968415439128876,0.302544087171555,-0.806381106376648,0.498837053775787
61.7371542453766,1,-0.517850697040558,-0.574891030788422,0.196693301200867,0.1000010445714,0.305547684431076,-0.805534482002258,0.497749537229538
61.7571566104889,1,-0.517161309719086,-0.574199080467224,0.1987334638834,0.101562052965164,0.307391911745071,-0.805084764957428,0.497025281190872
61.7769863605499,1,-0.516246140003204,-0.574045181274414,0.200480088591576,0.102969884872437,0.308295339345932,-0.805326282978058,0.495782941579819
61.8287868499756,1,-0.515092194080353,-0.574095010757446,0.202092036604881,0.104525320231915,0.30930095911026,-0.804933726787567,0.49546867609024
61.8300592899323,1,-0.513953328132629,-0.574329137802124,0.204023480415344,0.106105133891106,0.311629205942154,-0.804247379302979,0.494787901639938
61.8427774906158,1,-0.512235224246979,-0.572547256946564,0.207067251205444,0.111496821045876,0.318502843379974,-0.801023006439209,0.494455814361572
61.8562278747559,1,-0.509182095527649,-0.570871293544769,0.209838256239891,0.118889778852463,0.324092775583267,-0.799229681491852,0.491996973752975
61.876373052597,1,-0.505058705806732,-0.571710407733917,0.21109701693058,0.124324522912502,0.322431802749634,-0.800139546394348,0.490263015031815
61.9036507606506,1,-0.499914884567261,-0.577448427677155,0.210093021392822,0.124718710780144,0.307762265205383,-0.806619465351105,0.48897123336792
61.9259431362152,1,-0.495012491941452,-0.580152094364166,0.209494665265083,0.12953282892704,0.300635784864426,-0.808969616889954,0.488269954919815
